name,state,district,category,lat,lng,image_url,image_attribution,source
Shikargah Kusak,Delhi,New Delhi,,28.603323,77.198151,,,"ASI monument register via Bhuvan (ISRO), collected by github.com/answerquest/asi-monuments-xml2csv"
Unknown Tomb in the vicinitty of Jawahar Lal Nehru Stadium,Delhi,South,Monument / Tomb,28.58133,77.231309,,,"ASI monument register via Bhuvan (ISRO), collected by github.com/answerquest/asi-monuments-xml2csv"
Jantar Mantar,Delhi,New Delhi,,28.627473,77.216701,,,"ASI monument register via Bhuvan (ISRO), collected by github.com/answerquest/asi-monuments-xml2csv"
"Humayun's tomb, its platforms",Delhi,South East,Monument / Tomb,28.593306,77.250726,,,"ASI monument register via Bhuvan (ISRO), collected by github.com/answerquest/asi-monuments-xml2csv"
"Humayun's tomb, its platforms, garden, enclosure walls and gateways Khasra No. 258 bounded on the east by Khasra No.180&181&244 of Miri Singh and on west by Kh. No. 268&253 on the north by Khasra No. 266, on the south by Kh No. 245 of Miri Singh & Kh. No",Delhi,South East,Monument / Tomb,28.592463,77.247118,,,"ASI monument register via Bhuvan (ISRO), collected by github.com/answerquest/asi-monuments-xml2csv"
"Unnamed tomb, Mohammad Pur Village",Delhi,South,Monument / Tomb,28.565007,77.187884,,,"ASI monument register via Bhuvan (ISRO), collected by github.com/answerquest/asi-monuments-xml2csv"
Tomb of Khan-i-Khana,Delhi,South East,Monument / Tomb,28.588039,77.247928,,,"ASI monument register via Bhuvan (ISRO), collected by github.com/answerquest/asi-monuments-xml2csv"
Sat pula,Delhi,South,,28.531588,77.223234,,,"ASI monument register via Bhuvan (ISRO), collected by github.com/answerquest/asi-monuments-xml2csv"
"Walls, gate and bastions of Adilabad (Mohammadabad) and causeway leading there to from Tughlakabad.",Delhi,South East,,28.505062,77.267324,,,"ASI monument register via Bhuvan (ISRO), collected by github.com/answerquest/asi-monuments-xml2csv"
Mosque attached to Mubarak shah Tomb,Delhi,South,Monument / Tomb,28.572319,77.222252,,,"ASI monument register via Bhuvan (ISRO), collected by github.com/answerquest/asi-monuments-xml2csv"
Sakri Gumti-284,Delhi,South,,28.55339,77.201352,,,"ASI monument register via Bhuvan (ISRO), collected by github.com/answerquest/asi-monuments-xml2csv"
"Tomb of Mubarik Shah in Mubarikpur, Kotla",Delhi,South,Monument / Tomb,28.572672,77.222978,,,"ASI monument register via Bhuvan (ISRO), collected by github.com/answerquest/asi-monuments-xml2csv"
"Salimgarh Fort, comprising the main gate on North, Ancient structure near the main gate and the entire fortification wall",Delhi,Central,Fort,28.660572,77.24339,,,"ASI monument register via Bhuvan (ISRO), collected by github.com/answerquest/asi-monuments-xml2csv"
Lakhar wala Gumbad (Tomb),Delhi,South East,Monument / Tomb,28.597956,77.243958,,,"ASI monument register via Bhuvan (ISRO), collected by github.com/answerquest/asi-monuments-xml2csv"
Sunderwala Burj,Delhi,South East,,28.596047,77.245409,,,"ASI monument register via Bhuvan (ISRO), collected by github.com/answerquest/asi-monuments-xml2csv"
Sunderwala Mahal,Delhi,South East,Palace / Haveli,28.596109,77.246537,,,"ASI monument register via Bhuvan (ISRO), collected by github.com/answerquest/asi-monuments-xml2csv"
"Tomb of Mirza Muzaffer,  Bara Batasha",Delhi,South East,Monument / Tomb,28.595797,77.249008,,,"ASI monument register via Bhuvan (ISRO), collected by github.com/answerquest/asi-monuments-xml2csv"
"Tomb of Mirza Muzaffer, Chota Batasha",Delhi,South East,Monument / Tomb,28.595969,77.249729,,,"ASI monument register via Bhuvan (ISRO), collected by github.com/answerquest/asi-monuments-xml2csv"
Unknown tomb,Delhi,South East,Monument / Tomb,28.595861,77.250536,,,"ASI monument register via Bhuvan (ISRO), collected by github.com/answerquest/asi-monuments-xml2csv"
Tomb of Ghaziuddin Khan,Delhi,Central,Monument / Tomb,28.645676,77.222052,,,"ASI monument register via Bhuvan (ISRO), collected by github.com/answerquest/asi-monuments-xml2csv"
Delhi Gate,Delhi,Central,,28.641172,77.240549,,,"ASI monument register via Bhuvan (ISRO), collected by github.com/answerquest/asi-monuments-xml2csv"
Ajmeri Gate,Delhi,Central,,28.646248,77.223984,,,"ASI monument register via Bhuvan (ISRO), collected by github.com/answerquest/asi-monuments-xml2csv"
Ashokan Pillar South of Hindu Rao Hospital,Delhi,North,,28.673858,77.211841,,,"ASI monument register via Bhuvan (ISRO), collected by github.com/answerquest/asi-monuments-xml2csv"
The Old Entrance Gateway of the Garden,Delhi,North,,28.670868,77.228597,,,"ASI monument register via Bhuvan (ISRO), collected by github.com/answerquest/asi-monuments-xml2csv"
Portion of City Wall near which Brigadier General Jhon Nicholson was mortally wounded on 14th Sept. 1857,Delhi,North,,28.661238,77.218474,,,"ASI monument register via Bhuvan (ISRO), collected by github.com/answerquest/asi-monuments-xml2csv"
Lal Bangla,Delhi,South East,,28.600364,77.238299,,,"ASI monument register via Bhuvan (ISRO), collected by github.com/answerquest/asi-monuments-xml2csv"
Dolmens in annavasal vattam,Tamil Nadu,Pudukkottai,,10.44483,78.717785,,,"ASI monument register via Bhuvan (ISRO), collected by github.com/answerquest/asi-monuments-xml2csv"
Dolmens in annavasal vattam,Tamil Nadu,Pudukkottai,,10.447881,78.718752,,,"ASI monument register via Bhuvan (ISRO), collected by github.com/answerquest/asi-monuments-xml2csv"
Prehistoric site,Tamil Nadu,Turicorin,,8.628476,77.871447,,,"ASI monument register via Bhuvan (ISRO), collected by github.com/answerquest/asi-monuments-xml2csv"
Hill Fort,Tamil Nadu,Krishnagiri,Fort,12.538223,78.212724,,,"ASI monument register via Bhuvan (ISRO), collected by github.com/answerquest/asi-monuments-xml2csv"
Rock-cut Vishnu shrine called Samanar Kudagu with structural moulded plinth in front,Tamil Nadu,Pudukkottai,Temple,10.505148,78.756336,,,"ASI monument register via Bhuvan (ISRO), collected by github.com/answerquest/asi-monuments-xml2csv"
Amman Kovil,Tamil Nadu,Pudukkottai,Temple,10.513097,78.767245,,,"ASI monument register via Bhuvan (ISRO), collected by github.com/answerquest/asi-monuments-xml2csv"
Rock-cut Siva Temple called Paliyili Iswaran with structuralmoulded plinth in front,Tamil Nadu,Pudukkottai,Temple,10.513479,78.767462,,,"ASI monument register via Bhuvan (ISRO), collected by github.com/answerquest/asi-monuments-xml2csv"
Megalithic cists and cairns,Tamil Nadu,Tiruvallur,,13.480594,80.000806,,,"ASI monument register via Bhuvan (ISRO), collected by github.com/answerquest/asi-monuments-xml2csv"
"Jain idol, two Durga idols, one Vishnu idol and inscribed stone slab",Tamil Nadu,Pudukkottai,Temple,10.579191,78.80644,,,"ASI monument register via Bhuvan (ISRO), collected by github.com/answerquest/asi-monuments-xml2csv"
(1) Jain Tirthankara image in Sighasana posture lying in bas-relief on a slab(2) Remains of the temple(3)Ganesa image; and(4) Nandi with inscriptions on the basement and the surrounding portions in the Karuppar hill,Tamil Nadu,Pudukkottai,Temple,10.384556,78.751715,,,"ASI monument register via Bhuvan (ISRO), collected by github.com/answerquest/asi-monuments-xml2csv"
Jain Tirthankara image,Tamil Nadu,Pudukkottai,,10.639976,78.813976,,,"ASI monument register via Bhuvan (ISRO), collected by github.com/answerquest/asi-monuments-xml2csv"
Jain image and the surrounding Temple site locally called Mottai Pillaiyarkoil,Tamil Nadu,Pudukkottai,Temple,10.469676,78.840849,,,"ASI monument register via Bhuvan (ISRO), collected by github.com/answerquest/asi-monuments-xml2csv"
Rock cut Pallava Temple,Tamil Nadu,Villupuram,Temple,12.167688,79.468259,,,"ASI monument register via Bhuvan (ISRO), collected by github.com/answerquest/asi-monuments-xml2csv"
Fort and Temples on the hill,Tamil Nadu,Salem,Fort,11.4796,77.857958,,,"ASI monument register via Bhuvan (ISRO), collected by github.com/answerquest/asi-monuments-xml2csv"
Prehistoric settlement site-megalithic period,Tamil Nadu,Tiruvallur,,13.162683,80.198943,,,"ASI monument register via Bhuvan (ISRO), collected by github.com/answerquest/asi-monuments-xml2csv"
Megalithic cists and cairns,Tamil Nadu,Kanchipuram,,12.929471,80.165909,,,"ASI monument register via Bhuvan (ISRO), collected by github.com/answerquest/asi-monuments-xml2csv"
Two Unfinished Excavations Near The Light House,Tamil Nadu,Kanchipuram,,12.617125,80.191673,,,"ASI monument register via Bhuvan (ISRO), collected by github.com/answerquest/asi-monuments-xml2csv"
Adjoining Building to the masjid and two ponds,Tamil Nadu,Vellore,,12.901008,79.335367,,,"ASI monument register via Bhuvan (ISRO), collected by github.com/answerquest/asi-monuments-xml2csv"
Small Monolithic Temples known as Valiankuttai Ratha (unfinished),Tamil Nadu,Kanchipuram,,12.620233,80.18762,,,"ASI monument register via Bhuvan (ISRO), collected by github.com/answerquest/asi-monuments-xml2csv"
Two small monolithic Temples known as the Pidari Amman Ratha (unfinished),Tamil Nadu,Kanchipuram,,12.619636,80.187621,,,"ASI monument register via Bhuvan (ISRO), collected by github.com/answerquest/asi-monuments-xml2csv"
Remains of the Fort with the Buildings thereon,Tamil Nadu,Salem,Fort,11.602484,78.598773,,,"ASI monument register via Bhuvan (ISRO), collected by github.com/answerquest/asi-monuments-xml2csv"
Remains of the Fort with the Buildings thereon,Tamil Nadu,Salem,Fort,11.602259,78.599459,,,"ASI monument register via Bhuvan (ISRO), collected by github.com/answerquest/asi-monuments-xml2csv"
Remains of the Fort with the Buildings thereon,Tamil Nadu,Salem,Fort,11.602241,78.601266,,,"ASI monument register via Bhuvan (ISRO), collected by github.com/answerquest/asi-monuments-xml2csv"
Megalithic cists and cairns,Tamil Nadu,Kanchipuram,,12.551718,79.912908,,,"ASI monument register via Bhuvan (ISRO), collected by github.com/answerquest/asi-monuments-xml2csv"
Megalithic cists and cairns with stone circles,Tamil Nadu,Kanchipuram,,12.945072,80.07176,,,"ASI monument register via Bhuvan (ISRO), collected by github.com/answerquest/asi-monuments-xml2csv"
Cairns in the rf at the foot of perambair hills.,Tamil Nadu,Kanchipuram,,12.375222,79.784714,,,"ASI monument register via Bhuvan (ISRO), collected by github.com/answerquest/asi-monuments-xml2csv"
Urn burial site,Tamil Nadu,Villupuram,,12.022599,79.655832,,,"ASI monument register via Bhuvan (ISRO), collected by github.com/answerquest/asi-monuments-xml2csv"
Megalithic cists and cairns,Tamil Nadu,Kanchipuram,,12.723313,79.976057,,,"ASI monument register via Bhuvan (ISRO), collected by github.com/answerquest/asi-monuments-xml2csv"
Urn burials,Tamil Nadu,Kanchipuram,,12.691592,80.159309,,,"ASI monument register via Bhuvan (ISRO), collected by github.com/answerquest/asi-monuments-xml2csv"
Megalithic cists and cairns,Tamil Nadu,Kanchipuram,,12.668572,79.974679,,,"ASI monument register via Bhuvan (ISRO), collected by github.com/answerquest/asi-monuments-xml2csv"
Megalithic cists and cairns,Tamil Nadu,Kanchipuram,,12.730265,79.990376,,,"ASI monument register via Bhuvan (ISRO), collected by github.com/answerquest/asi-monuments-xml2csv"
Megalithic cists and cairns,Tamil Nadu,Kanchipuram,,12.802656,79.917972,,,"ASI monument register via Bhuvan (ISRO), collected by github.com/answerquest/asi-monuments-xml2csv"
Urn burial and megalithic site,Tamil Nadu,Kanchipuram,,13.005744,80.193251,,,"ASI monument register via Bhuvan (ISRO), collected by github.com/answerquest/asi-monuments-xml2csv"
Megalithic cists and cairns,Tamil Nadu,Kanchipuram,,12.954645,79.907459,,,"ASI monument register via Bhuvan (ISRO), collected by github.com/answerquest/asi-monuments-xml2csv"
Megalithic cists and cairns,Tamil Nadu,Kanchipuram,,12.804456,80.231254,,,"ASI monument register via Bhuvan (ISRO), collected by github.com/answerquest/asi-monuments-xml2csv"
Megalithic cists and cairns,Tamil Nadu,Kanchipuram,,12.861952,80.190407,,,"ASI monument register via Bhuvan (ISRO), collected by github.com/answerquest/asi-monuments-xml2csv"
Megalithic cists and cairns,Tamil Nadu,Tiruvallur,,13.164661,80.152286,,,"ASI monument register via Bhuvan (ISRO), collected by github.com/answerquest/asi-monuments-xml2csv"
Megalithic cists and cairns,Tamil Nadu,Kanchipuram,,12.973121,80.171215,,,"ASI monument register via Bhuvan (ISRO), collected by github.com/answerquest/asi-monuments-xml2csv"
Megalithic cists and cairns,Tamil Nadu,Kanchipuram,,12.506579,79.83799,,,"ASI monument register via Bhuvan (ISRO), collected by github.com/answerquest/asi-monuments-xml2csv"
Megalithic cists and cairns,Tamil Nadu,Kanchipuram,,12.726735,80.187011,,,"ASI monument register via Bhuvan (ISRO), collected by github.com/answerquest/asi-monuments-xml2csv"
Megalithic cist,Tamil Nadu,Kanchipuram,,12.833754,80.054091,,,"ASI monument register via Bhuvan (ISRO), collected by github.com/answerquest/asi-monuments-xml2csv"
Megalithic cists and cairns with stone circles,Tamil Nadu,Kanchipuram,,12.854096,80.189856,,,"ASI monument register via Bhuvan (ISRO), collected by github.com/answerquest/asi-monuments-xml2csv"
Megalithic cists and cairns,Tamil Nadu,Kanchipuram,,12.662545,79.977828,,,"ASI monument register via Bhuvan (ISRO), collected by github.com/answerquest/asi-monuments-xml2csv"
Megalithic cists and cairns bounded with stone circles,Tamil Nadu,Kanchipuram,,12.713122,79.977857,,,"ASI monument register via Bhuvan (ISRO), collected by github.com/answerquest/asi-monuments-xml2csv"
Megalithic cists circumscribed by stone circles,Tamil Nadu,Kanchipuram,,12.722134,79.98223,,,"ASI monument register via Bhuvan (ISRO), collected by github.com/answerquest/asi-monuments-xml2csv"
Megalithic cists circumscribed by stone circles,Tamil Nadu,Kanchipuram,,12.723669,79.980748,,,"ASI monument register via Bhuvan (ISRO), collected by github.com/answerquest/asi-monuments-xml2csv"
Megalithic cists and cairns intact with stone circles.,Tamil Nadu,Kanchipuram,,12.744985,79.97175,,,"ASI monument register via Bhuvan (ISRO), collected by github.com/answerquest/asi-monuments-xml2csv"
Megalithic cists and cairns,Tamil Nadu,Kanchipuram,,12.667308,80.141144,,,"ASI monument register via Bhuvan (ISRO), collected by github.com/answerquest/asi-monuments-xml2csv"
Megalithic cists and cairns,Tamil Nadu,Kanchipuram,,12.884976,80.190338,,,"ASI monument register via Bhuvan (ISRO), collected by github.com/answerquest/asi-monuments-xml2csv"
Megalithic cists and cairns,Tamil Nadu,Kanchipuram,,12.768006,80.10781,,,"ASI monument register via Bhuvan (ISRO), collected by github.com/answerquest/asi-monuments-xml2csv"
Megalithic cists and cairns,Tamil Nadu,Kanchipuram,,12.786018,79.914619,,,"ASI monument register via Bhuvan (ISRO), collected by github.com/answerquest/asi-monuments-xml2csv"
Cairns in the rf at the foot of perambair hills.,Tamil Nadu,Kanchipuram,,12.378278,79.787318,,,"ASI monument register via Bhuvan (ISRO), collected by github.com/answerquest/asi-monuments-xml2csv"
Chromlechs,Tamil Nadu,Kanchipuram,,12.385744,79.789093,,,"ASI monument register via Bhuvan (ISRO), collected by github.com/answerquest/asi-monuments-xml2csv"
Megalithic cists and cairns,Tamil Nadu,Kanchipuram,,12.662714,79.976015,,,"ASI monument register via Bhuvan (ISRO), collected by github.com/answerquest/asi-monuments-xml2csv"
Megalithic cairns with stone circles and sarvophagi,Tamil Nadu,Kanchipuram,,13.014021,80.102338,,,"ASI monument register via Bhuvan (ISRO), collected by github.com/answerquest/asi-monuments-xml2csv"
Group of cairns,Tamil Nadu,Kanchipuram,,12.943147,80.125155,,,"ASI monument register via Bhuvan (ISRO), collected by github.com/answerquest/asi-monuments-xml2csv"
Megalithic cists and cairns,Tamil Nadu,Kanchipuram,,12.730848,80.187694,,,"ASI monument register via Bhuvan (ISRO), collected by github.com/answerquest/asi-monuments-xml2csv"
Seven Kos Minars on old Badshahi highway form Delhi to Lahore,Punjab,Jalandhar,,31.075834,75.649703,,,"ASI monument register via Bhuvan (ISRO), collected by github.com/answerquest/asi-monuments-xml2csv"
Seven Kos Minars on old Badshahi highway form Delhi to Lahore,Punjab,Jalandhar,,31.149675,75.443926,,,"ASI monument register via Bhuvan (ISRO), collected by github.com/answerquest/asi-monuments-xml2csv"
Seven Kos Minars on old Badshahi highway form Delhi to Lahore,Punjab,Jalandhar,,31.09914,75.564213,,,"ASI monument register via Bhuvan (ISRO), collected by github.com/answerquest/asi-monuments-xml2csv"
Mughal Bridge,Punjab,Jalandhar,,31.171666,75.416333,,,"ASI monument register via Bhuvan (ISRO), collected by github.com/answerquest/asi-monuments-xml2csv"
Sarai Including Gateway,Punjab,Jalandhar,,31.172393,75.411536,,,"ASI monument register via Bhuvan (ISRO), collected by github.com/answerquest/asi-monuments-xml2csv"
"Mughal Kos Minar, Three Miles of north-west of Dakhni Sarai",Punjab,Jalandhar,,31.184514,75.362002,,,"ASI monument register via Bhuvan (ISRO), collected by github.com/answerquest/asi-monuments-xml2csv"
Theh Gatti (Mound),Punjab,Jalandhar,,31.040166,75.835166,,,"ASI monument register via Bhuvan (ISRO), collected by github.com/answerquest/asi-monuments-xml2csv"
"The tomb, viz. the first octagonal and known as the tomb of Mohammad Momin, the âUstadâ, now empty, and the other square and known as the tomb of Haji Jamal, his pupil; the latter, contains 5 grav",Punjab,Jalandhar,Monument / Tomb,31.12738,75.474533,,,"ASI monument register via Bhuvan (ISRO), collected by github.com/answerquest/asi-monuments-xml2csv"
Sarai including gateway,Punjab,Jalandhar,,31.092833,75.594333,,,"ASI monument register via Bhuvan (ISRO), collected by github.com/answerquest/asi-monuments-xml2csv"
Ancient Mound,Punjab,Jalandhar,,31.031333,75.849333,,,"ASI monument register via Bhuvan (ISRO), collected by github.com/answerquest/asi-monuments-xml2csv"
Maharaja Ranjit Singh Fort at Phillar,Punjab,Jalandhar,Fort,31.011226,75.789412,,,"ASI monument register via Bhuvan (ISRO), collected by github.com/answerquest/asi-monuments-xml2csv"
Kos Minar near the village of Rajputan,Punjab,Ludhiana,,30.732818,76.11955,,,"ASI monument register via Bhuvan (ISRO), collected by github.com/answerquest/asi-monuments-xml2csv"
Kos Minar near the Sarai of Lashkari Khan,Punjab,Ludhiana,,30.757651,76.0854,,,"ASI monument register via Bhuvan (ISRO), collected by github.com/answerquest/asi-monuments-xml2csv"
Kos Minar about one mile east of Ludhiana,Punjab,Ludhiana,,30.905657,75.881248,,,"ASI monument register via Bhuvan (ISRO), collected by github.com/answerquest/asi-monuments-xml2csv"
Ancient Site of Sunet,Punjab,Ludhiana,,30.883666,75.806,,,"ASI monument register via Bhuvan (ISRO), collected by github.com/answerquest/asi-monuments-xml2csv"
Kos Minar near the village of Sunnahwal,Punjab,Ludhiana,,30.835807,75.985967,,,"ASI monument register via Bhuvan (ISRO), collected by github.com/answerquest/asi-monuments-xml2csv"
Mound near collage compound,Punjab,Ropar,,30.9715,76.523666,,,"ASI monument register via Bhuvan (ISRO), collected by github.com/answerquest/asi-monuments-xml2csv"
Ram bagh gate,Punjab,Amritsar,,31.63635,74.878785,,,"ASI monument register via Bhuvan (ISRO), collected by github.com/answerquest/asi-monuments-xml2csv"
Megalithic cists and cairns,Tamil Nadu,Kanchipuram,,12.787834,79.91697,,,"ASI monument register via Bhuvan (ISRO), collected by github.com/answerquest/asi-monuments-xml2csv"
Megalithic cists and cairns,Tamil Nadu,Kanchipuram,,12.770909,79.960037,,,"ASI monument register via Bhuvan (ISRO), collected by github.com/answerquest/asi-monuments-xml2csv"
Megalithic cists and cairns,Tamil Nadu,Kanchipuram,,12.670965,80.12707,,,"ASI monument register via Bhuvan (ISRO), collected by github.com/answerquest/asi-monuments-xml2csv"
Megalithic cists and cairns with stone circles,Tamil Nadu,Kanchipuram,,12.888203,79.893307,,,"ASI monument register via Bhuvan (ISRO), collected by github.com/answerquest/asi-monuments-xml2csv"
Megalithic cists and cairns with stone circles,Tamil Nadu,Kanchipuram,,12.888148,79.893993,,,"ASI monument register via Bhuvan (ISRO), collected by github.com/answerquest/asi-monuments-xml2csv"
Megalithic cists and cairns with stone circles,Tamil Nadu,Kanchipuram,,12.887533,79.895257,,,"ASI monument register via Bhuvan (ISRO), collected by github.com/answerquest/asi-monuments-xml2csv"
Prehistoric site,Tamil Nadu,Turicorin,,8.632352,77.877422,,,"ASI monument register via Bhuvan (ISRO), collected by github.com/answerquest/asi-monuments-xml2csv"
Prehistoric site,Tamil Nadu,Turicorin,,8.629152,77.874678,,,"ASI monument register via Bhuvan (ISRO), collected by github.com/answerquest/asi-monuments-xml2csv"
Kailasanatha Temple,Tamil Nadu,Pudukkottai,Temple,10.456727,78.792998,,,"ASI monument register via Bhuvan (ISRO), collected by github.com/answerquest/asi-monuments-xml2csv"
Natural cavern called Andarmatam,Tamil Nadu,Pudukkottai,,10.335981,78.588446,,,"ASI monument register via Bhuvan (ISRO), collected by github.com/answerquest/asi-monuments-xml2csv"
Cavern on the western side of the Kudumiamalai temple hill,Tamil Nadu,Pudukkottai,Temple,10.415917,78.65756,,,"ASI monument register via Bhuvan (ISRO), collected by github.com/answerquest/asi-monuments-xml2csv"
Musical Inscriptions,Tamil Nadu,Pudukkottai,,10.416217,78.658481,,,"ASI monument register via Bhuvan (ISRO), collected by github.com/answerquest/asi-monuments-xml2csv"
Rock-cut shrine called Melakkovil with mantapam in front,Tamil Nadu,Pudukkottai,,10.416453,78.658623,,,"ASI monument register via Bhuvan (ISRO), collected by github.com/answerquest/asi-monuments-xml2csv"
Sikhanathaswami temple,Tamil Nadu,Pudukkottai,Temple,10.41641,78.659294,,,"ASI monument register via Bhuvan (ISRO), collected by github.com/answerquest/asi-monuments-xml2csv"
Jain tirthankara image and inscribed stone slab,Tamil Nadu,Pudukkottai,,10.561456,78.991286,,,"ASI monument register via Bhuvan (ISRO), collected by github.com/answerquest/asi-monuments-xml2csv"
Cave in Sittharmalai,Tamil Nadu,Madurai,,10.074225,77.845213,,,"ASI monument register via Bhuvan (ISRO), collected by github.com/answerquest/asi-monuments-xml2csv"
Mandapakkadu (Structure with mound),Tamil Nadu,Coimbatore,,10.948218,77.051277,,,"ASI monument register via Bhuvan (ISRO), collected by github.com/answerquest/asi-monuments-xml2csv"
Mosque with its dalans and courtyard and the Bara Gumbaz Mosque,Delhi,New Delhi,,28.593048,77.220364,,,"ASI monument register via Bhuvan (ISRO), collected by github.com/answerquest/asi-monuments-xml2csv"
"Tomb of Sikander Lodi with its enclosure wall and bastions, gates & compound",Delhi,New Delhi,Monument / Tomb,28.596297,77.221546,,,"ASI monument register via Bhuvan (ISRO), collected by github.com/answerquest/asi-monuments-xml2csv"
"Mazar of Shaikh Nabi Karim Muhammad Ibrahim Zauq, Nabi Karim, Paharganj",Delhi,Central,Monument / Tomb,28.648371,77.214106,,,"ASI monument register via Bhuvan (ISRO), collected by github.com/answerquest/asi-monuments-xml2csv"
"Portion of the City Wall of Shahajanabad, near Delhi Gate",Delhi,Central,,28.640912,77.243758,,,"ASI monument register via Bhuvan (ISRO), collected by github.com/answerquest/asi-monuments-xml2csv"
Ashoka'a pillar on Bridge at Firozabad,Delhi,Central,,28.635765,77.245389,,,"ASI monument register via Bhuvan (ISRO), collected by github.com/answerquest/asi-monuments-xml2csv"
Mutiny telegraph Memorial,Delhi,North,,28.66234,77.23422,,,"ASI monument register via Bhuvan (ISRO), collected by github.com/answerquest/asi-monuments-xml2csv"
Tomb of Razya Begum in Mohalla Bulbuli Khana,Delhi,Central,Monument / Tomb,28.64497,77.231777,,,"ASI monument register via Bhuvan (ISRO), collected by github.com/answerquest/asi-monuments-xml2csv"
"The Pirghaib. To the north of and near Hindu Rao's House on the ridge, Delhi",Delhi,North,,28.676435,77.213274,,,"ASI monument register via Bhuvan (ISRO), collected by github.com/answerquest/asi-monuments-xml2csv"
Flag  Staff Tower,Delhi,North,,28.687912,77.218164,,,"ASI monument register via Bhuvan (ISRO), collected by github.com/answerquest/asi-monuments-xml2csv"
D’Eremao Cemetery,Delhi,North,,28.66495,77.196835,,,"ASI monument register via Bhuvan (ISRO), collected by github.com/answerquest/asi-monuments-xml2csv"
"Lal Darwaza, the northern gate of the outer walls of the Delhi of Shershah.",Delhi,Central,,28.635897,77.241002,,,"ASI monument register via Bhuvan (ISRO), collected by github.com/answerquest/asi-monuments-xml2csv"
Lothian Road Cemetery,Delhi,North,,28.661354,77.236313,,,"ASI monument register via Bhuvan (ISRO), collected by github.com/answerquest/asi-monuments-xml2csv"
"Chauburji, situated between mosque, the Flag Staff  and Hindu Rao’s House on Ridge, Delhi",Delhi,North,,28.681568,77.215242,,,"ASI monument register via Bhuvan (ISRO), collected by github.com/answerquest/asi-monuments-xml2csv"
Gateways of Badli-Ki-Sarai,Delhi,North West,,28.719306,77.167233,,,"ASI monument register via Bhuvan (ISRO), collected by github.com/answerquest/asi-monuments-xml2csv"
Gateways of Badli-Ki-Sarai,Delhi,North West,,28.718661,77.167834,,,"ASI monument register via Bhuvan (ISRO), collected by github.com/answerquest/asi-monuments-xml2csv"
Site of Siege battery Known as the Sammy House Battery.,Delhi,North,,28.670293,77.213571,,,"ASI monument register via Bhuvan (ISRO), collected by github.com/answerquest/asi-monuments-xml2csv"
Khair-ul-Manazil,Delhi,New Delhi,,28.607509,77.239593,,,"ASI monument register via Bhuvan (ISRO), collected by github.com/answerquest/asi-monuments-xml2csv"
Marble Tomb reputed to be that of Nawab Bahadur Jawid Khan in Village of Aliganj,Delhi,South,Monument / Tomb,28.580845,77.216185,,,"ASI monument register via Bhuvan (ISRO), collected by github.com/answerquest/asi-monuments-xml2csv"
Old Baoli immediately to the west of Hindu Rao's House.,Delhi,North,Stepwell / Baoli,28.67602,77.21226,,,"ASI monument register via Bhuvan (ISRO), collected by github.com/answerquest/asi-monuments-xml2csv"
FORT,Rajasthan,JODHPUR,Fort,26.353889,73.031944,,,"ASI monument register via Bhuvan (ISRO), collected by github.com/answerquest/asi-monuments-xml2csv"
Summer Palace of Maharaja Ranjit Singh,Punjab,Amritsar,Palace / Haveli,31.637666,74.877166,,,"ASI monument register via Bhuvan (ISRO), collected by github.com/answerquest/asi-monuments-xml2csv"
Gateway of the old Sarai Akbar or Jahangir,Punjab,Taran Taran,,31.510666,74.692823,,,"ASI monument register via Bhuvan (ISRO), collected by github.com/answerquest/asi-monuments-xml2csv"
Gateway of the old Sarai Akbar or Jahangir,Punjab,Taran Taran,,31.38,75.100333,,,"ASI monument register via Bhuvan (ISRO), collected by github.com/answerquest/asi-monuments-xml2csv"
Bhatinda Fort,Punjab,Bhatinda,Fort,30.208,74.937166,,,"ASI monument register via Bhuvan (ISRO), collected by github.com/answerquest/asi-monuments-xml2csv"
Ancient site and Buddhist Stupa,Punjab,Fatehgarh Sahib,,30.789438,76.391834,,,"ASI monument register via Bhuvan (ISRO), collected by github.com/answerquest/asi-monuments-xml2csv"
Ancient Buddhist Stupa (SGL-11),Punjab,Fatehgarh Sahib,,30.793116,76.395266,,,"ASI monument register via Bhuvan (ISRO), collected by github.com/answerquest/asi-monuments-xml2csv"
The mound about 60 feet high known as Mud fort situated in field No.1787/1/1,Punjab,Fazilka,Fort,30.155,74.202833,,,"ASI monument register via Bhuvan (ISRO), collected by github.com/answerquest/asi-monuments-xml2csv"
"Baradari, generally known as Anarkali",Punjab,Gurdaspur,,31.814166,75.2125,,,"ASI monument register via Bhuvan (ISRO), collected by github.com/answerquest/asi-monuments-xml2csv"
Shamsher Khan's Tomb,Punjab,Gurdaspur,Monument / Tomb,31.812,75.213166,,,"ASI monument register via Bhuvan (ISRO), collected by github.com/answerquest/asi-monuments-xml2csv"
Takht-i-Akbari,Punjab,Gurdaspur,,32.018,75.164553,,,"ASI monument register via Bhuvan (ISRO), collected by github.com/answerquest/asi-monuments-xml2csv"
Seven Kos Minars on old Badshahi highway form Delhi to Lahore,Punjab,Jalandhar,,31.113962,75.520936,,,"ASI monument register via Bhuvan (ISRO), collected by github.com/answerquest/asi-monuments-xml2csv"
Seven Kos Minars on old Badshahi highway form Delhi to Lahore,Punjab,Jalandhar,,31.088113,75.607064,,,"ASI monument register via Bhuvan (ISRO), collected by github.com/answerquest/asi-monuments-xml2csv"
Seven Kos Minars on old Badshahi highway form Delhi to Lahore,Punjab,Jalandhar,,31.173687,75.406469,,,"ASI monument register via Bhuvan (ISRO), collected by github.com/answerquest/asi-monuments-xml2csv"
Seven Kos Minars on old Badshahi highway form Delhi to Lahore,Punjab,Jalandhar,,31.12753,75.47905,,,"ASI monument register via Bhuvan (ISRO), collected by github.com/answerquest/asi-monuments-xml2csv"
Rajpur (Mutiny cemetery),Delhi,North,,28.691775,77.206409,,,"ASI monument register via Bhuvan (ISRO), collected by github.com/answerquest/asi-monuments-xml2csv"
Kos Minar,Delhi,New Delhi,,28.602408,77.245498,,,"ASI monument register via Bhuvan (ISRO), collected by github.com/answerquest/asi-monuments-xml2csv"
The Mosque,Delhi,North,,28.670546,77.230684,,,"ASI monument register via Bhuvan (ISRO), collected by github.com/answerquest/asi-monuments-xml2csv"
Sheesh Mahal,Delhi,North West,Palace / Haveli,28.720468,77.154353,,,"ASI monument register via Bhuvan (ISRO), collected by github.com/answerquest/asi-monuments-xml2csv"
Tripolia Gateways,Delhi,North,,28.687163,77.194232,,,"ASI monument register via Bhuvan (ISRO), collected by github.com/answerquest/asi-monuments-xml2csv"
Tripolia Gateways,Delhi,North,,28.685365,77.195857,,,"ASI monument register via Bhuvan (ISRO), collected by github.com/answerquest/asi-monuments-xml2csv"
Tomb of Roshanara & Baradari,Delhi,North,Monument / Tomb,28.673612,77.200267,,,"ASI monument register via Bhuvan (ISRO), collected by github.com/answerquest/asi-monuments-xml2csv"
The Punjabi gate in the Roshanara bagh,Delhi,North,,28.673608,77.201666,,,"ASI monument register via Bhuvan (ISRO), collected by github.com/answerquest/asi-monuments-xml2csv"
The remaining gateways of old magazine with their adjoining building - A,Delhi,North,,28.662095,77.234551,,,"ASI monument register via Bhuvan (ISRO), collected by github.com/answerquest/asi-monuments-xml2csv"
The remaining gateways of old magazine with their adjoinimg building - B,Delhi,North,,28.661409,77.235562,,,"ASI monument register via Bhuvan (ISRO), collected by github.com/answerquest/asi-monuments-xml2csv"
Uggar Sain's Baoli,Delhi,New Delhi,Stepwell / Baoli,28.625862,77.225015,,,"ASI monument register via Bhuvan (ISRO), collected by github.com/answerquest/asi-monuments-xml2csv"
Shershah gate,Delhi,New Delhi,,28.608212,77.239551,,,"ASI monument register via Bhuvan (ISRO), collected by github.com/answerquest/asi-monuments-xml2csv"
Purana Quila,Delhi,New Delhi,,28.610767,77.242621,,,"ASI monument register via Bhuvan (ISRO), collected by github.com/answerquest/asi-monuments-xml2csv"
The tomb of Mohammed Shah known as Mubarak Khan- Ka-Gumbaz,Delhi,New Delhi,Monument / Tomb,28.590946,77.218292,,,"ASI monument register via Bhuvan (ISRO), collected by github.com/answerquest/asi-monuments-xml2csv"
Remainig Gateways of Arab Sarai and of Abadi-Bagh-Buhalima,Delhi,South East,,28.591196,77.246044,,,"ASI monument register via Bhuvan (ISRO), collected by github.com/answerquest/asi-monuments-xml2csv"
Ruined Forts of Samudra Gupta &Hansa Gupta,Uttar Pradesh,Allahabad,,25.42601,81.900134,,,"ASI monument register via Bhuvan (ISRO), collected by github.com/answerquest/asi-monuments-xml2csv"
Cave known as Sita-ki-Rasoi,Uttar Pradesh,Allahabad,,25.30677,81.79934,,,"ASI monument register via Bhuvan (ISRO), collected by github.com/answerquest/asi-monuments-xml2csv"
Lord Cornwallis tomb,Uttar Pradesh,Ghazipur,Monument / Tomb,25.558761,83.545725,,,"ASI monument register via Bhuvan (ISRO), collected by github.com/answerquest/asi-monuments-xml2csv"
Extensive mound called HatgauhaDih,Uttar Pradesh,Allahabad,,25.536434,81.806315,,,"ASI monument register via Bhuvan (ISRO), collected by github.com/answerquest/asi-monuments-xml2csv"
Garhwa Fort,Uttar Pradesh,Allahabad,Fort,25.22582,81.585866,,,"ASI monument register via Bhuvan (ISRO), collected by github.com/answerquest/asi-monuments-xml2csv"
Large mound called Surya Bhita,Uttar Pradesh,Allahabad,,25.593417,81.642781,,,"ASI monument register via Bhuvan (ISRO), collected by github.com/answerquest/asi-monuments-xml2csv"
Old Nawabi Mosque.,Uttar Pradesh,Ambedkar Nagar,,26.42178,82.537527,,,"ASI monument register via Bhuvan (ISRO), collected by github.com/answerquest/asi-monuments-xml2csv"
Monuments of Captains Wilsons and Jones,Uttar Pradesh,Azamgarh,,26.057372,83.184786,,,"ASI monument register via Bhuvan (ISRO), collected by github.com/answerquest/asi-monuments-xml2csv"
Old British Cemetery,Uttar Pradesh,Azamgarh,,26.077726,83.189901,,,"ASI monument register via Bhuvan (ISRO), collected by github.com/answerquest/asi-monuments-xml2csv"
Ancient site called Garhwa-ka-Kot or Rajbhar-ka-Kot,Uttar Pradesh,Azamgarh,,25.95789,83.349552,,,"ASI monument register via Bhuvan (ISRO), collected by github.com/answerquest/asi-monuments-xml2csv"
Ancient site,Uttar Pradesh,Azamgarh,,25.9589,83.344847,,,"ASI monument register via Bhuvan (ISRO), collected by github.com/answerquest/asi-monuments-xml2csv"
Tomb of Abhiman,Uttar Pradesh,Azamgarh,Monument / Tomb,25.883,83.116668,,,"ASI monument register via Bhuvan (ISRO), collected by github.com/answerquest/asi-monuments-xml2csv"
Inscribed stone pillar,Uttar Pradesh,Azamgarh,,25.76026,83.144604,,,"ASI monument register via Bhuvan (ISRO), collected by github.com/answerquest/asi-monuments-xml2csv"
A banyan grove containing traces of ancient building,Uttar Pradesh,Ballia,,25.80245,83.807125,,,"ASI monument register via Bhuvan (ISRO), collected by github.com/answerquest/asi-monuments-xml2csv"
Ancient site consisting of ruined fort,Uttar Pradesh,Chandauli,Fort,25.453749,83.253559,,,"ASI monument register via Bhuvan (ISRO), collected by github.com/answerquest/asi-monuments-xml2csv"
Long mound,Uttar Pradesh,Chandauli,,25.453002,83.253961,,,"ASI monument register via Bhuvan (ISRO), collected by github.com/answerquest/asi-monuments-xml2csv"
Small conical mound of ruins called Devi-ka-Sthan,Uttar Pradesh,Chandauli,Temple,25.45212,83.252599,,,"ASI monument register via Bhuvan (ISRO), collected by github.com/answerquest/asi-monuments-xml2csv"
Large mound of brick ruins,Uttar Pradesh,Chandauli,,25.450309,83.349005,,,"ASI monument register via Bhuvan (ISRO), collected by github.com/answerquest/asi-monuments-xml2csv"
Old ruined Kot,Uttar Pradesh,Chandauli,,25.393749,83.347161,,,"ASI monument register via Bhuvan (ISRO), collected by github.com/answerquest/asi-monuments-xml2csv"
Mound representing the ancient Sukalpura,Uttar Pradesh,Chandauli,,25.042933,83.190017,,,"ASI monument register via Bhuvan (ISRO), collected by github.com/answerquest/asi-monuments-xml2csv"
Inscribed monolith,Uttar Pradesh,Deoria,,26.16741,83.869863,,,"ASI monument register via Bhuvan (ISRO), collected by github.com/answerquest/asi-monuments-xml2csv"
An Inscribed stone pillar,Uttar Pradesh,Deoria,,26.269329,83.854602,,,"ASI monument register via Bhuvan (ISRO), collected by github.com/answerquest/asi-monuments-xml2csv"
Two ruined temples,Uttar Pradesh,Deoria,,26.268791,83.85651,,,"ASI monument register via Bhuvan (ISRO), collected by github.com/answerquest/asi-monuments-xml2csv"
Long low mound of ruins,Uttar Pradesh,Deoria,,26.396065,83.855513,,,"ASI monument register via Bhuvan (ISRO), collected by github.com/answerquest/asi-monuments-xml2csv"
Ancient site,Uttar Pradesh,Deoria,,26.387469,83.861278,,,"ASI monument register via Bhuvan (ISRO), collected by github.com/answerquest/asi-monuments-xml2csv"
Ancient site,Uttar Pradesh,Deoria,,26.461842,83.608632,,,"ASI monument register via Bhuvan (ISRO), collected by github.com/answerquest/asi-monuments-xml2csv"
High square shaped mound,Uttar Pradesh,Deoria,,26.459708,83.608,,,"ASI monument register via Bhuvan (ISRO), collected by github.com/answerquest/asi-monuments-xml2csv"
Extensive mound,Uttar Pradesh,Deoria,,26.260653,83.907051,,,"ASI monument register via Bhuvan (ISRO), collected by github.com/answerquest/asi-monuments-xml2csv"
Mound apparently the remains of Buddhist stupa,Uttar Pradesh,Deoria,,26.628606,83.891269,,,"ASI monument register via Bhuvan (ISRO), collected by github.com/answerquest/asi-monuments-xml2csv"
Mounds known as Mani-Parbat,Uttar Pradesh,Faizabad,,26.793545,82.199951,,,"ASI monument register via Bhuvan (ISRO), collected by github.com/answerquest/asi-monuments-xml2csv"
Mounds known as Kuber-Parbat &Sugrib Parbat.,Uttar Pradesh,Faizabad,,26.79359,82.199868,,,"ASI monument register via Bhuvan (ISRO), collected by github.com/answerquest/asi-monuments-xml2csv"
Bebikhanamâs Tomb.,Uttar Pradesh,Faizabad,Monument / Tomb,26.791632,82.144308,,,"ASI monument register via Bhuvan (ISRO), collected by github.com/answerquest/asi-monuments-xml2csv"
Gulab Bari.,Uttar Pradesh,Faizabad,,26.780414,82.157062,,,"ASI monument register via Bhuvan (ISRO), collected by github.com/answerquest/asi-monuments-xml2csv"
Tomb of Shuja-ud-Daula.,Uttar Pradesh,Faizabad,Monument / Tomb,26.779967,82.157473,,,"ASI monument register via Bhuvan (ISRO), collected by github.com/answerquest/asi-monuments-xml2csv"
Tomb of Bahu-Begum.,Uttar Pradesh,Faizabad,Monument / Tomb,26.766125,82.144475,,,"ASI monument register via Bhuvan (ISRO), collected by github.com/answerquest/asi-monuments-xml2csv"
Tomb of Haji Iqbal,Uttar Pradesh,Faizabad,Monument / Tomb,26.778845,82.175692,,,"ASI monument register via Bhuvan (ISRO), collected by github.com/answerquest/asi-monuments-xml2csv"
Enormous Mound known as Masaon-Dih,Uttar Pradesh,Ghazipur,,25.552602,83.205291,,,"ASI monument register via Bhuvan (ISRO), collected by github.com/answerquest/asi-monuments-xml2csv"
Bridge of the Gangi river,Uttar Pradesh,Ghazipur,,25.61465,83.201305,,,"ASI monument register via Bhuvan (ISRO), collected by github.com/answerquest/asi-monuments-xml2csv"
Bhitari Gupta pillar,Uttar Pradesh,Ghazipur,,25.564224,83.289573,,,"ASI monument register via Bhuvan (ISRO), collected by github.com/answerquest/asi-monuments-xml2csv"
Entire ruined fort enclosure,Uttar Pradesh,Ghazipur,Fort,25.571032,83.285309,,,"ASI monument register via Bhuvan (ISRO), collected by github.com/answerquest/asi-monuments-xml2csv"
Remains of the Gupta period,Uttar Pradesh,Ghazipur,,25.572354,83.28917,,,"ASI monument register via Bhuvan (ISRO), collected by github.com/answerquest/asi-monuments-xml2csv"
Mound of ruins with remains of temples,Uttar Pradesh,Ghazipur,,25.430844,83.669917,,,"ASI monument register via Bhuvan (ISRO), collected by github.com/answerquest/asi-monuments-xml2csv"
Mound of ruins called Suiri-ka-Raj,Uttar Pradesh,Ghazipur,,25.528283,83.489875,,,"ASI monument register via Bhuvan (ISRO), collected by github.com/answerquest/asi-monuments-xml2csv"
Stone Lat or Pillar standing on the western end,Uttar Pradesh,Ghazipur,,25.396064,83.577247,,,"ASI monument register via Bhuvan (ISRO), collected by github.com/answerquest/asi-monuments-xml2csv"
High Khera,Uttar Pradesh,Ghazipur,,25.554817,83.204433,,,"ASI monument register via Bhuvan (ISRO), collected by github.com/answerquest/asi-monuments-xml2csv"
Mound of ruins,Uttar Pradesh,Ghazipur,,25.556489,83.20635,,,"ASI monument register via Bhuvan (ISRO), collected by github.com/answerquest/asi-monuments-xml2csv"
Two statues representing Varah and Krishna with Gopies,Uttar Pradesh,Ghazipur,,25.537764,83.190902,,,"ASI monument register via Bhuvan (ISRO), collected by github.com/answerquest/asi-monuments-xml2csv"
A mound,Uttar Pradesh,Gonda,,27.379508,81.956601,,,"ASI monument register via Bhuvan (ISRO), collected by github.com/answerquest/asi-monuments-xml2csv"
Mound covered with bricks with the ruins of the temple of Asokanath Mahadeva.,Uttar Pradesh,Gonda,Temple,27.368833,81.951186,,,"ASI monument register via Bhuvan (ISRO), collected by github.com/answerquest/asi-monuments-xml2csv"
Extensive remains of a very large  ancient city,Uttar Pradesh,Grokhapur,,26.659591,83.577707,,,"ASI monument register via Bhuvan (ISRO), collected by github.com/answerquest/asi-monuments-xml2csv"
A series of enormous mounds,Uttar Pradesh,Gorakhpur,,26.558722,83.219694,,,"ASI monument register via Bhuvan (ISRO), collected by github.com/answerquest/asi-monuments-xml2csv"
Three high conical mounds of brick (ruins of stupas),Uttar Pradesh,Gorakhpur,,26.670078,83.57435,,,"ASI monument register via Bhuvan (ISRO), collected by github.com/answerquest/asi-monuments-xml2csv"
Ancient site,Uttar Pradesh,Gorakhpur,,26.439706,83.43855,,,"ASI monument register via Bhuvan (ISRO), collected by github.com/answerquest/asi-monuments-xml2csv"
Extensive mound,Uttar Pradesh,Gorakhpur,,26.769064,83.559192,,,"ASI monument register via Bhuvan (ISRO), collected by github.com/answerquest/asi-monuments-xml2csv"
"Large and high mound, the ruins of the ancient Domangarh",Uttar Pradesh,Gorakhpur,,26.760439,83.333517,,,"ASI monument register via Bhuvan (ISRO), collected by github.com/answerquest/asi-monuments-xml2csv"
Atala Masjid,Uttar Pradesh,Jaunpur,,25.752739,82.690267,,,"ASI monument register via Bhuvan (ISRO), collected by github.com/answerquest/asi-monuments-xml2csv"
Cemetery of seven kings of the Sharqui dynasty,Uttar Pradesh,Jaunpur,,25.750279,82.693029,,,"ASI monument register via Bhuvan (ISRO), collected by github.com/answerquest/asi-monuments-xml2csv"
Jaunpur Fort,Uttar Pradesh,Jaunpur,Fort,25.749754,82.688517,,,"ASI monument register via Bhuvan (ISRO), collected by github.com/answerquest/asi-monuments-xml2csv"
Hammam or Turkish bath in the old fort,Uttar Pradesh,Jaunpur,Fort,25.749279,82.68821,,,"ASI monument register via Bhuvan (ISRO), collected by github.com/answerquest/asi-monuments-xml2csv"
Jhanjhri Masjid,Uttar Pradesh,Jaunpur,,25.743319,82.700711,,,"ASI monument register via Bhuvan (ISRO), collected by github.com/answerquest/asi-monuments-xml2csv"
Jama Masjid,Uttar Pradesh,Jaunpur,,25.759072,82.685022,,,"ASI monument register via Bhuvan (ISRO), collected by github.com/answerquest/asi-monuments-xml2csv"
Khails Muklis or Char Ungli Masjid,Uttar Pradesh,Jaunpur,,25.757679,82.672578,,,"ASI monument register via Bhuvan (ISRO), collected by github.com/answerquest/asi-monuments-xml2csv"
Tombs of Sharqui kings of Jaunpur,Uttar Pradesh,Jaunpur,,25.759688,82.68502,,,"ASI monument register via Bhuvan (ISRO), collected by github.com/answerquest/asi-monuments-xml2csv"
Lal Masjid (LalDarwaza),Uttar Pradesh,Jaunpur,,25.769899,82.670867,,,"ASI monument register via Bhuvan (ISRO), collected by github.com/answerquest/asi-monuments-xml2csv"
Stone image of a gigantic lion,Uttar Pradesh,Jaunpur,,25.74833,82.684433,,,"ASI monument register via Bhuvan (ISRO), collected by github.com/answerquest/asi-monuments-xml2csv"
Tomb of Nawab Ghazi Khan,Uttar Pradesh,Jaunpur,Monument / Tomb,25.746998,82.675577,,,"ASI monument register via Bhuvan (ISRO), collected by github.com/answerquest/asi-monuments-xml2csv"
Gateway of Hazrat Chirag-I-Hindâs palace,Uttar Pradesh,Jaunpur,Palace / Haveli,25.697515,82.734221,,,"ASI monument register via Bhuvan (ISRO), collected by github.com/answerquest/asi-monuments-xml2csv"
Sheikh Burhanâs Mosque,Uttar Pradesh,Jaunpur,,25.699164,82.731825,,,"ASI monument register via Bhuvan (ISRO), collected by github.com/answerquest/asi-monuments-xml2csv"
Walls of the old Kankar fort of Jayachandra,Uttar Pradesh,Jaunpur,Fort,25.69634,82.732463,,,"ASI monument register via Bhuvan (ISRO), collected by github.com/answerquest/asi-monuments-xml2csv"
Fort attributed to Jay Chandra,Uttar Pradesh,Kaushambi,Fort,25.699447,81.368072,,,"ASI monument register via Bhuvan (ISRO), collected by github.com/answerquest/asi-monuments-xml2csv"
The ancient fortress,Uttar Pradesh,Kaushambi,,25.344794,81.38165,,,"ASI monument register via Bhuvan (ISRO), collected by github.com/answerquest/asi-monuments-xml2csv"
Artificial cave in the fane of the hill of Pabhosa,Uttar Pradesh,Kaushambi,,25.354969,81.317446,,,"ASI monument register via Bhuvan (ISRO), collected by github.com/answerquest/asi-monuments-xml2csv"
Traces of a large brick building on the summit of Pabhosa hill,Uttar Pradesh,Kaushambi,,25.355396,81.317491,,,"ASI monument register via Bhuvan (ISRO), collected by github.com/answerquest/asi-monuments-xml2csv"
Circular shaped mound and the remains of a stupa,Uttar Pradesh,Kushinagar,,26.675092,84.038943,,,"ASI monument register via Bhuvan (ISRO), collected by github.com/answerquest/asi-monuments-xml2csv"
Large dih or mound,Uttar Pradesh,Kushinagar,,26.676818,84.043358,,,"ASI monument register via Bhuvan (ISRO), collected by github.com/answerquest/asi-monuments-xml2csv"
Large flat topped mound of ruins called Jharmatiya,Uttar Pradesh,Kushinagar,,26.700053,84.097569,,,"ASI monument register via Bhuvan (ISRO), collected by github.com/answerquest/asi-monuments-xml2csv"
A Very large Mound of brick ruins called Asmanpurdih,Uttar Pradesh,Kushinagar,,26.627424,84.041032,,,"ASI monument register via Bhuvan (ISRO), collected by github.com/answerquest/asi-monuments-xml2csv"
Mound,Uttar Pradesh,Kushinagar,,26.67504,84.038029,,,"ASI monument register via Bhuvan (ISRO), collected by github.com/answerquest/asi-monuments-xml2csv"
Damri Masjid,Maharashtra,Ahmednagar,,19.103792,74.760451,,,"ASI monument register via Bhuvan (ISRO), collected by github.com/answerquest/asi-monuments-xml2csv"
Bhringesvara Mahadev Temple,Odisha,Angul,Temple,21.25,85.083333,,,"ASI monument register via Bhuvan (ISRO), collected by github.com/answerquest/asi-monuments-xml2csv"
Rock-cut Vishnu,Odisha,Angul,Temple,20.583333,85.25,,,"ASI monument register via Bhuvan (ISRO), collected by github.com/answerquest/asi-monuments-xml2csv"
Chausathi Yogini Temple,Odisha,Bolangir,Temple,20.3,83.25,,,"ASI monument register via Bhuvan (ISRO), collected by github.com/answerquest/asi-monuments-xml2csv"
Temples of Nilamadhava & Siddhesvara,Odisha,Boudh,,20.866667,84.3,,,"ASI monument register via Bhuvan (ISRO), collected by github.com/answerquest/asi-monuments-xml2csv"
Paschima Somanath  Bhubaneswar & Kapilesvara Temples,Odisha,Boudh,,20.8,84.333333,,,"ASI monument register via Bhuvan (ISRO), collected by github.com/answerquest/asi-monuments-xml2csv"
Ruins of Ancient Fortress,Odisha,Cuttack,,20.55,85.916667,,,"ASI monument register via Bhuvan (ISRO), collected by github.com/answerquest/asi-monuments-xml2csv"
Ruins of Buddhist Temple & Images,Odisha,Cuttack,Temple,20.6,86.266667,,,"ASI monument register via Bhuvan (ISRO), collected by github.com/answerquest/asi-monuments-xml2csv"
Ancient Monuments of Barabati Fortress a,Odisha,Cuttack,,20.483333,85.866667,,,"ASI monument register via Bhuvan (ISRO), collected by github.com/answerquest/asi-monuments-xml2csv"
Churangarh Fort Locally Known as Sarangarh,Odisha,Cuttack & Khurda,Fort,20.416667,85.75,,,"ASI monument register via Bhuvan (ISRO), collected by github.com/answerquest/asi-monuments-xml2csv"
Ruins of Buddhist Temples & Images,Odisha,Cuttack,,20.566667,86.266667,,,"ASI monument register via Bhuvan (ISRO), collected by github.com/answerquest/asi-monuments-xml2csv"
Durga Temple,Odisha,Cuttack,Temple,20.333333,85.4,,,"ASI monument register via Bhuvan (ISRO), collected by github.com/answerquest/asi-monuments-xml2csv"
Pancha Pandava Temple,Odisha,Cuttack,Temple,20.566667,86.016667,,,"ASI monument register via Bhuvan (ISRO), collected by github.com/answerquest/asi-monuments-xml2csv"
Prehistoric site (known as pandava graves),Tamil Nadu,Coimbatore,,11.11967,77.287986,,,"ASI monument register via Bhuvan (ISRO), collected by github.com/answerquest/asi-monuments-xml2csv"
Megalithic cists and cairns,Tamil Nadu,Kanchipuram,,12.885674,80.194638,,,"ASI monument register via Bhuvan (ISRO), collected by github.com/answerquest/asi-monuments-xml2csv"
Rock cut shrine,Tamil Nadu,Tiruvannamalai,,12.767626,79.69257,,,"ASI monument register via Bhuvan (ISRO), collected by github.com/answerquest/asi-monuments-xml2csv"
Megalithic cairns and stone circles,Tamil Nadu,Villupuram,,12.021082,79.675163,,,"ASI monument register via Bhuvan (ISRO), collected by github.com/answerquest/asi-monuments-xml2csv"
Megalithic stone circles,Tamil Nadu,Villupuram,,12.036828,79.651068,,,"ASI monument register via Bhuvan (ISRO), collected by github.com/answerquest/asi-monuments-xml2csv"
Tomb of David Yale and Joseph Hymners in the compound of Law College,Tamil Nadu,Chennai,Monument / Tomb,13.087589,80.28637,,,"ASI monument register via Bhuvan (ISRO), collected by github.com/answerquest/asi-monuments-xml2csv"
Muruganatha Temple,Tamil Nadu,Coimbatore,Temple,11.163869,77.311374,,,"ASI monument register via Bhuvan (ISRO), collected by github.com/answerquest/asi-monuments-xml2csv"
Hill Fort,Tamil Nadu,Krishnagiri,Fort,12.52103,78.037567,,,"ASI monument register via Bhuvan (ISRO), collected by github.com/answerquest/asi-monuments-xml2csv"
Vijayalaya Coliswaram and the group of sub-shrines around it,Tamil Nadu,Pudukkottai,,10.504472,78.755978,,,"ASI monument register via Bhuvan (ISRO), collected by github.com/answerquest/asi-monuments-xml2csv"
Rock cut Jain bas-relief and beds and a mutilated Jain stone image,Tamil Nadu,Madurai,,9.930768,78.022843,,,"ASI monument register via Bhuvan (ISRO), collected by github.com/answerquest/asi-monuments-xml2csv"
Swambunathaswami Temple,Tamil Nadu,Karaikal,Temple,10.96806,79.771299,,,"ASI monument register via Bhuvan (ISRO), collected by github.com/answerquest/asi-monuments-xml2csv"
Megalithic cists and cairns,Tamil Nadu,Kanchipuram,,12.780117,79.96305,,,"ASI monument register via Bhuvan (ISRO), collected by github.com/answerquest/asi-monuments-xml2csv"
Megalithic cists and cairns,Tamil Nadu,Kanchipuram,,12.756029,80.107727,,,"ASI monument register via Bhuvan (ISRO), collected by github.com/answerquest/asi-monuments-xml2csv"
Megalithic cists and cairns,Tamil Nadu,Kanchipuram,,12.684986,79.967537,,,"ASI monument register via Bhuvan (ISRO), collected by github.com/answerquest/asi-monuments-xml2csv"
Megalithic cists and cairns,Tamil Nadu,Kanchipuram,,12.840218,80.06637,,,"ASI monument register via Bhuvan (ISRO), collected by github.com/answerquest/asi-monuments-xml2csv"
Megalithic cists and cairns,Tamil Nadu,Kanchipuram,,12.773328,80.112973,,,"ASI monument register via Bhuvan (ISRO), collected by github.com/answerquest/asi-monuments-xml2csv"
Megalithic cists and cairns,Tamil Nadu,Kanchipuram,,12.8013,80.119116,,,"ASI monument register via Bhuvan (ISRO), collected by github.com/answerquest/asi-monuments-xml2csv"
Megalithic cists and cairns with stone circles on the hill.,Tamil Nadu,Kanchipuram,,12.985548,80.094443,,,"ASI monument register via Bhuvan (ISRO), collected by github.com/answerquest/asi-monuments-xml2csv"
Megalithic cists and cairns,Tamil Nadu,Kanchipuram,,12.631203,79.975551,,,"ASI monument register via Bhuvan (ISRO), collected by github.com/answerquest/asi-monuments-xml2csv"
Megalithic cists and cairns with stone circles,Tamil Nadu,Kanchipuram,,12.501203,79.836015,,,"ASI monument register via Bhuvan (ISRO), collected by github.com/answerquest/asi-monuments-xml2csv"
Megalithic cists,Tamil Nadu,Tiruvallur,,13.479514,79.974514,,,"ASI monument register via Bhuvan (ISRO), collected by github.com/answerquest/asi-monuments-xml2csv"
Fort on Rock,Tamil Nadu,Dindigul,Fort,10.361706,77.963369,,,"ASI monument register via Bhuvan (ISRO), collected by github.com/answerquest/asi-monuments-xml2csv"
Todaiyur Siva Temple,Tamil Nadu,Pudukkottai,Temple,10.499492,78.808686,,,"ASI monument register via Bhuvan (ISRO), collected by github.com/answerquest/asi-monuments-xml2csv"
Jain Tirthankara image,Tamil Nadu,Pudukkottai,,10.547997,78.862098,,,"ASI monument register via Bhuvan (ISRO), collected by github.com/answerquest/asi-monuments-xml2csv"
Siva Temple,Tamil Nadu,Pudukkottai,Temple,10.472855,78.86471,,,"ASI monument register via Bhuvan (ISRO), collected by github.com/answerquest/asi-monuments-xml2csv"
"Jain mound, Jain images, other Idols and lion pillars",Tamil Nadu,Pudukkottai,,10.48158,78.837426,,,"ASI monument register via Bhuvan (ISRO), collected by github.com/answerquest/asi-monuments-xml2csv"
Siva Temple,Tamil Nadu,Pudukkottai,Temple,10.643186,78.865128,,,"ASI monument register via Bhuvan (ISRO), collected by github.com/answerquest/asi-monuments-xml2csv"
Two Rock-cut Siva shrines on the eastern and southern slopes of the hill,Tamil Nadu,Pudukkottai,,10.33535,78.712565,,,"ASI monument register via Bhuvan (ISRO), collected by github.com/answerquest/asi-monuments-xml2csv"
Two Rock-cut Siva shrines on the eastern and southern slopes of the hill,Tamil Nadu,Pudukkottai,,10.335868,78.712624,,,"ASI monument register via Bhuvan (ISRO), collected by github.com/answerquest/asi-monuments-xml2csv"
Sri Bumiswaraswami temple,Tamil Nadu,Pudukkottai,Temple,10.293141,78.63319,,,"ASI monument register via Bhuvan (ISRO), collected by github.com/answerquest/asi-monuments-xml2csv"
Monolithic Rock cut Temple,Tamil Nadu,Vellore,Temple,12.989468,79.541674,,,"ASI monument register via Bhuvan (ISRO), collected by github.com/answerquest/asi-monuments-xml2csv"
Konar Temple,Tamil Nadu,Vellore,Temple,12.94313,79.649756,,,"ASI monument register via Bhuvan (ISRO), collected by github.com/answerquest/asi-monuments-xml2csv"
Cannon,Tamil Nadu,Vellore,,12.901375,79.335107,,,"ASI monument register via Bhuvan (ISRO), collected by github.com/answerquest/asi-monuments-xml2csv"
Rock inscriptions in the Right flank of the Sholinghur tank,Tamil Nadu,Vellore,,13.106612,79.41873,,,"ASI monument register via Bhuvan (ISRO), collected by github.com/answerquest/asi-monuments-xml2csv"
Hill excluding the fort at its top and the temples of Sri Narasimhaswami and Sri Ranganathaswami,Tamil Nadu,Nammakal,Fort,11.222358,78.165378,,,"ASI monument register via Bhuvan (ISRO), collected by github.com/answerquest/asi-monuments-xml2csv"
Temples of Sri Narasimhaswami and Ranganathanswami,Tamil Nadu,Nammakal,,11.222265,78.164385,,,"ASI monument register via Bhuvan (ISRO), collected by github.com/answerquest/asi-monuments-xml2csv"
"A group of ruined brick temple of the 10th century locally called Teligarhi, Sultanpur.",Uttar Pradesh,Sultanpur,Temple,26.380072,81.750506,,,"ASI monument register via Bhuvan (ISRO), collected by github.com/answerquest/asi-monuments-xml2csv"
"Extensive brick strewn mounds undoubted to be the ruins of Buddhist Cities,",Uttar Pradesh,Amethi,,26.258011,81.779008,,,"ASI monument register via Bhuvan (ISRO), collected by github.com/answerquest/asi-monuments-xml2csv"
"Extensive brick strewn mounds undoubted to be the ruins of Buddhist Cities,",Uttar Pradesh,Amethi,,26.188153,81.729211,,,"ASI monument register via Bhuvan (ISRO), collected by github.com/answerquest/asi-monuments-xml2csv"
"Extensive brick strewn mounds undoubted to be the ruins of Buddhist Cities,",Uttar Pradesh,Amethi,,26.162583,81.793267,,,"ASI monument register via Bhuvan (ISRO), collected by github.com/answerquest/asi-monuments-xml2csv"
"Tomb of Salar Saifuddin alias Surkhru Salar, Durgah Road.",Uttar Pradesh,Bahraich,Monument / Tomb,27.585906,81.604028,,,"ASI monument register via Bhuvan (ISRO), collected by github.com/answerquest/asi-monuments-xml2csv"
Large brick strewn Khera being the ruins of an apparently Buddhist,Uttar Pradesh,Bahraich,,27.950364,81.592789,,,"ASI monument register via Bhuvan (ISRO), collected by github.com/answerquest/asi-monuments-xml2csv"
"A high Khera of great extent said to be the ruins of one of the principal cities of Raja Karan of the Mahabharata,",Uttar Pradesh,Bahraich,,27.789067,82.139556,,,"ASI monument register via Bhuvan (ISRO), collected by github.com/answerquest/asi-monuments-xml2csv"
Ranjangudi fort,Tamil Nadu,Perambalur,Fort,11.346497,78.939231,,,"ASI monument register via Bhuvan (ISRO), collected by github.com/answerquest/asi-monuments-xml2csv"
Mound of ruins called Sahiya,Uttar Pradesh,Kushinagar,,26.681389,82.999444,,,"ASI monument register via Bhuvan (ISRO), collected by github.com/answerquest/asi-monuments-xml2csv"
Buddhist remains.,Uttar Pradesh,Kushinagar,,26.739222,83.89063,,,"ASI monument register via Bhuvan (ISRO), collected by github.com/answerquest/asi-monuments-xml2csv"
Large mound covered with broken bricks and a few statues,Uttar Pradesh,Kushinagar,,26.885281,83.976055,,,"ASI monument register via Bhuvan (ISRO), collected by github.com/answerquest/asi-monuments-xml2csv"
Mound of brick ruins,Uttar Pradesh,Kushinagar,,26.140913,83.897078,,,"ASI monument register via Bhuvan (ISRO), collected by github.com/answerquest/asi-monuments-xml2csv"
Ancient Site and Archaeological  Remains,Uttar Pradesh,Mahrajganj/ Gorakhpur,,27.32597,83.421274,,,"ASI monument register via Bhuvan (ISRO), collected by github.com/answerquest/asi-monuments-xml2csv"
Ancient Site know as Fazil Nagar ka kot,Uttar Pradesh,Kushinagar,,26.684046,84.055264,,,"ASI monument register via Bhuvan (ISRO), collected by github.com/answerquest/asi-monuments-xml2csv"
Ancient Site,Uttar Pradesh,Mau,,26.108025,83.536081,,,"ASI monument register via Bhuvan (ISRO), collected by github.com/answerquest/asi-monuments-xml2csv"
Several caves in the precipitous sand stone cliff,Uttar Pradesh,Mirzapur,,25.045039,83.006675,,,"ASI monument register via Bhuvan (ISRO), collected by github.com/answerquest/asi-monuments-xml2csv"
Ruined stone fort of Latifpur,Uttar Pradesh,Mirzapur,Fort,24.983755,83.035613,,,"ASI monument register via Bhuvan (ISRO), collected by github.com/answerquest/asi-monuments-xml2csv"
Ruins of a Shiva Temple,Uttar Pradesh,Mirzapur,Temple,24.787961,83.308872,,,"ASI monument register via Bhuvan (ISRO), collected by github.com/answerquest/asi-monuments-xml2csv"
Mound known as Sangram Sahi ki Pahari,Uttar Pradesh,Mirzapur,,25.123533,82.453139,,,"ASI monument register via Bhuvan (ISRO), collected by github.com/answerquest/asi-monuments-xml2csv"
Cave called Khoh,Uttar Pradesh,Mirzapur,,25.055867,83.045631,,,"ASI monument register via Bhuvan (ISRO), collected by github.com/answerquest/asi-monuments-xml2csv"
Inscribed pillar,Uttar Pradesh,Mirzapur,,25.002097,83.033421,,,"ASI monument register via Bhuvan (ISRO), collected by github.com/answerquest/asi-monuments-xml2csv"
British Cemetery,Uttar Pradesh,Mirzapur,,25.121903,82.874539,,,"ASI monument register via Bhuvan (ISRO), collected by github.com/answerquest/asi-monuments-xml2csv"
DurgaKhoh,Uttar Pradesh,Mirzapur,,25.09238,82.869398,,,"ASI monument register via Bhuvan (ISRO), collected by github.com/answerquest/asi-monuments-xml2csv"
Iftekhar Khanâs Tomb,Uttar Pradesh,Mirzapur,Monument / Tomb,25.122425,82.894408,,,"ASI monument register via Bhuvan (ISRO), collected by github.com/answerquest/asi-monuments-xml2csv"
Inscribed Slab,Uttar Pradesh,Mirzapur,,24.825946,82.323877,,,"ASI monument register via Bhuvan (ISRO), collected by github.com/answerquest/asi-monuments-xml2csv"
British Cemetery,Uttar Pradesh,Mirzapur,,25.156911,82.585724,,,"ASI monument register via Bhuvan (ISRO), collected by github.com/answerquest/asi-monuments-xml2csv"
A Life sized female figure  known as Sankata Devi,Uttar Pradesh,Mirzapur,Temple,25.164953,82.495175,,,"ASI monument register via Bhuvan (ISRO), collected by github.com/answerquest/asi-monuments-xml2csv"
British Cemetery,Uttar Pradesh,Mirzapur,,25.192515,82.892672,,,"ASI monument register via Bhuvan (ISRO), collected by github.com/answerquest/asi-monuments-xml2csv"
Fragments of sculptures,Uttar Pradesh,Mirzapur,,25.171228,82.490811,,,"ASI monument register via Bhuvan (ISRO), collected by github.com/answerquest/asi-monuments-xml2csv"
Kantit Fort totally encroached,Uttar Pradesh,Mirzapur,Fort,25.157882,82.520638,,,"ASI monument register via Bhuvan (ISRO), collected by github.com/answerquest/asi-monuments-xml2csv"
Kshasthi Devi,Uttar Pradesh,Mirzapur,Temple,25.16178,82.484808,,,"ASI monument register via Bhuvan (ISRO), collected by github.com/answerquest/asi-monuments-xml2csv"
Remains of a temple on an island,Uttar Pradesh,Mirzapur,Temple,25.172556,82.492147,,,"ASI monument register via Bhuvan (ISRO), collected by github.com/answerquest/asi-monuments-xml2csv"
Bhandari Devi ka Pahar containing Asokan inscription,Uttar Pradesh,Mirzapur,Temple,25.036396,83.037212,,,"ASI monument register via Bhuvan (ISRO), collected by github.com/answerquest/asi-monuments-xml2csv"
British Cemetery,Uttar Pradesh,SantRavidas Nagar,,25.283027,82.435659,,,"ASI monument register via Bhuvan (ISRO), collected by github.com/answerquest/asi-monuments-xml2csv"
Pakka Masonry Fort,Uttar Pradesh,Sonbhadra,Fort,24.574139,83.182689,,,"ASI monument register via Bhuvan (ISRO), collected by github.com/answerquest/asi-monuments-xml2csv"
Ancient site.,Uttar Pradesh,SantkabeerNager,,26.982708,82.972764,,,"ASI monument register via Bhuvan (ISRO), collected by github.com/answerquest/asi-monuments-xml2csv"
Mosque.,Uttar Pradesh,Sultanpur,,25.401744,81.850419,,,"ASI monument register via Bhuvan (ISRO), collected by github.com/answerquest/asi-monuments-xml2csv"
Large dih called Majhangaon with brick towers on the four corners.,Uttar Pradesh,Sultanpur,,26.269058,82.069206,,,"ASI monument register via Bhuvan (ISRO), collected by github.com/answerquest/asi-monuments-xml2csv"
Ancient Buddhist site known as Chaukhandi stupa,Uttar Pradesh,Varanasi,,25.374075,83.023664,,,"ASI monument register via Bhuvan (ISRO), collected by github.com/answerquest/asi-monuments-xml2csv"
Ancient Buddhist site of Sarnath,Uttar Pradesh,Varanasi,,25.38045,83.024481,,,"ASI monument register via Bhuvan (ISRO), collected by github.com/answerquest/asi-monuments-xml2csv"
Remains of a fine massive brick fort,Uttar Pradesh,Varanasi,Fort,25.464477,83.129315,,,"ASI monument register via Bhuvan (ISRO), collected by github.com/answerquest/asi-monuments-xml2csv"
Closed cemetery /british cemetry,Uttar Pradesh,Varanasi,,25.330946,83.042436,,,"ASI monument register via Bhuvan (ISRO), collected by github.com/answerquest/asi-monuments-xml2csv"
Tomb of Lal Khan,Uttar Pradesh,Varanasi,Monument / Tomb,25.326092,83.034657,,,"ASI monument register via Bhuvan (ISRO), collected by github.com/answerquest/asi-monuments-xml2csv"
Buddhist site explored,Uttar Pradesh,Varanasi,,25.384806,83.02472,,,"ASI monument register via Bhuvan (ISRO), collected by github.com/answerquest/asi-monuments-xml2csv"
Grave of European Officers,Uttar Pradesh,Varanasi,,25.295094,83.005393,,,"ASI monument register via Bhuvan (ISRO), collected by github.com/answerquest/asi-monuments-xml2csv"
Ancient mound,Uttar Pradesh,Varanasi,,25.364575,83.037594,,,"ASI monument register via Bhuvan (ISRO), collected by github.com/answerquest/asi-monuments-xml2csv"
Dharahra Masjid,Uttar Pradesh,Varanasi,,25.315329,83.017735,,,"ASI monument register via Bhuvan (ISRO), collected by github.com/answerquest/asi-monuments-xml2csv"
Lt. Col. Pogsonâs tomb,Uttar Pradesh,Varanasi,Monument / Tomb,25.320206,82.970199,,,"ASI monument register via Bhuvan (ISRO), collected by github.com/answerquest/asi-monuments-xml2csv"
Observatory of Man Singh,Uttar Pradesh,Varanasi,,25.307793,83.010792,,,"ASI monument register via Bhuvan (ISRO), collected by github.com/answerquest/asi-monuments-xml2csv"
Pahladpur inscribed Lat(monolith pillar),Uttar Pradesh,Varanasi,,25.329875,82.997507,,,"ASI monument register via Bhuvan (ISRO), collected by github.com/answerquest/asi-monuments-xml2csv"
TeliaNala Buddhist ruins,Uttar Pradesh,Varanasi,,25.322014,83.028506,,,"ASI monument register via Bhuvan (ISRO), collected by github.com/answerquest/asi-monuments-xml2csv"
Two graves,Uttar Pradesh,Varanasi,,25.329425,82.967144,,,"ASI monument register via Bhuvan (ISRO), collected by github.com/answerquest/asi-monuments-xml2csv"
Victoria Memorial,Uttar Pradesh,Varanasi,,25.314791,83.004353,,,"ASI monument register via Bhuvan (ISRO), collected by github.com/answerquest/asi-monuments-xml2csv"
Matha Kanwar Temple,Uttar Pradesh,Kushinagar,Temple,26.737546,83.888076,,,"ASI monument register via Bhuvan (ISRO), collected by github.com/answerquest/asi-monuments-xml2csv"
Ramabhar Stupa,Uttar Pradesh,Kushinagar,,26.735918,83.905034,,,"ASI monument register via Bhuvan (ISRO), collected by github.com/answerquest/asi-monuments-xml2csv"
Ruaza of Shah Firoz,Uttar Pradesh,Jaunpur,,25.748648,82.698197,,,"ASI monument register via Bhuvan (ISRO), collected by github.com/answerquest/asi-monuments-xml2csv"
Qalich Khan ka Maqbara,Uttar Pradesh,Jaunpur,Monument / Tomb,25.748041,82.669194,,,"ASI monument register via Bhuvan (ISRO), collected by github.com/answerquest/asi-monuments-xml2csv"
Large rectangular shaped mound,Uttar Pradesh,Chandauli,,25.453227,83.251692,,,"ASI monument register via Bhuvan (ISRO), collected by github.com/answerquest/asi-monuments-xml2csv"
A Conical stupa shaped mound,Uttar Pradesh,Deoria,,25.471997,83.616142,,,"ASI monument register via Bhuvan (ISRO), collected by github.com/answerquest/asi-monuments-xml2csv"
"The Tomb of Rajab SaLar alias Hatila Salar,",Uttar Pradesh,Bahraich,Monument / Tomb,27.563511,81.625667,,,"ASI monument register via Bhuvan (ISRO), collected by github.com/answerquest/asi-monuments-xml2csv"
"The Domes & buildings inside the inner enclosure including the ancient walls of the inner enclosure of Saiyid Salar Masaud崰s celebrated Dargah,",Uttar Pradesh,Bahraich,Monument / Tomb,27.59365,81.614292,,,"ASI monument register via Bhuvan (ISRO), collected by github.com/answerquest/asi-monuments-xml2csv"
The site of Sahet-Mahet measuring 286.026c acres in the district Gonda (new Balrampur) .,Uttar Pradesh,Balrampur                                     Sravasti,,27.516692,82.048136,,,"ASI monument register via Bhuvan (ISRO), collected by github.com/answerquest/asi-monuments-xml2csv"
Siva Temple,Tamil Nadu,Perambalur,Temple,11.315371,78.915433,,,"ASI monument register via Bhuvan (ISRO), collected by github.com/answerquest/asi-monuments-xml2csv"
The site of Sahet-Mahet measuring 286.026  acres in the district Gonda (new Balrampur) .,Uttar Pradesh,Balrampur                                     Sravasti,,27.508828,82.039183,,,"ASI monument register via Bhuvan (ISRO), collected by github.com/answerquest/asi-monuments-xml2csv"
"Mound locally known as Ora Jhar, Penahia Jhar and Kharahua Jhar situated on the road from Balrampur near the ancient remains of Sahet d Mahet,",Uttar Pradesh,Balrampur,,27.500186,82.052228,,,"ASI monument register via Bhuvan (ISRO), collected by github.com/answerquest/asi-monuments-xml2csv"
"Mound locally known as Ora Jhar, Penahia Jhar and Kharahua Jhar situated on the road from Balrampur near the ancient remains of Sahet d Mahet,",Uttar Pradesh,Balrampur,,27.502439,82.054008,,,"ASI monument register via Bhuvan (ISRO), collected by github.com/answerquest/asi-monuments-xml2csv"
"Mound locally known as Ora Jhar, Penahia Jhar and Kharahua Jhar situated on the road from Balrampur near the ancient remains of Sahet d Mahet,",Uttar Pradesh,Balrampur,,27.502001,82.051581,,,"ASI monument register via Bhuvan (ISRO), collected by github.com/answerquest/asi-monuments-xml2csv"
"Jami Masjid,",Uttar Pradesh,Banda,,25.47025,80.338283,,,"ASI monument register via Bhuvan (ISRO), collected by github.com/answerquest/asi-monuments-xml2csv"
"Monument in memory of General Whitelockas Force, Civil Lines.",Uttar Pradesh,Banda,,25.490329,80.336112,,,"ASI monument register via Bhuvan (ISRO), collected by github.com/answerquest/asi-monuments-xml2csv"
"Baoli, Bhawanipur.",Uttar Pradesh,Banda,Stepwell / Baoli,25.732767,80.537499,,,"ASI monument register via Bhuvan (ISRO), collected by github.com/answerquest/asi-monuments-xml2csv"
"Approach to Kalinjar Fort,",Uttar Pradesh,Banda,Fort,25.000019,80.483439,,,"ASI monument register via Bhuvan (ISRO), collected by github.com/answerquest/asi-monuments-xml2csv"
"Fort of Kalinjar, together with the parapet walls, with the gateways & the monuments inside it, viz. Sita Kunda, Sita Sej, Patalganga, Pandu Kund, Bhaironki-jhiria, Siddh-ki-gupha, Baghwan-Sej, Pani-ka-aman, Mrigdhara, Kothtirth, Linga temple of  Nilakan",Uttar Pradesh,Banda,Fort,25.000019,80.483439,,,"ASI monument register via Bhuvan (ISRO), collected by github.com/answerquest/asi-monuments-xml2csv"
"Remains of the old fort with its seven gateways. A temple of Mahadeo & an inscribed stone in Sanskrit lying on the foot & approaches to the same,",Uttar Pradesh,Banda,Fort,25.000019,80.483439,,,"ASI monument register via Bhuvan (ISRO), collected by github.com/answerquest/asi-monuments-xml2csv"
"Remains of a small Chandel temple,",Uttar Pradesh,Banda,Temple,25.163949,80.661208,,,"ASI monument register via Bhuvan (ISRO), collected by github.com/answerquest/asi-monuments-xml2csv"
"Two Chandel temples standing together on the same platform,",Uttar Pradesh,Banda,,25.203003,80.744456,,,"ASI monument register via Bhuvan (ISRO), collected by github.com/answerquest/asi-monuments-xml2csv"
"Fort with the fortification walls and the three ruined Jain temples & one ruined Hindu temple inside the fort,",Uttar Pradesh,Banda,Fort,25.119883,80.699275,,,"ASI monument register via Bhuvan (ISRO), collected by github.com/answerquest/asi-monuments-xml2csv"
"Group of ruins, the principal object of which is the entrance door of a temple,",Uttar Pradesh,Banda,Temple,25.169897,80.702025,,,"ASI monument register via Bhuvan (ISRO), collected by github.com/answerquest/asi-monuments-xml2csv"
"Remains of an old fort & a disused temple of Devi Chandi Maheshwari,",Uttar Pradesh,Banda,Fort,25.169897,80.702025,,,"ASI monument register via Bhuvan (ISRO), collected by github.com/answerquest/asi-monuments-xml2csv"
"Rock-hewn tank, close to the temple of Chandi Maheshwari,",Uttar Pradesh,Banda,Temple,25.169897,80.702025,,,"ASI monument register via Bhuvan (ISRO), collected by github.com/answerquest/asi-monuments-xml2csv"
Mahimamani Deva Temple,Odisha,Cuttack,Temple,20.366667,85.5,,,"ASI monument register via Bhuvan (ISRO), collected by github.com/answerquest/asi-monuments-xml2csv"
Kashmeri Gate and portion of the City Wall on either side of the Kashmeri Gate,Delhi,North,,28.666993,77.22897,,,"ASI monument register via Bhuvan (ISRO), collected by github.com/answerquest/asi-monuments-xml2csv"
Kashmeri Gate and portion of the City Wall on either side of the Kashmeri Gate,Delhi,North,,28.66543,77.224821,,,"ASI monument register via Bhuvan (ISRO), collected by github.com/answerquest/asi-monuments-xml2csv"
Kashmeri Gate and portion of the City Wall on either side of the Kashmeri Gate,Delhi,North,,28.664847,77.22183,,,"ASI monument register via Bhuvan (ISRO), collected by github.com/answerquest/asi-monuments-xml2csv"
"Several Sati pillars with a large standing female figure holding a child in the left arm,",Uttar Pradesh,Banda,,25.169897,80.702025,,,"ASI monument register via Bhuvan (ISRO), collected by github.com/answerquest/asi-monuments-xml2csv"
"Temple of Chandi Maheshwari,",Uttar Pradesh,Banda,Temple,25.169897,80.702025,,,"ASI monument register via Bhuvan (ISRO), collected by github.com/answerquest/asi-monuments-xml2csv"
"Two large caves in the middle of a hillock with broken sculptures scattered around,",Uttar Pradesh,Banda,,25.219764,80.715817,,,"ASI monument register via Bhuvan (ISRO), collected by github.com/answerquest/asi-monuments-xml2csv"
Karan Temple,Madhya Pradesh,Anuppur,Temple,22.671406,81.758139,,,"ASI monument register via Bhuvan (ISRO), collected by github.com/answerquest/asi-monuments-xml2csv"
Siva Temple,Madhya Pradesh,Anuppur,Temple,22.671451,81.758747,,,"ASI monument register via Bhuvan (ISRO), collected by github.com/answerquest/asi-monuments-xml2csv"
Temple of Patalesvara,Madhya Pradesh,Anuppur,Temple,22.671863,81.758579,,,"ASI monument register via Bhuvan (ISRO), collected by github.com/answerquest/asi-monuments-xml2csv"
Caves bearing inscriptions,Madhya Pradesh,Anuppur,,23.137614,81.964436,,,"ASI monument register via Bhuvan (ISRO), collected by github.com/answerquest/asi-monuments-xml2csv"
Chanderi Fort,Madhya Pradesh,Ashok Nagar,Fort,24.710331,78.140376,,,"ASI monument register via Bhuvan (ISRO), collected by github.com/answerquest/asi-monuments-xml2csv"
Bada Madarasa,Madhya Pradesh,Ashok Nagar,,24.72662,78.13015,,,"ASI monument register via Bhuvan (ISRO), collected by github.com/answerquest/asi-monuments-xml2csv"
Battisi Baodi,Madhya Pradesh,Ashok Nagar,,24.727648,78.125182,,,"ASI monument register via Bhuvan (ISRO), collected by github.com/answerquest/asi-monuments-xml2csv"
Badal Mahal gateway,Madhya Pradesh,Ashok Nagar,Palace / Haveli,24.71053,78.136034,,,"ASI monument register via Bhuvan (ISRO), collected by github.com/answerquest/asi-monuments-xml2csv"
Jama Masjid,Madhya Pradesh,Ashok Nagar,,24.710295,78.13506,,,"ASI monument register via Bhuvan (ISRO), collected by github.com/answerquest/asi-monuments-xml2csv"
Kati Ghati,Madhya Pradesh,Ashok Nagar,,24.696681,78.132047,,,"ASI monument register via Bhuvan (ISRO), collected by github.com/answerquest/asi-monuments-xml2csv"
Koshak Mahal,Madhya Pradesh,Ashok Nagar,Palace / Haveli,24.699836,78.106825,,,"ASI monument register via Bhuvan (ISRO), collected by github.com/answerquest/asi-monuments-xml2csv"
Nizam-ud-din's family Tomb,Madhya Pradesh,Ashok Nagar,Monument / Tomb,24.711451,78.136595,,,"ASI monument register via Bhuvan (ISRO), collected by github.com/answerquest/asi-monuments-xml2csv"
Shahjadi ka Roza,Madhya Pradesh,Ashok Nagar,,24.719819,78.133506,,,"ASI monument register via Bhuvan (ISRO), collected by github.com/answerquest/asi-monuments-xml2csv"
Monastery,Madhya Pradesh,Ashok Nagar,,24.962387,77.915487,,,"ASI monument register via Bhuvan (ISRO), collected by github.com/answerquest/asi-monuments-xml2csv"
Temples 2 to 7,Madhya Pradesh,Ashok Nagar,,24.963583,77.912594,,,"ASI monument register via Bhuvan (ISRO), collected by github.com/answerquest/asi-monuments-xml2csv"
Temples,Madhya Pradesh,Balaghat,,22.105708,80.556769,,,"ASI monument register via Bhuvan (ISRO), collected by github.com/answerquest/asi-monuments-xml2csv"
Fort,Madhya Pradesh,Balaghat,Fort,22.2131,80.782817,,,"ASI monument register via Bhuvan (ISRO), collected by github.com/answerquest/asi-monuments-xml2csv"
Old Fort,Madhya Pradesh,Balaghat,Fort,21.500425,80.543964,,,"ASI monument register via Bhuvan (ISRO), collected by github.com/answerquest/asi-monuments-xml2csv"
An old temple at Piparwara forest village,Madhya Pradesh,Balaghat,Temple,22.163811,81.003322,,,"ASI monument register via Bhuvan (ISRO), collected by github.com/answerquest/asi-monuments-xml2csv"
Temple of Kotesvara (Mahadeo and Hanuman),Madhya Pradesh,Balaghat,Temple,21.510883,80.553618,,,"ASI monument register via Bhuvan (ISRO), collected by github.com/answerquest/asi-monuments-xml2csv"
The old fortress called Sada Bhada,Madhya Pradesh,Balaghat,,22.304982,80.144396,,,"ASI monument register via Bhuvan (ISRO), collected by github.com/answerquest/asi-monuments-xml2csv"
Fort,Madhya Pradesh,Bhind,Fort,26.748278,78.636864,,,"ASI monument register via Bhuvan (ISRO), collected by github.com/answerquest/asi-monuments-xml2csv"
Kamlapati Mahal and adjoining area,Madhya Pradesh,Bhopal,Palace / Haveli,23.251045,77.397911,,,"ASI monument register via Bhuvan (ISRO), collected by github.com/answerquest/asi-monuments-xml2csv"
Dome of Shah Nawaz Khan,Madhya Pradesh,Burhanpur,,21.327892,76.243325,,,"ASI monument register via Bhuvan (ISRO), collected by github.com/answerquest/asi-monuments-xml2csv"
Dome of Adil Shah Faruki,Madhya Pradesh,Burhanpur,,21.320041,76.247328,,,"ASI monument register via Bhuvan (ISRO), collected by github.com/answerquest/asi-monuments-xml2csv"
Tomb of Shah Shuja,Madhya Pradesh,Burhanpur,Monument / Tomb,21.322394,76.243595,,,"ASI monument register via Bhuvan (ISRO), collected by github.com/answerquest/asi-monuments-xml2csv"
Tomb of Nadir Shah & compound,Madhya Pradesh,Burhanpur,Monument / Tomb,21.320126,76.247643,,,"ASI monument register via Bhuvan (ISRO), collected by github.com/answerquest/asi-monuments-xml2csv"
Raja's Chhatri near Bordha Ghat at Burhanpur,Madhya Pradesh,Burhanpur,,21.262673,76.213074,,,"ASI monument register via Bhuvan (ISRO), collected by github.com/answerquest/asi-monuments-xml2csv"
Bibi Sahib's Masjid,Madhya Pradesh,Burhanpur,,21.315723,76.237215,,,"ASI monument register via Bhuvan (ISRO), collected by github.com/answerquest/asi-monuments-xml2csv"
The palace situated in the fort,Madhya Pradesh,Burhanpur,Fort,21.307782,76.236881,,,"ASI monument register via Bhuvan (ISRO), collected by github.com/answerquest/asi-monuments-xml2csv"
Hammam Khana,Madhya Pradesh,Burhanpur,,21.310923,76.233421,,,"ASI monument register via Bhuvan (ISRO), collected by github.com/answerquest/asi-monuments-xml2csv"
The whole fort  Sat Darwaza,Madhya Pradesh,Burhanpur,Fort,21.470297,76.294114,,,"ASI monument register via Bhuvan (ISRO), collected by github.com/answerquest/asi-monuments-xml2csv"
Mahadeo Temple,Madhya Pradesh,Burhanpur,Temple,21.46976,76.279895,,,"ASI monument register via Bhuvan (ISRO), collected by github.com/answerquest/asi-monuments-xml2csv"
"Idgah, front wall with open platform",Madhya Pradesh,Burhanpur,,21.482639,76.29065,,,"ASI monument register via Bhuvan (ISRO), collected by github.com/answerquest/asi-monuments-xml2csv"
Mahal Gurara palaces,Madhya Pradesh,Burhanpur,Palace / Haveli,21.33112,76.345073,,,"ASI monument register via Bhuvan (ISRO), collected by github.com/answerquest/asi-monuments-xml2csv"
Ahukhana site,Madhya Pradesh,Burhanpur,,21.309111,76.246656,,,"ASI monument register via Bhuvan (ISRO), collected by github.com/answerquest/asi-monuments-xml2csv"
Chausath Yogini Temple,Madhya Pradesh,Chhatarpur,Temple,24.849689,79.918204,,,"ASI monument register via Bhuvan (ISRO), collected by github.com/answerquest/asi-monuments-xml2csv"
"Chitragupta or Bharatji""sTemple",Madhya Pradesh,Chhatarpur,,24.854322,79.920194,,,"ASI monument register via Bhuvan (ISRO), collected by github.com/answerquest/asi-monuments-xml2csv"
Chopra or Square Tank,Madhya Pradesh,Chhatarpur,,24.855997,79.919497,,,"ASI monument register via Bhuvan (ISRO), collected by github.com/answerquest/asi-monuments-xml2csv"
Devi Jagadambi Temple,Madhya Pradesh,Chhatarpur,Temple,24.853308,79.919781,,,"ASI monument register via Bhuvan (ISRO), collected by github.com/answerquest/asi-monuments-xml2csv"
Kandariya Temple,Madhya Pradesh,Chhatarpur,Temple,24.852901,79.919687,,,"ASI monument register via Bhuvan (ISRO), collected by github.com/answerquest/asi-monuments-xml2csv"
Lakshman Temple,Madhya Pradesh,Chhatarpur,Temple,24.852168,79.921796,,,"ASI monument register via Bhuvan (ISRO), collected by github.com/answerquest/asi-monuments-xml2csv"
Lalguan Mahadeva Temple,Madhya Pradesh,Chhatarpur,Temple,24.850806,79.911267,,,"ASI monument register via Bhuvan (ISRO), collected by github.com/answerquest/asi-monuments-xml2csv"
Mahadeva Temple,Madhya Pradesh,Chhatarpur,Temple,24.853119,79.919812,,,"ASI monument register via Bhuvan (ISRO), collected by github.com/answerquest/asi-monuments-xml2csv"
Matangesvara Temple,Madhya Pradesh,Chhatarpur,Temple,24.85193,79.921716,,,"ASI monument register via Bhuvan (ISRO), collected by github.com/answerquest/asi-monuments-xml2csv"
Nandi Temple,Madhya Pradesh,Chhatarpur,Temple,24.853331,79.922744,,,"ASI monument register via Bhuvan (ISRO), collected by github.com/answerquest/asi-monuments-xml2csv"
Parvati Temple,Madhya Pradesh,Chhatarpur,Temple,24.853217,79.921989,,,"ASI monument register via Bhuvan (ISRO), collected by github.com/answerquest/asi-monuments-xml2csv"
Varaha Temple,Madhya Pradesh,Chhatarpur,Temple,24.852058,79.922281,,,"ASI monument register via Bhuvan (ISRO), collected by github.com/answerquest/asi-monuments-xml2csv"
Visvanatha Temple,Madhya Pradesh,Chhatarpur,Temple,24.853417,79.922356,,,"ASI monument register via Bhuvan (ISRO), collected by github.com/answerquest/asi-monuments-xml2csv"
Adinatha Temple,Madhya Pradesh,Chhatarpur,Temple,24.84507,79.936674,,,"ASI monument register via Bhuvan (ISRO), collected by github.com/answerquest/asi-monuments-xml2csv"
Brahma Temple,Madhya Pradesh,Chhatarpur,Temple,24.849142,79.932811,,,"ASI monument register via Bhuvan (ISRO), collected by github.com/answerquest/asi-monuments-xml2csv"
Colossal statue of Shri Hanuman,Madhya Pradesh,Chhatarpur,,24.85,79.928714,,,"ASI monument register via Bhuvan (ISRO), collected by github.com/answerquest/asi-monuments-xml2csv"
Ghantai Temple,Madhya Pradesh,Chhatarpur,Temple,24.846069,79.933328,,,"ASI monument register via Bhuvan (ISRO), collected by github.com/answerquest/asi-monuments-xml2csv"
Kakra Math,Madhya Pradesh,Chhatarpur,Temple,24.8535,79.947781,,,"ASI monument register via Bhuvan (ISRO), collected by github.com/answerquest/asi-monuments-xml2csv"
Parsvanatha Temple,Madhya Pradesh,Chhatarpur,Temple,24.844791,79.936614,,,"ASI monument register via Bhuvan (ISRO), collected by github.com/answerquest/asi-monuments-xml2csv"
Santhinatha Temple,Madhya Pradesh,Chhatarpur,Temple,24.844526,79.936448,,,"ASI monument register via Bhuvan (ISRO), collected by github.com/answerquest/asi-monuments-xml2csv"
Vamana Temple,Madhya Pradesh,Chhatarpur,Temple,24.851416,79.935095,,,"ASI monument register via Bhuvan (ISRO), collected by github.com/answerquest/asi-monuments-xml2csv"
Javari Temple,Madhya Pradesh,Chhatarpur,Temple,24.849387,79.935365,,,"ASI monument register via Bhuvan (ISRO), collected by github.com/answerquest/asi-monuments-xml2csv"
Duladeo Temple,Madhya Pradesh,Chhatarpur,Temple,24.838906,79.931802,,,"ASI monument register via Bhuvan (ISRO), collected by github.com/answerquest/asi-monuments-xml2csv"
Jatakari or Chatrubhuj Temple,Madhya Pradesh,Chhatarpur,Temple,24.8251,79.931017,,,"ASI monument register via Bhuvan (ISRO), collected by github.com/answerquest/asi-monuments-xml2csv"
Inscription in the fort of Bachhaun,Madhya Pradesh,Chhatarpur,Fort,24.989764,80.098981,,,"ASI monument register via Bhuvan (ISRO), collected by github.com/answerquest/asi-monuments-xml2csv"
Bijamandal mound,Madhya Pradesh,Chhatarpur,,24.829259,79.934548,,,"ASI monument register via Bhuvan (ISRO), collected by github.com/answerquest/asi-monuments-xml2csv"
Gond Fort,Madhya Pradesh,Chhindwara,Fort,21.883008,78.732788,,,"ASI monument register via Bhuvan (ISRO), collected by github.com/answerquest/asi-monuments-xml2csv"
Nohta Temple,Madhya Pradesh,Damoh,Temple,23.671511,79.581375,,,"ASI monument register via Bhuvan (ISRO), collected by github.com/answerquest/asi-monuments-xml2csv"
Rangmahal Palace,Madhya Pradesh,Damoh,Palace / Haveli,24.129621,79.59513,,,"ASI monument register via Bhuvan (ISRO), collected by github.com/answerquest/asi-monuments-xml2csv"
Jatashankar Fort,Madhya Pradesh,Damoh,Fort,24.228772,79.559318,,,"ASI monument register via Bhuvan (ISRO), collected by github.com/answerquest/asi-monuments-xml2csv"
Old Temple,Madhya Pradesh,Damoh,Temple,23.330394,79.385231,,,"ASI monument register via Bhuvan (ISRO), collected by github.com/answerquest/asi-monuments-xml2csv"
A hill Fort,Madhya Pradesh,Damoh,Fort,23.536756,79.749628,,,"ASI monument register via Bhuvan (ISRO), collected by github.com/answerquest/asi-monuments-xml2csv"
Two flat roofed temples below the hills,Madhya Pradesh,Damoh,,23.984789,79.722208,,,"ASI monument register via Bhuvan (ISRO), collected by github.com/answerquest/asi-monuments-xml2csv"
Jain temples on the hills,Madhya Pradesh,Damoh,,23.980592,79.724119,,,"ASI monument register via Bhuvan (ISRO), collected by github.com/answerquest/asi-monuments-xml2csv"
Bir Singh Palace,Madhya Pradesh,Datia,Palace / Haveli,25.670964,78.451028,,,"ASI monument register via Bhuvan (ISRO), collected by github.com/answerquest/asi-monuments-xml2csv"
Sidheshwar Temple,Madhya Pradesh,Dewas,Temple,22.493128,76.977906,,,"ASI monument register via Bhuvan (ISRO), collected by github.com/answerquest/asi-monuments-xml2csv"
Unfinished Temple,Madhya Pradesh,Dewas,Temple,22.494274,76.977653,,,"ASI monument register via Bhuvan (ISRO), collected by github.com/answerquest/asi-monuments-xml2csv"
Alamgir Gate,Madhya Pradesh,Dhar,,22.362903,75.393124,,,"ASI monument register via Bhuvan (ISRO), collected by github.com/answerquest/asi-monuments-xml2csv"
The Afsah-wala-ki-Masjid situated outside the west gate of Humayun's tomb with its dalans and paved court.,Delhi,South East,Monument / Tomb,28.592721,77.24786,,,"ASI monument register via Bhuvan (ISRO), collected by github.com/answerquest/asi-monuments-xml2csv"
The Tomb of Afsah-wala immediately near and to the south of Afsah-wala-ki-Masjid,Delhi,South East,Monument / Tomb,28.592581,77.247916,,,"ASI monument register via Bhuvan (ISRO), collected by github.com/answerquest/asi-monuments-xml2csv"
"The tomb of Isa Khan with its surrounding enclosure walls and turret, garden, gateways and mosque.",Delhi,South East,Monument / Tomb,28.592197,77.246204,,,"ASI monument register via Bhuvan (ISRO), collected by github.com/answerquest/asi-monuments-xml2csv"
The Gate way of Arab Sarai facing North towards Purana Qila,Delhi,South East,Fort,28.592989,77.247355,,,"ASI monument register via Bhuvan (ISRO), collected by github.com/answerquest/asi-monuments-xml2csv"
The Gate way of Arab Sarai facing East towards the tomb of Humayun,Delhi,South East,Monument / Tomb,28.591203,77.248893,,,"ASI monument register via Bhuvan (ISRO), collected by github.com/answerquest/asi-monuments-xml2csv"
Baoli,Delhi,South East,Stepwell / Baoli,28.591903,77.241948,,,"ASI monument register via Bhuvan (ISRO), collected by github.com/answerquest/asi-monuments-xml2csv"
Arab Sarai,Delhi,South East,,28.590483,77.246663,,,"ASI monument register via Bhuvan (ISRO), collected by github.com/answerquest/asi-monuments-xml2csv"
Nila Gumbaz outside the south corner of the enclosure of Humayun's tomb.,Delhi,South East,Monument / Tomb,28.591878,77.253092,,,"ASI monument register via Bhuvan (ISRO), collected by github.com/answerquest/asi-monuments-xml2csv"
Remainig Gateways of Arab Sarai and of Abadi-Bagh-Buhalima,Delhi,South East,,28.593712,77.246752,,,"ASI monument register via Bhuvan (ISRO), collected by github.com/answerquest/asi-monuments-xml2csv"
The Chausath Khamba and tomb of Mirza Aziz Kokaltash,Delhi,South East,Monument / Tomb,28.591161,77.242964,,,"ASI monument register via Bhuvan (ISRO), collected by github.com/answerquest/asi-monuments-xml2csv"
"Tomb of Chote Khan, Mubarakpur, Kotla",Delhi,South,Monument / Tomb,28.573014,77.220523,,,"ASI monument register via Bhuvan (ISRO), collected by github.com/answerquest/asi-monuments-xml2csv"
"Tomb of Bade-Khan, Mubarakpur Kotla, Kotla",Delhi,South,Monument / Tomb,28.573073,77.220125,,,"ASI monument register via Bhuvan (ISRO), collected by github.com/answerquest/asi-monuments-xml2csv"
"Tin Burji Wala Gumbad, Mohammad Pur Village",Delhi,South,Monument / Tomb,28.565934,77.188401,,,"ASI monument register via Bhuvan (ISRO), collected by github.com/answerquest/asi-monuments-xml2csv"
"Wazir Pur-ki-Gumbad, Munirka 312",Delhi,South,Monument / Tomb,28.562792,77.174989,,,"ASI monument register via Bhuvan (ISRO), collected by github.com/answerquest/asi-monuments-xml2csv"
"Unnamed Tomb, Munirka 317",Delhi,South,Monument / Tomb,28.562721,77.175323,,,"ASI monument register via Bhuvan (ISRO), collected by github.com/answerquest/asi-monuments-xml2csv"
"Unnamed Tomb, Munirka 316",Delhi,South,Monument / Tomb,28.562689,77.175205,,,"ASI monument register via Bhuvan (ISRO), collected by github.com/answerquest/asi-monuments-xml2csv"
"Unnamed Tomb, Munirka 315",Delhi,South,Monument / Tomb,28.562667,77.175114,,,"ASI monument register via Bhuvan (ISRO), collected by github.com/answerquest/asi-monuments-xml2csv"
"Unnamed Tomb, Munirka, 314",Delhi,South,Monument / Tomb,28.562751,77.17483,,,"ASI monument register via Bhuvan (ISRO), collected by github.com/answerquest/asi-monuments-xml2csv"
"Bijay Mandal, neighbouring domes, buildings and dalan to north of Begumpur",Delhi,South,,28.540719,77.206062,,,"ASI monument register via Bhuvan (ISRO), collected by github.com/answerquest/asi-monuments-xml2csv"
Moth-ki-Masjid,Delhi,South,,28.562485,77.218001,,,"ASI monument register via Bhuvan (ISRO), collected by github.com/answerquest/asi-monuments-xml2csv"
"Tomb of Ghiyasuddin Tughlakabad. walls and bastions, gates and cause way including the tomb of Daud Khan",Delhi,South East,Monument / Tomb,28.509092,77.261541,,,"ASI monument register via Bhuvan (ISRO), collected by github.com/answerquest/asi-monuments-xml2csv"
Mandi Mosque,Delhi,South,,28.514733,77.184749,,,"ASI monument register via Bhuvan (ISRO), collected by github.com/answerquest/asi-monuments-xml2csv"
Khirkee Masjid,Delhi,South,,28.531347,77.219711,,,"ASI monument register via Bhuvan (ISRO), collected by github.com/answerquest/asi-monuments-xml2csv"
Tomb of Bahlol Lodi,Delhi,South,Monument / Tomb,28.538741,77.22656,,,"ASI monument register via Bhuvan (ISRO), collected by github.com/answerquest/asi-monuments-xml2csv"
Tomb of Sheikh Kaburuddin also known as Rakabwala Gumbad in field no.84 min. situated at sarai Shah 31 property of Toks Shahpur and Adhchini,Delhi,South,Monument / Tomb,28.540097,77.213649,,,"ASI monument register via Bhuvan (ISRO), collected by github.com/answerquest/asi-monuments-xml2csv"
Thana wala Shahpur jat,Delhi,South,,28.547041,77.208417,,,"ASI monument register via Bhuvan (ISRO), collected by github.com/answerquest/asi-monuments-xml2csv"
Makhdum ki Kh No. 255 Shahpur Jat,Delhi,South,,28.54903,77.2117,,,"ASI monument register via Bhuvan (ISRO), collected by github.com/answerquest/asi-monuments-xml2csv"
Bara Khamba-285,Delhi,South,,28.552753,77.202224,,,"ASI monument register via Bhuvan (ISRO), collected by github.com/answerquest/asi-monuments-xml2csv"
Bandi or Poti ka Gumbad III-280,Delhi,South,Monument / Tomb,28.553389,77.20382,,,"ASI monument register via Bhuvan (ISRO), collected by github.com/answerquest/asi-monuments-xml2csv"
Nili Mosque,Delhi,South,,28.553531,77.207034,,,"ASI monument register via Bhuvan (ISRO), collected by github.com/answerquest/asi-monuments-xml2csv"
Biran-Ka-Gumbad-282,Delhi,South,Monument / Tomb,28.555498,77.202866,,,"ASI monument register via Bhuvan (ISRO), collected by github.com/answerquest/asi-monuments-xml2csv"
"Delhi fort or Lal Qila, Naubat Khana, Diwan-i-am, Mumtaz Mahal' Rang Mahal, Baithak,Musaman Burj, diwan-i-Khas' Moti Masjid, Sawan Bhadon ,Shah Burj, Hammam with all surrounding including the gardens, paths, terraces and water courses.",Delhi,North,Fort,28.654662,77.241263,,,"ASI monument register via Bhuvan (ISRO), collected by github.com/answerquest/asi-monuments-xml2csv"
Tomb of Bhura Khan,Delhi,South,Monument / Tomb,28.572311,77.220779,,,"ASI monument register via Bhuvan (ISRO), collected by github.com/answerquest/asi-monuments-xml2csv"
"Lal Gumbad, Chirag Delhi",Delhi,South,Monument / Tomb,28.545888,77.226296,,,"ASI monument register via Bhuvan (ISRO), collected by github.com/answerquest/asi-monuments-xml2csv"
Kala Gumbad,Delhi,South,Monument / Tomb,28.570113,77.21893,,,"ASI monument register via Bhuvan (ISRO), collected by github.com/answerquest/asi-monuments-xml2csv"
Internal buildings of Siri Mohammadi wali-Kh. No. 14 Shahpur Jat Makhdum ki Kh. No. 255 Shahpur Jat Thana wala Shahpur Jat,Delhi,South,,28.554495,77.215839,,,"ASI monument register via Bhuvan (ISRO), collected by github.com/answerquest/asi-monuments-xml2csv"
Biwi or Dadi-ka-Gumbad-281,Delhi,South,Monument / Tomb,28.553397,77.203545,,,"ASI monument register via Bhuvan (ISRO), collected by github.com/answerquest/asi-monuments-xml2csv"
Old Palace of Bahadur Shah II alias Lal Mahal in Mehrauli,Delhi,South,Palace / Haveli,28.51908,77.179937,,,"ASI monument register via Bhuvan (ISRO), collected by github.com/answerquest/asi-monuments-xml2csv"
Tomb and Mosque of Maulana Jamali Kamali,Delhi,South,Monument / Tomb,28.519645,77.18718,,,"ASI monument register via Bhuvan (ISRO), collected by github.com/answerquest/asi-monuments-xml2csv"
Idgah of Kharehra,Delhi,South,,28.548605,77.205302,,,"ASI monument register via Bhuvan (ISRO), collected by github.com/answerquest/asi-monuments-xml2csv"
Begumpuri Masjid,Delhi,South,,28.539517,77.206557,,,"ASI monument register via Bhuvan (ISRO), collected by github.com/answerquest/asi-monuments-xml2csv"
Unknown tomb said to be of Azim Khan,Delhi,South,Monument / Tomb,28.521629,77.190471,,,"ASI monument register via Bhuvan (ISRO), collected by github.com/answerquest/asi-monuments-xml2csv"
Bagh-i-Alam Gumbad with a Mosque,Delhi,South,Monument / Tomb,28.556105,77.198408,,,"ASI monument register via Bhuvan (ISRO), collected by github.com/answerquest/asi-monuments-xml2csv"
Kali Gumti,Delhi,South,,28.556741,77.198202,,,"ASI monument register via Bhuvan (ISRO), collected by github.com/answerquest/asi-monuments-xml2csv"
Choti Gumti,Delhi,South,,28.553214,77.201902,,,"ASI monument register via Bhuvan (ISRO), collected by github.com/answerquest/asi-monuments-xml2csv"
Jahaz Mahal in Mehrauli,Delhi,South,Palace / Haveli,28.514281,77.178519,,,"ASI monument register via Bhuvan (ISRO), collected by github.com/answerquest/asi-monuments-xml2csv"
"The Qutab Archaeological area as now fenced in, including the Mosque, Iron Pillar, Minar of Qutbud-din, unfinished Minar, all colonnades, screen arches, tomb of Altamash, college, buildings of Alaud-Din, Tomb of Imam zamin and all carved stones in the ab",Delhi,South,Monument / Tomb,28.524537,77.185868,,,"ASI monument register via Bhuvan (ISRO), collected by github.com/answerquest/asi-monuments-xml2csv"
Wall mosque at Mehrauli,Delhi,South,,28.516582,77.17865,,,"ASI monument register via Bhuvan (ISRO), collected by github.com/answerquest/asi-monuments-xml2csv"
Bara Khamba outside north entrance to shrine,Delhi,South East,,28.592496,77.24251,,,"ASI monument register via Bhuvan (ISRO), collected by github.com/answerquest/asi-monuments-xml2csv"
Mound known as Joga Bai,Delhi,South East,,28.566971,77.280597,,,"ASI monument register via Bhuvan (ISRO), collected by github.com/answerquest/asi-monuments-xml2csv"
Wall of Rai Pithora's Fort and Jahan panah at the point where they meet together,Delhi,South,Fort,28.527432,77.202422,,,"ASI monument register via Bhuvan (ISRO), collected by github.com/answerquest/asi-monuments-xml2csv"
Ancient Mosque (Babur’s Period) together with adjacent area comprised in part of Survey plot No. 177,Delhi,South West,,28.588286,77.079397,,,"ASI monument register via Bhuvan (ISRO), collected by github.com/answerquest/asi-monuments-xml2csv"
Group of monuments at Sarai Shahji,Delhi,South,,28.539304,77.210612,,,"ASI monument register via Bhuvan (ISRO), collected by github.com/answerquest/asi-monuments-xml2csv"
Walls of old City of Tughlakabad.,Delhi,South East,,28.516487,77.267725,,,"ASI monument register via Bhuvan (ISRO), collected by github.com/answerquest/asi-monuments-xml2csv"
"Walls, gateways bastions and internal buildings of both inner and outer citadels of Tughlakabad Fort",Delhi,South East,Fort,28.514614,77.259971,,,"ASI monument register via Bhuvan (ISRO), collected by github.com/answerquest/asi-monuments-xml2csv"
"Iron Pillar, Hindu remains",Delhi,South,,28.524728,77.184979,,,"ASI monument register via Bhuvan (ISRO), collected by github.com/answerquest/asi-monuments-xml2csv"
Bara Pulah bridge near Nizammudin,Delhi,South East,,28.584074,77.253343,,,"ASI monument register via Bhuvan (ISRO), collected by github.com/answerquest/asi-monuments-xml2csv"
"Hauz Shamsi, with central red stone pavilion situated at Mehrauli in field Nos. 1574-81, 1588-97, 1614, 1623 & 1624, owner Government",Delhi,South,,28.513701,77.177512,,,"ASI monument register via Bhuvan (ISRO), collected by github.com/answerquest/asi-monuments-xml2csv"
Chor Minar No. 289 Vol III,Delhi,South,,28.547687,77.205694,,,"ASI monument register via Bhuvan (ISRO), collected by github.com/answerquest/asi-monuments-xml2csv"
"Baoli, Munirka",Delhi,South,Stepwell / Baoli,28.562354,77.174995,,,"ASI monument register via Bhuvan (ISRO), collected by github.com/answerquest/asi-monuments-xml2csv"
"Munda Gumbad, Munirka",Delhi,South,Monument / Tomb,28.561188,77.178871,,,"ASI monument register via Bhuvan (ISRO), collected by github.com/answerquest/asi-monuments-xml2csv"
"Unnamed Tomb, Munirka, 313",Delhi,South,Monument / Tomb,28.562713,77.174771,,,"ASI monument register via Bhuvan (ISRO), collected by github.com/answerquest/asi-monuments-xml2csv"
Tomb of Sultan Ghari,Delhi,South,Monument / Tomb,28.533439,77.137024,,,"ASI monument register via Bhuvan (ISRO), collected by github.com/answerquest/asi-monuments-xml2csv"
"Hauz Khas:- Group of Building at Hauz Khas consisting of the following i. The tomb of Ferozshah ii. Domed Building to the west of No.1 iii. Dalan between 1&2 iv. Domed Building & its court to the south of No. 3, v. Dalans and all Ruined Buildings to the",Delhi,South,Monument / Tomb,28.553167,77.193799,,,"ASI monument register via Bhuvan (ISRO), collected by github.com/answerquest/asi-monuments-xml2csv"
Area between Balban Khan's Tomb & Jamali Kamali,Delhi,South,Monument / Tomb,28.518994,77.18835,,,"ASI monument register via Bhuvan (ISRO), collected by github.com/answerquest/asi-monuments-xml2csv"
Nai-ka-kot in Tughlaqabad,Delhi,South East,,28.504264,77.27591,,,"ASI monument register via Bhuvan (ISRO), collected by github.com/answerquest/asi-monuments-xml2csv"
Tomb of Usuf-Quttal situated at Khirki,Delhi,South,Monument / Tomb,28.533931,77.219115,,,"ASI monument register via Bhuvan (ISRO), collected by github.com/answerquest/asi-monuments-xml2csv"
Tomb of Adham Khan (Rest House),Delhi,South,Monument / Tomb,28.523081,77.181976,,,"ASI monument register via Bhuvan (ISRO), collected by github.com/answerquest/asi-monuments-xml2csv"
Rajon-ki-Bain with Mosque and Chatri,Delhi,South,,28.520265,77.183445,,,"ASI monument register via Bhuvan (ISRO), collected by github.com/answerquest/asi-monuments-xml2csv"
Ashokan Rock Edict at Bahapur,Delhi,South East,,28.558576,77.256668,,,"ASI monument register via Bhuvan (ISRO), collected by github.com/answerquest/asi-monuments-xml2csv"
Tomb of Amir Khusro,Delhi,South East,Monument / Tomb,28.591153,77.242043,,,"ASI monument register via Bhuvan (ISRO), collected by github.com/answerquest/asi-monuments-xml2csv"
The Grave of Mirza Jahangir,Delhi,South East,,28.591249,77.24212,,,"ASI monument register via Bhuvan (ISRO), collected by github.com/answerquest/asi-monuments-xml2csv"
The Grave of Muhammad Shah,Delhi,South East,,28.591223,77.242013,,,"ASI monument register via Bhuvan (ISRO), collected by github.com/answerquest/asi-monuments-xml2csv"
The Grave of Jahanara Begum,Delhi,South East,,28.591218,77.241948,,,"ASI monument register via Bhuvan (ISRO), collected by github.com/answerquest/asi-monuments-xml2csv"
Tomb of Nizamuddin Olia,Delhi,South East,Monument / Tomb,28.591371,77.241991,,,"ASI monument register via Bhuvan (ISRO), collected by github.com/answerquest/asi-monuments-xml2csv"
Mazar of Mirza Ghalib,Delhi,South East,Monument / Tomb,28.591444,77.242958,,,"ASI monument register via Bhuvan (ISRO), collected by github.com/answerquest/asi-monuments-xml2csv"
Tomb of Tagah or Atgah Khan,Delhi,South East,Monument / Tomb,28.591548,77.24223,,,"ASI monument register via Bhuvan (ISRO), collected by github.com/answerquest/asi-monuments-xml2csv"
"The Nila Chhatri or Subaz Burj, once used as a Police Station at Nizam-ud-Din.",Delhi,South East,,28.593086,77.243706,,,"ASI monument register via Bhuvan (ISRO), collected by github.com/answerquest/asi-monuments-xml2csv"
"Enclosure containing the tomb of Shah Alam Bahadur Shah, Shah Alam II and Akbar Shah II",Delhi,South,Monument / Tomb,28.518921,77.180156,,,"ASI monument register via Bhuvan (ISRO), collected by github.com/answerquest/asi-monuments-xml2csv"
Moti Masjid,Delhi,South,,28.519212,77.180169,,,"ASI monument register via Bhuvan (ISRO), collected by github.com/answerquest/asi-monuments-xml2csv"
Tohfewala Gumbad,Delhi,South,Monument / Tomb,28.55732,77.199019,,,"ASI monument register via Bhuvan (ISRO), collected by github.com/answerquest/asi-monuments-xml2csv"
Tomb of Mohammad Tughlak Shah at Tughlakabad,Delhi,South East,Monument / Tomb,28.509287,77.261294,,,"ASI monument register via Bhuvan (ISRO), collected by github.com/answerquest/asi-monuments-xml2csv"
Enclosure wall with enclosure of the Tomb of Najaf  Khan,Delhi,South,Monument / Tomb,28.580889,77.213569,,,"ASI monument register via Bhuvan (ISRO), collected by github.com/answerquest/asi-monuments-xml2csv"
"Fortification Wall Asad Burj, Water gate, Delhi Gate, Lahori Gate, Jahangiri Gate, Chhattra Bazar, Baoli",Delhi,Central,Stepwell / Baoli,28.656854,77.239286,,,"ASI monument register via Bhuvan (ISRO), collected by github.com/answerquest/asi-monuments-xml2csv"
"Old Baoli known as Diving well in Mauza, Mehrauli",Delhi,South,Stepwell / Baoli,28.520925,77.18164,,,"ASI monument register via Bhuvan (ISRO), collected by github.com/answerquest/asi-monuments-xml2csv"
Basilica of Bom Jesus,Goa,Goa,,15.500868,73.911591,,,"ASI monument register via Bhuvan (ISRO), collected by github.com/answerquest/asi-monuments-xml2csv"
Se' Cathedral,Goa,Goa,,15.503769,73.91229,,,"ASI monument register via Bhuvan (ISRO), collected by github.com/answerquest/asi-monuments-xml2csv"
church of St. Cajetan,Goa,Goa,,15.505478,73.915435,,,"ASI monument register via Bhuvan (ISRO), collected by github.com/answerquest/asi-monuments-xml2csv"
Church and Convent of St.Francis of Assisi,Goa,Goa,,15.503169,73.911379,,,"ASI monument register via Bhuvan (ISRO), collected by github.com/answerquest/asi-monuments-xml2csv"
Church of our Lady of Rosary,Goa,Goa,,15.501743,73.904946,,,"ASI monument register via Bhuvan (ISRO), collected by github.com/answerquest/asi-monuments-xml2csv"
Chapel of St.Catherine,Goa,Goa,,15.503481,73.910473,,,"ASI monument register via Bhuvan (ISRO), collected by github.com/answerquest/asi-monuments-xml2csv"
Church of St.Augustine,Goa,Goa,,15.500172,73.906491,,,"ASI monument register via Bhuvan (ISRO), collected by github.com/answerquest/asi-monuments-xml2csv"
Portal Remains of St.Paul's College,Goa,Goa,,15.499194,73.918506,,,"ASI monument register via Bhuvan (ISRO), collected by github.com/answerquest/asi-monuments-xml2csv"
Arch of Viceroy,Goa,Goa,,15.506022,73.91371,,,"ASI monument register via Bhuvan (ISRO), collected by github.com/answerquest/asi-monuments-xml2csv"
Arch of Adilshah's Palace,Goa,Goa,Palace / Haveli,15.505451,73.91416,,,"ASI monument register via Bhuvan (ISRO), collected by github.com/answerquest/asi-monuments-xml2csv"
Chapel of St. Francis of Xavier and connected buildings,Goa,Goa,,15.500773,73.911755,,,"ASI monument register via Bhuvan (ISRO), collected by github.com/answerquest/asi-monuments-xml2csv"
House of Bull,Goa,Goa,,15.504111,73.913886,,,"ASI monument register via Bhuvan (ISRO), collected by github.com/answerquest/asi-monuments-xml2csv"
Largo of St. Francis Xavier,Goa,Goa,,15.50126,73.911902,,,"ASI monument register via Bhuvan (ISRO), collected by github.com/answerquest/asi-monuments-xml2csv"
Largo of St. Cajetan together with other monuments,Goa,Goa,,15.505603,73.914819,,,"ASI monument register via Bhuvan (ISRO), collected by github.com/answerquest/asi-monuments-xml2csv"
Aguada Fortress (Upper),Goa,Goa,,15.492247,73.773919,,,"ASI monument register via Bhuvan (ISRO), collected by github.com/answerquest/asi-monuments-xml2csv"
Fortification wall of Aguada Fortress (Lower),Goa,Goa,,15.498327,73.766658,,,"ASI monument register via Bhuvan (ISRO), collected by github.com/answerquest/asi-monuments-xml2csv"
Safa Masjid,Goa,Goa,,15.406316,74.00012,,,"ASI monument register via Bhuvan (ISRO), collected by github.com/answerquest/asi-monuments-xml2csv"
Rock Cut Caves,Goa,Goa,,15.552533,74.022971,,,"ASI monument register via Bhuvan (ISRO), collected by github.com/answerquest/asi-monuments-xml2csv"
Mahadev Temple,Goa,Goa,Temple,15.439072,74.252555,,,"ASI monument register via Bhuvan (ISRO), collected by github.com/answerquest/asi-monuments-xml2csv"
Mahadev Temple,Goa,Goa,Temple,15.206584,74.175988,,,"ASI monument register via Bhuvan (ISRO), collected by github.com/answerquest/asi-monuments-xml2csv"
Excavated Site,Goa,Goa,,15.258122,74.054854,,,"ASI monument register via Bhuvan (ISRO), collected by github.com/answerquest/asi-monuments-xml2csv"
"Three Gates besides Bhadrakali Temple, Bhadra",Gujarat,Ahmedabad,Temple,23.024256,72.581361,,,"ASI monument register via Bhuvan (ISRO), collected by github.com/answerquest/asi-monuments-xml2csv"
"Bhadra Tower beside Bhadrakali Temple, Bhadra",Gujarat,Ahmedabad,Temple,23.024314,72.581281,,,"ASI monument register via Bhuvan (ISRO), collected by github.com/answerquest/asi-monuments-xml2csv"
"Sidi Sayyid Mosque, Opp. Sardar Baugh",Gujarat,Ahmedabad,,23.027042,72.58105,,,"ASI monument register via Bhuvan (ISRO), collected by github.com/answerquest/asi-monuments-xml2csv"
"Ahmed Shah¦s Mosque, Lal Darvaja",Gujarat,Ahmedabad,,23.0227,72.57895,,,"ASI monument register via Bhuvan (ISRO), collected by github.com/answerquest/asi-monuments-xml2csv"
"Teen Darvaja Or Tripolia Gate, Bhadra",Gujarat,Ahmedabad,,23.024311,72.584558,,,"ASI monument register via Bhuvan (ISRO), collected by github.com/answerquest/asi-monuments-xml2csv"
"Shah Kupai Masjid, Karian Khas Bazar",Gujarat,Ahmedabad,,23.023781,72.583258,,,"ASI monument register via Bhuvan (ISRO), collected by github.com/answerquest/asi-monuments-xml2csv"
"Jami Masjid, Manek Chowk",Gujarat,Ahmedabad,,23.023828,72.586967,,,"ASI monument register via Bhuvan (ISRO), collected by github.com/answerquest/asi-monuments-xml2csv"
"Tombs of the Queens of Ahmed Shah, Manek Chowk",Gujarat,Ahmedabad,,23.023778,72.589139,,,"ASI monument register via Bhuvan (ISRO), collected by github.com/answerquest/asi-monuments-xml2csv"
"Ahemad Shah¦s Tomb, Manek Chowk",Gujarat,Ahmedabad,Monument / Tomb,23.023811,72.58795,,,"ASI monument register via Bhuvan (ISRO), collected by github.com/answerquest/asi-monuments-xml2csv"
"Panch Kuwa Gate, Khadiya",Gujarat,Ahmedabad,,23.025125,72.597194,,,"ASI monument register via Bhuvan (ISRO), collected by github.com/answerquest/asi-monuments-xml2csv"
"Queen¦s Mosque in Sarangpur,",Gujarat,Ahmedabad,,23.022897,72.595794,,,"ASI monument register via Bhuvan (ISRO), collected by github.com/answerquest/asi-monuments-xml2csv"
Tombs near Queen¦s Mosque in Sarangpur,Gujarat,Ahmedabad,,23.022889,72.596194,,,"ASI monument register via Bhuvan (ISRO), collected by github.com/answerquest/asi-monuments-xml2csv"
"BrickMinars, on Ahmedabad Railway Station",Gujarat,Ahmedabad,,23.027908,72.60105,,,"ASI monument register via Bhuvan (ISRO), collected by github.com/answerquest/asi-monuments-xml2csv"
Sidi Basir¦s Minars & Tombs (Shaking),Gujarat,Ahmedabad,,23.023692,72.599939,,,"ASI monument register via Bhuvan (ISRO), collected by github.com/answerquest/asi-monuments-xml2csv"
Delhi Gate Delhi Chakla,Gujarat,Ahmedabad,,23.037753,72.58795,,,"ASI monument register via Bhuvan (ISRO), collected by github.com/answerquest/asi-monuments-xml2csv"
"Kutub Shah¦s Mosque, Delhi Chakla",Gujarat,Ahmedabad,,23.035467,72.587139,,,"ASI monument register via Bhuvan (ISRO), collected by github.com/answerquest/asi-monuments-xml2csv"
"Dada Harir¦s Mosque & Tomb, Asarva",Gujarat,Ahmedabad,Monument / Tomb,23.040925,72.604992,,,"ASI monument register via Bhuvan (ISRO), collected by github.com/answerquest/asi-monuments-xml2csv"
"Dada Harir¦s well, Asarva",Gujarat,Ahmedabad,,23.040694,72.605478,,,"ASI monument register via Bhuvan (ISRO), collected by github.com/answerquest/asi-monuments-xml2csv"
"Kalupur Gate, Near old Railway Station",Gujarat,Ahmedabad,,23.030806,72.597917,,,"ASI monument register via Bhuvan (ISRO), collected by github.com/answerquest/asi-monuments-xml2csv"
"Sarangpur Gate, Sarangpur",Gujarat,Ahmedabad,,23.02265,72.598081,,,"ASI monument register via Bhuvan (ISRO), collected by github.com/answerquest/asi-monuments-xml2csv"
"Dariyapur Gate, Dariyapur",Gujarat,Ahmedabad,,23.037436,72.592964,,,"ASI monument register via Bhuvan (ISRO), collected by github.com/answerquest/asi-monuments-xml2csv"
"Premabhai Gate, Near Vadigam",Gujarat,Ahmedabad,,23.035025,72.596906,,,"ASI monument register via Bhuvan (ISRO), collected by github.com/answerquest/asi-monuments-xml2csv"
"Mata Bhawani¦s Well, Asarva",Gujarat,Ahmedabad,,23.044267,72.606811,,,"ASI monument register via Bhuvan (ISRO), collected by github.com/answerquest/asi-monuments-xml2csv"
"Achyut Bibi¦s Masjid & Tomb, Dudheshwar",Gujarat,Ahmedabad,Monument / Tomb,23.047636,72.581233,,,"ASI monument register via Bhuvan (ISRO), collected by github.com/answerquest/asi-monuments-xml2csv"
"Darya Khan¦s Tomb, Back of Dudheshwar",Gujarat,Ahmedabad,Monument / Tomb,23.052542,72.586753,,,"ASI monument register via Bhuvan (ISRO), collected by github.com/answerquest/asi-monuments-xml2csv"
"Muhafiz Khan¦s Mosque, Pitalia Bamba Ghee Kanta",Gujarat,Ahmedabad,,23.033194,72.588056,,,"ASI monument register via Bhuvan (ISRO), collected by github.com/answerquest/asi-monuments-xml2csv"
"Rani Rupavanti¦s Mosque, Mirzapur",Gujarat,Ahmedabad,,23.031747,72.583731,,,"ASI monument register via Bhuvan (ISRO), collected by github.com/answerquest/asi-monuments-xml2csv"
Shahpur or Cazi Mohamed Shahpur,Gujarat,Ahmedabad,,23.037603,72.580425,,,"ASI monument register via Bhuvan (ISRO), collected by github.com/answerquest/asi-monuments-xml2csv"
"Sayyid Usman¦s Mosque & Tomb, Usmanpura",Gujarat,Ahmedabad,Monument / Tomb,23.047961,72.569028,,,"ASI monument register via Bhuvan (ISRO), collected by github.com/answerquest/asi-monuments-xml2csv"
"Shah Alam¦s Tomb with all surrounding buildings in the group, Shah Alam Darwaja",Gujarat,Ahmedabad,Monument / Tomb,22.994411,72.588875,,,"ASI monument register via Bhuvan (ISRO), collected by github.com/answerquest/asi-monuments-xml2csv"
"Small Stone Mosque (Rani Masjid), Paldi Kocharab",Gujarat,Ahmedabad,,23.010436,72.565178,,,"ASI monument register via Bhuvan (ISRO), collected by github.com/answerquest/asi-monuments-xml2csv"
"Rauza of Azam Khan Mauzzam Khan, Vasna",Gujarat,Ahmedabad,,23.001953,72.549808,,,"ASI monument register via Bhuvan (ISRO), collected by github.com/answerquest/asi-monuments-xml2csv"
"Dastur Khan¦s Masjid, Asodia Chakla",Gujarat,Ahmedabad,,23.017908,72.589294,,,"ASI monument register via Bhuvan (ISRO), collected by github.com/answerquest/asi-monuments-xml2csv"
"Rani Sipri¦s Mosque & Tomb, Astodia Gate",Gujarat,Ahmedabad,Monument / Tomb,23.017311,72.590306,,,"ASI monument register via Bhuvan (ISRO), collected by github.com/answerquest/asi-monuments-xml2csv"
"Astodia Gate, Astodia",Gujarat,Ahmedabad,,23.016811,72.590964,,,"ASI monument register via Bhuvan (ISRO), collected by github.com/answerquest/asi-monuments-xml2csv"
"Malik Alam¦s Mosque, Tol Naka, Dani Limda",Gujarat,Ahmedabad,,23.000967,72.586917,,,"ASI monument register via Bhuvan (ISRO), collected by github.com/answerquest/asi-monuments-xml2csv"
"Raipur Gate, Raipur",Gujarat,Ahmedabad,,23.01745,72.594767,,,"ASI monument register via Bhuvan (ISRO), collected by github.com/answerquest/asi-monuments-xml2csv"
"Inlet to Kankaria Tank, Kankaria",Gujarat,Ahmedabad,,23.006228,72.604047,,,"ASI monument register via Bhuvan (ISRO), collected by github.com/answerquest/asi-monuments-xml2csv"
Bibiji¦s Masjid Rajpur/Hirapur,Gujarat,Ahmedabad,,23.014328,72.614242,,,"ASI monument register via Bhuvan (ISRO), collected by github.com/answerquest/asi-monuments-xml2csv"
"Haibatkhan¦s Masjid, Jamalpur Gate",Gujarat,Ahmedabad,,23.012639,72.582297,,,"ASI monument register via Bhuvan (ISRO), collected by github.com/answerquest/asi-monuments-xml2csv"
"Baba Lului¦s Masjid, Behrampur",Gujarat,Ahmedabad,,23.008867,72.575786,,,"ASI monument register via Bhuvan (ISRO), collected by github.com/answerquest/asi-monuments-xml2csv"
"Nawab Sardar khan Mausjid and outer gate in Suvey No. 6814, Jamalpur",Gujarat,Ahmedabad,,23.015561,72.583761,,,"ASI monument register via Bhuvan (ISRO), collected by github.com/answerquest/asi-monuments-xml2csv"
"Nawab Sardar Khan¦s Rouza with its compound bearing C.S. No. 6811, Jamalpur Gate",Gujarat,Ahmedabad,,23.015483,72.584222,,,"ASI monument register via Bhuvan (ISRO), collected by github.com/answerquest/asi-monuments-xml2csv"
"Tomb of Mir Abu Turab, Back of Calico/Mill, Jamalpur",Gujarat,Ahmedabad,Monument / Tomb,23.004636,72.576622,,,"ASI monument register via Bhuvan (ISRO), collected by github.com/answerquest/asi-monuments-xml2csv"
Jethabhai¦s Stepwell,Gujarat,Ahmedabad,Stepwell / Baoli,22.974508,72.60305,,,"ASI monument register via Bhuvan (ISRO), collected by github.com/answerquest/asi-monuments-xml2csv"
Small Stone  Masjid (Gumle Masjid),Gujarat,Ahmedabad,,22.974809,72.603011,,,"ASI monument register via Bhuvan (ISRO), collected by github.com/answerquest/asi-monuments-xml2csv"
Tombs (Qutub vI-Alam),Gujarat,Ahmedabad,,22.956444,72.613611,,,"ASI monument register via Bhuvan (ISRO), collected by github.com/answerquest/asi-monuments-xml2csv"
Great Mosque,Gujarat,Ahmedabad,,22.993422,72.504708,,,"ASI monument register via Bhuvan (ISRO), collected by github.com/answerquest/asi-monuments-xml2csv"
"Great Tank, Palace & Harem",Gujarat,Ahmedabad,Palace / Haveli,22.99205,72.504825,,,"ASI monument register via Bhuvan (ISRO), collected by github.com/answerquest/asi-monuments-xml2csv"
Pavilion Before the Tomb of Saikh Ahmed Khatau Ganj Baksh,Gujarat,Ahmedabad,Monument / Tomb,22.993232,72.505592,,,"ASI monument register via Bhuvan (ISRO), collected by github.com/answerquest/asi-monuments-xml2csv"
Tomb of Shaikh Ahmed Khatau Ganj Baksh.,Gujarat,Ahmedabad,Monument / Tomb,22.988058,72.503347,,,"ASI monument register via Bhuvan (ISRO), collected by github.com/answerquest/asi-monuments-xml2csv"
Tomb of bibi Rajbai,Gujarat,Ahmedabad,Monument / Tomb,22.992857,72.505459,,,"ASI monument register via Bhuvan (ISRO), collected by github.com/answerquest/asi-monuments-xml2csv"
Tomb of Muhammad Begarh,Gujarat,Ahmedabad,Monument / Tomb,22.99295,72.505739,,,"ASI monument register via Bhuvan (ISRO), collected by github.com/answerquest/asi-monuments-xml2csv"
Roza of Bava Alisar & Bava Ganj Baksh,Gujarat,Ahmedabad,,22.993606,72.505578,,,"ASI monument register via Bhuvan (ISRO), collected by github.com/answerquest/asi-monuments-xml2csv"
Jami Masjid,Gujarat,Ahmedabad,,22.729429,72.440562,,,"ASI monument register via Bhuvan (ISRO), collected by github.com/answerquest/asi-monuments-xml2csv"
Malav Tank,Gujarat,Ahmedabad,,22.726581,72.435461,,,"ASI monument register via Bhuvan (ISRO), collected by github.com/answerquest/asi-monuments-xml2csv"
Khan Masjid,Gujarat,Ahmedabad,,22.733833,72.431578,,,"ASI monument register via Bhuvan (ISRO), collected by github.com/answerquest/asi-monuments-xml2csv"
Bahlol Khan Cazi¦s Mosque,Gujarat,Ahmedabad,,22.734431,72.441239,,,"ASI monument register via Bhuvan (ISRO), collected by github.com/answerquest/asi-monuments-xml2csv"
Ruined Building,Gujarat,Ahmedabad,,22.725517,72.441669,,,"ASI monument register via Bhuvan (ISRO), collected by github.com/answerquest/asi-monuments-xml2csv"
Ancient Sited at Lothal,Gujarat,Ahmedabad,,22.523795,72.247953,,,"ASI monument register via Bhuvan (ISRO), collected by github.com/answerquest/asi-monuments-xml2csv"
Masjid of Ragusha Pir,Gujarat,Ahmedabad,,22.346622,71.711636,,,"ASI monument register via Bhuvan (ISRO), collected by github.com/answerquest/asi-monuments-xml2csv"
Jami Masjid,Gujarat,Ahmedabad,,23.288912,71.917146,,,"ASI monument register via Bhuvan (ISRO), collected by github.com/answerquest/asi-monuments-xml2csv"
Cazi Masjid,Gujarat,Ahmedabad,,23.290053,71.917645,,,"ASI monument register via Bhuvan (ISRO), collected by github.com/answerquest/asi-monuments-xml2csv"
Sayyid Masjid,Gujarat,Ahmedabad,,23.28879,71.917564,,,"ASI monument register via Bhuvan (ISRO), collected by github.com/answerquest/asi-monuments-xml2csv"
Mansar Talav & Shrines,Gujarat,Ahmedabad,,23.121875,72.042983,,,"ASI monument register via Bhuvan (ISRO), collected by github.com/answerquest/asi-monuments-xml2csv"
Ancient Site Gohilwada Timbo (Mound),Gujarat,Amreli,,21.61138,71.20538,,,"ASI monument register via Bhuvan (ISRO), collected by github.com/answerquest/asi-monuments-xml2csv"
Ancient Site,Gujarat,Amreli,,21.642315,71.157681,,,"ASI monument register via Bhuvan (ISRO), collected by github.com/answerquest/asi-monuments-xml2csv"
Stepwell,Gujarat,Anand,Stepwell / Baoli,22.411098,72.901088,,,"ASI monument register via Bhuvan (ISRO), collected by github.com/answerquest/asi-monuments-xml2csv"
Jami Masjid,Gujarat,Anand,,22.310669,72.618067,,,"ASI monument register via Bhuvan (ISRO), collected by github.com/answerquest/asi-monuments-xml2csv"
Darbargarh,Gujarat,Bhavnagar,,21.710789,71.966433,,,"ASI monument register via Bhuvan (ISRO), collected by github.com/answerquest/asi-monuments-xml2csv"
Jain Temples,Gujarat,Bhavnagar,,21.355397,72.033219,,,"ASI monument register via Bhuvan (ISRO), collected by github.com/answerquest/asi-monuments-xml2csv"
Talaja Caves,Gujarat,Bhavnagar,,21.355642,72.032397,,,"ASI monument register via Bhuvan (ISRO), collected by github.com/answerquest/asi-monuments-xml2csv"
Jami Masjid,Gujarat,Bharuch,,21.691884,72.982146,,,"ASI monument register via Bhuvan (ISRO), collected by github.com/answerquest/asi-monuments-xml2csv"
Old Ruined Temple of Mahadev,Gujarat,Dahod,Temple,22.752297,74.2011,,,"ASI monument register via Bhuvan (ISRO), collected by github.com/answerquest/asi-monuments-xml2csv"
Tomb of Sikandar Shah,Gujarat,Godhra,Monument / Tomb,22.505569,73.473644,,,"ASI monument register via Bhuvan (ISRO), collected by github.com/answerquest/asi-monuments-xml2csv"
Ek-Minar-Ki-Masjid,Gujarat,Godhra,,22.489371,73.514851,,,"ASI monument register via Bhuvan (ISRO), collected by github.com/answerquest/asi-monuments-xml2csv"
Panch-Mahuda-ki-Masjid,Gujarat,Godhra,,22.489989,73.500531,,,"ASI monument register via Bhuvan (ISRO), collected by github.com/answerquest/asi-monuments-xml2csv"
Tomb near Panch-Mahuda-Ki-Masjid,Gujarat,Godhra,Monument / Tomb,22.494137,73.50038,,,"ASI monument register via Bhuvan (ISRO), collected by github.com/answerquest/asi-monuments-xml2csv"
Helical Stepped Well (With 50 feet space around at pathway 10 feet wide to nearest road,Gujarat,Godhra,,22.484347,73.517583,,,"ASI monument register via Bhuvan (ISRO), collected by github.com/answerquest/asi-monuments-xml2csv"
Sakar Khan¦s Dargah,Gujarat,Godhra,Monument / Tomb,22.482679,73.520516,,,"ASI monument register via Bhuvan (ISRO), collected by github.com/answerquest/asi-monuments-xml2csv"
Cite Gate,Gujarat,Godhra,,22.482959,73.522289,,,"ASI monument register via Bhuvan (ISRO), collected by github.com/answerquest/asi-monuments-xml2csv"
Citadel walls,Gujarat,Godhra,,22.483203,73.531828,,,"ASI monument register via Bhuvan (ISRO), collected by github.com/answerquest/asi-monuments-xml2csv"
Cite walls at the S.E. corner of the citadel going up the hill,Gujarat,Godhra,,22.483364,73.536542,,,"ASI monument register via Bhuvan (ISRO), collected by github.com/answerquest/asi-monuments-xml2csv"
East and South Bhadra Gates,Gujarat,Godhra,,22.484853,73.536211,,,"ASI monument register via Bhuvan (ISRO), collected by github.com/answerquest/asi-monuments-xml2csv"
Saher Ki Masjid (Bohrani),Gujarat,Godhra,,22.483642,73.531791,,,"ASI monument register via Bhuvan (ISRO), collected by github.com/answerquest/asi-monuments-xml2csv"
Three Cells,Gujarat,Godhra,,22.484467,73.531613,,,"ASI monument register via Bhuvan (ISRO), collected by github.com/answerquest/asi-monuments-xml2csv"
Mandvi or Custom House,Gujarat,Godhra,,22.484901,73.532685,,,"ASI monument register via Bhuvan (ISRO), collected by github.com/answerquest/asi-monuments-xml2csv"
Jami Masjid,Gujarat,Godhra,,22.485807,73.537169,,,"ASI monument register via Bhuvan (ISRO), collected by github.com/answerquest/asi-monuments-xml2csv"
Stepwell,Gujarat,Godhra,Stepwell / Baoli,22.486394,73.537419,,,"ASI monument register via Bhuvan (ISRO), collected by github.com/answerquest/asi-monuments-xml2csv"
Kevda Masjid,Gujarat,Godhra,,22.489261,73.533322,,,"ASI monument register via Bhuvan (ISRO), collected by github.com/answerquest/asi-monuments-xml2csv"
Tomb with a Brick dome in the centre and small corner domes,Gujarat,Godhra,Monument / Tomb,22.494521,73.55038,,,"ASI monument register via Bhuvan (ISRO), collected by github.com/answerquest/asi-monuments-xml2csv"
Cenotaph of Kevda Masjid,Gujarat,Godhra,,22.489242,73.533995,,,"ASI monument register via Bhuvan (ISRO), collected by github.com/answerquest/asi-monuments-xml2csv"
Nagina Masjid,Gujarat,Godhra,,22.494026,73.52975,,,"ASI monument register via Bhuvan (ISRO), collected by github.com/answerquest/asi-monuments-xml2csv"
Cenotaph of Nagina Masjid,Gujarat,Godhra,,22.494241,73.530182,,,"ASI monument register via Bhuvan (ISRO), collected by github.com/answerquest/asi-monuments-xml2csv"
Lili-Gumbaz-ki-Masjid,Gujarat,Godhra,,22.490785,73.540959,,,"ASI monument register via Bhuvan (ISRO), collected by github.com/answerquest/asi-monuments-xml2csv"
Kabutarkhana Pavilion,Gujarat,Godhra,,22.494253,73.557234,,,"ASI monument register via Bhuvan (ISRO), collected by github.com/answerquest/asi-monuments-xml2csv"
Kamani Masjid,Gujarat,Godhra,,22.482933,73.546965,,,"ASI monument register via Bhuvan (ISRO), collected by github.com/answerquest/asi-monuments-xml2csv"
Bawa Man¦s Mosque,Gujarat,Godhra,,22.479128,73.535558,,,"ASI monument register via Bhuvan (ISRO), collected by github.com/answerquest/asi-monuments-xml2csv"
Gate No.1 Atak Gate (With tow gateways),Gujarat,Godhra,,22.476336,73.532406,,,"ASI monument register via Bhuvan (ISRO), collected by github.com/answerquest/asi-monuments-xml2csv"
Gate No. 2(With three gateways),Gujarat,Godhra,,22.470513,73.525728,,,"ASI monument register via Bhuvan (ISRO), collected by github.com/answerquest/asi-monuments-xml2csv"
Gate No.3 Modi Gate Sadanshah Gate,Gujarat,Godhra,,22.470263,73.52532,,,"ASI monument register via Bhuvan (ISRO), collected by github.com/answerquest/asi-monuments-xml2csv"
Gate No.4 with big bastion with cells in the interior,Gujarat,Godhra,,22.470621,73.523055,,,"ASI monument register via Bhuvan (ISRO), collected by github.com/answerquest/asi-monuments-xml2csv"
Sat Manzil with steps right upto bastion on top,Gujarat,Godhra,,22.470676,73.523858,,,"ASI monument register via Bhuvan (ISRO), collected by github.com/answerquest/asi-monuments-xml2csv"
Mint above Gate No.4,Gujarat,Godhra,,22.469782,73.524105,,,"ASI monument register via Bhuvan (ISRO), collected by github.com/answerquest/asi-monuments-xml2csv"
"Gate No.5, Gulan Bulan Gate",Gujarat,Godhra,,22.468894,73.523319,,,"ASI monument register via Bhuvan (ISRO), collected by github.com/answerquest/asi-monuments-xml2csv"
"Gate No. 6, Buland Darwaja",Gujarat,Godhra,,22.465286,73.521989,,,"ASI monument register via Bhuvan (ISRO), collected by github.com/answerquest/asi-monuments-xml2csv"
Patai Rawal¦s Palace with tanks,Gujarat,Godhra,Palace / Haveli,22.461612,73.52728,,,"ASI monument register via Bhuvan (ISRO), collected by github.com/answerquest/asi-monuments-xml2csv"
"Gate No. 7, Makai Gate",Gujarat,Godhra,,22.465589,73.519436,,,"ASI monument register via Bhuvan (ISRO), collected by github.com/answerquest/asi-monuments-xml2csv"
Gate No. 8 Tarapore Gate,Gujarat,Godhra,,22.467897,73.515306,,,"ASI monument register via Bhuvan (ISRO), collected by github.com/answerquest/asi-monuments-xml2csv"
Fort of Pavagadh & Ruined Hindu Temples & Jain Temples on the top of the pavagadh Hill,Gujarat,Godhra,Fort,22.466886,73.515219,,,"ASI monument register via Bhuvan (ISRO), collected by github.com/answerquest/asi-monuments-xml2csv"
Navlakha Kothar,Gujarat,Godhra,,22.467236,73.511608,,,"ASI monument register via Bhuvan (ISRO), collected by github.com/answerquest/asi-monuments-xml2csv"
Walls of Fort on Top,Gujarat,Godhra,Fort,22.463644,73.518404,,,"ASI monument register via Bhuvan (ISRO), collected by github.com/answerquest/asi-monuments-xml2csv"
Rudra Mahalaya Temple,Gujarat,Godhra,Temple,22.350426,73.551813,,,"ASI monument register via Bhuvan (ISRO), collected by github.com/answerquest/asi-monuments-xml2csv"
Kankeshvara Mahadev Temple,Gujarat,Godhra,Temple,22.832189,73.484189,,,"ASI monument register via Bhuvan (ISRO), collected by github.com/answerquest/asi-monuments-xml2csv"
Ratneshvara Old Temple with Sculptured screen,Gujarat,Godhra,Temple,22.839514,73.432172,,,"ASI monument register via Bhuvan (ISRO), collected by github.com/answerquest/asi-monuments-xml2csv"
Rudabai Stepwell with inscription,Gujarat,Gandhinagar,Stepwell / Baoli,23.166866,72.580104,,,"ASI monument register via Bhuvan (ISRO), collected by github.com/answerquest/asi-monuments-xml2csv"
Durvasa Rishi¦s Ashram and its site,Gujarat,Jamnagar,,22.264622,69.252764,,,"ASI monument register via Bhuvan (ISRO), collected by github.com/answerquest/asi-monuments-xml2csv"
Kalika Mata Temple,Gujarat,Jamnagar,Temple,22.149178,69.072506,,,"ASI monument register via Bhuvan (ISRO), collected by github.com/answerquest/asi-monuments-xml2csv"
Gokeshwar Mahadev Temple,Gujarat,Jamnagar,Temple,22.173897,69.092044,,,"ASI monument register via Bhuvan (ISRO), collected by github.com/answerquest/asi-monuments-xml2csv"
Temple of Rama Laxman,Gujarat,Jamnagar,Temple,22.205766,69.004784,,,"ASI monument register via Bhuvan (ISRO), collected by github.com/answerquest/asi-monuments-xml2csv"
"Dwarkadhish Group of Temples with its outer compound S.No.1607,1608 & 1609",Gujarat,Jamnagar,,22.237764,68.967372,,,"ASI monument register via Bhuvan (ISRO), collected by github.com/answerquest/asi-monuments-xml2csv"
Rukmani Temple,Gujarat,Jamnagar,Temple,22.25735,68.9644,,,"ASI monument register via Bhuvan (ISRO), collected by github.com/answerquest/asi-monuments-xml2csv"
Gop (Sun) Temple,Gujarat,Jamnagar,Temple,22.028794,69.929172,,,"ASI monument register via Bhuvan (ISRO), collected by github.com/answerquest/asi-monuments-xml2csv"
Ashokan Rock (Edicts),Gujarat,Junagadh,,21.525094,70.479486,,,"ASI monument register via Bhuvan (ISRO), collected by github.com/answerquest/asi-monuments-xml2csv"
Buddhistic Cave,Gujarat,Junagadh,,21.525878,70.469594,,,"ASI monument register via Bhuvan (ISRO), collected by github.com/answerquest/asi-monuments-xml2csv"
Baba Pyare Caves,Gujarat,Junagadh,,21.520025,70.470096,,,"ASI monument register via Bhuvan (ISRO), collected by github.com/answerquest/asi-monuments-xml2csv"
Khapra Kodia Caves,Gujarat,Junagadh,,21.529972,70.46837,,,"ASI monument register via Bhuvan (ISRO), collected by github.com/answerquest/asi-monuments-xml2csv"
Jami Masjid,Gujarat,Junagadh,,21.119375,70.110431,,,"ASI monument register via Bhuvan (ISRO), collected by github.com/answerquest/asi-monuments-xml2csv"
Raveli Masjid,Gujarat,Junagadh,,21.121728,70.114383,,,"ASI monument register via Bhuvan (ISRO), collected by github.com/answerquest/asi-monuments-xml2csv"
Ranchhod Rayaji Temple with wasteland around the chowk of mahadev Temple,Gujarat,Junagadh,Temple,20.759219,70.661253,,,"ASI monument register via Bhuvan (ISRO), collected by github.com/answerquest/asi-monuments-xml2csv"
Vithalbhai Haveli,Gujarat,Kheda,Palace / Haveli,22.660548,72.755378,,,"ASI monument register via Bhuvan (ISRO), collected by github.com/answerquest/asi-monuments-xml2csv"
Bhamaria Well,Gujarat,Kheda,,22.81162,72.748932,,,"ASI monument register via Bhuvan (ISRO), collected by github.com/answerquest/asi-monuments-xml2csv"
Temple of Galteshwar,Gujarat,Kheda,Temple,22.784836,73.278058,,,"ASI monument register via Bhuvan (ISRO), collected by github.com/answerquest/asi-monuments-xml2csv"
Tomb of Saif-ud-din & Nizam-ud-din,Gujarat,Kheda,Monument / Tomb,22.841656,72.772108,,,"ASI monument register via Bhuvan (ISRO), collected by github.com/answerquest/asi-monuments-xml2csv"
"Balari Nath,",Uttar Pradesh,Banda,,25.074519,80.695072,,,"ASI monument register via Bhuvan (ISRO), collected by github.com/answerquest/asi-monuments-xml2csv"
"Remains of two temples,",Uttar Pradesh,Banda,,25.076744,80.690884,,,"ASI monument register via Bhuvan (ISRO), collected by github.com/answerquest/asi-monuments-xml2csv"
"Two inscriptions, one dated 1520, the other undated on a large basalt rock close to the bank of the Paisuni river,",Uttar Pradesh,Chitrakut,,25.072681,80.867808,,,"ASI monument register via Bhuvan (ISRO), collected by github.com/answerquest/asi-monuments-xml2csv"
"Closed Cemetery, Bargarh,",Uttar Pradesh,Chitrakut,,25.162972,81.460856,,,"ASI monument register via Bhuvan (ISRO), collected by github.com/answerquest/asi-monuments-xml2csv"
"Temple, Bargarh,",Uttar Pradesh,Chitrakut,Temple,25.106256,81.450736,,,"ASI monument register via Bhuvan (ISRO), collected by github.com/answerquest/asi-monuments-xml2csv"
"Remains of a magnificent temple, circa 10th century A.D. usually called Bhar Deul,",Uttar Pradesh,Chitrakut,Temple,25.265144,81.502894,,,"ASI monument register via Bhuvan (ISRO), collected by github.com/answerquest/asi-monuments-xml2csv"
Tomb of Mubarak Sayyid,Gujarat,Kheda,Monument / Tomb,22.842556,72.773425,,,"ASI monument register via Bhuvan (ISRO), collected by github.com/answerquest/asi-monuments-xml2csv"
Tomb of Raao Lakha & Chhatri,Gujarat,Kachchh,Monument / Tomb,23.246331,69.658489,,,"ASI monument register via Bhuvan (ISRO), collected by github.com/answerquest/asi-monuments-xml2csv"
Siva Temple,Gujarat,Kachchh,Temple,23.384656,69.782939,,,"ASI monument register via Bhuvan (ISRO), collected by github.com/answerquest/asi-monuments-xml2csv"
Excavated Site,Gujarat,Kachchh,,23.6115,70.917425,,,"ASI monument register via Bhuvan (ISRO), collected by github.com/answerquest/asi-monuments-xml2csv"
Ancient Site (Kotada),Gujarat,Kachchh,,23.886484,70.208598,,,"ASI monument register via Bhuvan (ISRO), collected by github.com/answerquest/asi-monuments-xml2csv"
Malai Mata Temple,Gujarat,Mehsana,Temple,23.641075,72.360428,,,"ASI monument register via Bhuvan (ISRO), collected by github.com/answerquest/asi-monuments-xml2csv"
Hingloji Mata Temple,Gujarat,Mehsana,Temple,23.736899,72.474042,,,"ASI monument register via Bhuvan (ISRO), collected by github.com/answerquest/asi-monuments-xml2csv"
ARCHAEOLOGICAL SITE,Rajasthan,RAJSAMAND,,25.0327,74.263686,,,"ASI monument register via Bhuvan (ISRO), collected by github.com/answerquest/asi-monuments-xml2csv"
"Small temple with a sanctum only 4i10a (Sq.) and a flat roof, situated outside the cave no 212,",Uttar Pradesh,Chitrakut,Temple,25.2465,81.510256,,,"ASI monument register via Bhuvan (ISRO), collected by github.com/answerquest/asi-monuments-xml2csv"
"Two large caves known as Rikhain,",Uttar Pradesh,Chitrakut,,25.2465,81.510256,,,"ASI monument register via Bhuvan (ISRO), collected by github.com/answerquest/asi-monuments-xml2csv"
"City Cemetery,",Uttar Pradesh,Chitrakut,,25.214497,80.910131,,,"ASI monument register via Bhuvan (ISRO), collected by github.com/answerquest/asi-monuments-xml2csv"
"Stone temple,",Uttar Pradesh,Chitrakut,Temple,25.195619,80.918333,,,"ASI monument register via Bhuvan (ISRO), collected by github.com/answerquest/asi-monuments-xml2csv"
"Temple, Karvi.",Uttar Pradesh,Chitrakut,Temple,25.215294,80.917436,,,"ASI monument register via Bhuvan (ISRO), collected by github.com/answerquest/asi-monuments-xml2csv"
"Ruins of an old Jain temple called Haihaiti Mandir together with fragments of statues about the fort of he hill, Khoh, Karvi.",Uttar Pradesh,Chitrakut,Fort,25.202622,80.974056,,,"ASI monument register via Bhuvan (ISRO), collected by github.com/answerquest/asi-monuments-xml2csv"
"Ruins of some Jain temples,.",Uttar Pradesh,Chitrakut,,25.186811,81.246942,,,"ASI monument register via Bhuvan (ISRO), collected by github.com/answerquest/asi-monuments-xml2csv"
"Manikpur Cantonment Cemetery,",Uttar Pradesh,Chitrakut,,25.0591,81.101636,,,"ASI monument register via Bhuvan (ISRO), collected by github.com/answerquest/asi-monuments-xml2csv"
"Two ruined temples,",Uttar Pradesh,Chitrakut,,25.259878,81.364147,,,"ASI monument register via Bhuvan (ISRO), collected by github.com/answerquest/asi-monuments-xml2csv"
"Inscribed statue of Chandel period under a Pipal tree, Mau.",Uttar Pradesh,Chitrakut,,25.255834,81.300675,,,"ASI monument register via Bhuvan (ISRO), collected by github.com/answerquest/asi-monuments-xml2csv"
"Ruins of a large Linga temple of the Chandel type, Mau.",Uttar Pradesh,Chitrakut,Temple,25.255939,81.300494,,,"ASI monument register via Bhuvan (ISRO), collected by github.com/answerquest/asi-monuments-xml2csv"
"Priest House, Ram Nagar, Mau.",Uttar Pradesh,Chitrakut,,25.247169,81.24435,,,"ASI monument register via Bhuvan (ISRO), collected by github.com/answerquest/asi-monuments-xml2csv"
"Ruins of a large Chandel temple,",Uttar Pradesh,Chitrakut,Temple,25.247169,81.24435,,,"ASI monument register via Bhuvan (ISRO), collected by github.com/answerquest/asi-monuments-xml2csv"
"Extensive mound & a group of Hindu Sculptures,",Uttar Pradesh,Fatehpur,,25.818819,81.003703,,,"ASI monument register via Bhuvan (ISRO), collected by github.com/answerquest/asi-monuments-xml2csv"
"Temple,",Uttar Pradesh,Fatehpur,Temple,26.061956,80.57295,,,"ASI monument register via Bhuvan (ISRO), collected by github.com/answerquest/asi-monuments-xml2csv"
"Mound called Chauki,",Uttar Pradesh,Fatehpur,,25.774936,81.286689,,,"ASI monument register via Bhuvan (ISRO), collected by github.com/answerquest/asi-monuments-xml2csv"
"Monument in the memory of A. Blakely,",Uttar Pradesh,Fatehpur,,26.189156,80.548228,,,"ASI monument register via Bhuvan (ISRO), collected by github.com/answerquest/asi-monuments-xml2csv"
"Large mound covered with broken bricks & pottery,",Uttar Pradesh,Fatehpur,,26.051019,80.933861,,,"ASI monument register via Bhuvan (ISRO), collected by github.com/answerquest/asi-monuments-xml2csv"
"Extensive brick strewn mound,",Uttar Pradesh,Fatehpur,,25.750983,80.878694,,,"ASI monument register via Bhuvan (ISRO), collected by github.com/answerquest/asi-monuments-xml2csv"
"Smaller mound bearing five large Digamber Jain figures which people call the five Pandavas,",Uttar Pradesh,Fatehpur,,25.748431,80.882472,,,"ASI monument register via Bhuvan (ISRO), collected by github.com/answerquest/asi-monuments-xml2csv"
"Emperor Aurangzebrs Pavilion, Bagh Badshahi, Khajua",Uttar Pradesh,Fatehpur,,26.051869,80.526672,,,"ASI monument register via Bhuvan (ISRO), collected by github.com/answerquest/asi-monuments-xml2csv"
"Entire compound known as Bagh Badshahi, Bagh Badshahi",Uttar Pradesh,Fatehpur,,26.051869,80.526672,,,"ASI monument register via Bhuvan (ISRO), collected by github.com/answerquest/asi-monuments-xml2csv"
"Temple,",Uttar Pradesh,Fatehpur,Temple,25.839297,80.630854,,,"ASI monument register via Bhuvan (ISRO), collected by github.com/answerquest/asi-monuments-xml2csv"
"Four massive masonry pillars containing stone tablets with inscriptions in Urdu & Hindi representing translations of the Ten Commandments, and some verses from Saint John-s Gospel, on the Grand Trunk Road just opposite the Public Works Department, Inspec",Uttar Pradesh,Fatehpur,,25.943287,80.803381,,,"ASI monument register via Bhuvan (ISRO), collected by github.com/answerquest/asi-monuments-xml2csv"
Square sand-stone pillar bearing an inscription of Mahipala-deva dated 5.974 in the Municipal Garden attached to the Town Hall.,Uttar Pradesh,Fatehpur,,25.934986,80.813278,,,"ASI monument register via Bhuvan (ISRO), collected by github.com/answerquest/asi-monuments-xml2csv"
The collection of miscellaneous antiquities from different parts of the District grouped round the Asni pillar of Mahipala-deva in the Municipal Garden attached to the Town Hall.,Uttar Pradesh,Fatehpur,,25.934986,80.813278,,,"ASI monument register via Bhuvan (ISRO), collected by github.com/answerquest/asi-monuments-xml2csv"
"Hathikhana Mosque of the Jaichandi Mosque,",Uttar Pradesh,Fatehpur,,25.867972,81.123598,,,"ASI monument register via Bhuvan (ISRO), collected by github.com/answerquest/asi-monuments-xml2csv"
"Circular mound, the site of a temple,",Uttar Pradesh,Fatehpur,Temple,25.680703,81.10066,,,"ASI monument register via Bhuvan (ISRO), collected by github.com/answerquest/asi-monuments-xml2csv"
"Extensive mound called eGarhi ,",Uttar Pradesh,Fatehpur,,25.679697,81.104406,,,"ASI monument register via Bhuvan (ISRO), collected by github.com/answerquest/asi-monuments-xml2csv"
"Monument in the memory of Col. T.S. Powell,",Uttar Pradesh,Fatehpur,,26.004528,80.675508,,,"ASI monument register via Bhuvan (ISRO), collected by github.com/answerquest/asi-monuments-xml2csv"
"Four Temples,",Uttar Pradesh,Fatehpur,,25.859042,80.659778,,,"ASI monument register via Bhuvan (ISRO), collected by github.com/answerquest/asi-monuments-xml2csv"
FORT,Rajasthan,RAJSAMAND,Fort,25.149167,73.581111,,,"ASI monument register via Bhuvan (ISRO), collected by github.com/answerquest/asi-monuments-xml2csv"
"Ruins of a fort built by Jaya Chandra,",Uttar Pradesh,Fatehpur,Fort,25.859244,80.659161,,,"ASI monument register via Bhuvan (ISRO), collected by github.com/answerquest/asi-monuments-xml2csv"
"Old Fort,",Uttar Pradesh,Fatehpur,Fort,25.809572,80.762692,,,"ASI monument register via Bhuvan (ISRO), collected by github.com/answerquest/asi-monuments-xml2csv"
"Extensive ruins of an ancient fortified town said to be a stronghold of the Chandel,",Uttar Pradesh,Fatehpur,,25.809572,80.762692,,,"ASI monument register via Bhuvan (ISRO), collected by github.com/answerquest/asi-monuments-xml2csv"
"Mound with many pieces of stone sculptures collected upon them,",Uttar Pradesh,Fatehpur,,25.859876,80.545195,,,"ASI monument register via Bhuvan (ISRO), collected by github.com/answerquest/asi-monuments-xml2csv"
"Ruined Temple,",Uttar Pradesh,Fatehpur,Temple,25.693222,80.939856,,,"ASI monument register via Bhuvan (ISRO), collected by github.com/answerquest/asi-monuments-xml2csv"
"Two brick Temples,",Uttar Pradesh,Fatehpur,,25.994358,80.2965,,,"ASI monument register via Bhuvan (ISRO), collected by github.com/answerquest/asi-monuments-xml2csv"
"Two Temples,",Uttar Pradesh,Fatehpur,,25.907528,80.651416,,,"ASI monument register via Bhuvan (ISRO), collected by github.com/answerquest/asi-monuments-xml2csv"
Simhanath Mahadeva Temple,Odisha,Cuttack,Temple,20.416667,85.333333,,,"ASI monument register via Bhuvan (ISRO), collected by github.com/answerquest/asi-monuments-xml2csv"
"Certain mounds covered with broken statues and sculptures,",Uttar Pradesh,Hamirpur,,25.699044,79.601889,,,"ASI monument register via Bhuvan (ISRO), collected by github.com/answerquest/asi-monuments-xml2csv"
"Closed British Cemetery,",Uttar Pradesh,Hamirpur,,25.515397,79.537667,,,"ASI monument register via Bhuvan (ISRO), collected by github.com/answerquest/asi-monuments-xml2csv"
"Mounds covered with broken bricks etc. & three kheras near them, viz. Lakhanapur, Mirzapur & Itara,",Uttar Pradesh,Hamirpur,,25.825951,80.150965,,,"ASI monument register via Bhuvan (ISRO), collected by github.com/answerquest/asi-monuments-xml2csv"
"Mounds covered with broken bricks etc. & three kheras near them, viz. Lakhanapur, Mirzapur & Itara,",Uttar Pradesh,Hamirpur,,25.828453,80.158522,,,"ASI monument register via Bhuvan (ISRO), collected by github.com/answerquest/asi-monuments-xml2csv"
"Mounds covered with broken bricks etc. & three kheras near them, viz. Lakhanapur, Mirzapur & Itara,",Uttar Pradesh,Hamirpur,,25.778114,80.147833,,,"ASI monument register via Bhuvan (ISRO), collected by github.com/answerquest/asi-monuments-xml2csv"
Major Robert,Uttar Pradesh,Hardoi,,27.256861,79.72292,,,"ASI monument register via Bhuvan (ISRO), collected by github.com/answerquest/asi-monuments-xml2csv"
"Brick mound locally called Bhankargarh,",Uttar Pradesh,Hardoi,,27.198311,80.892522,,,"ASI monument register via Bhuvan (ISRO), collected by github.com/answerquest/asi-monuments-xml2csv"
High irregular Khera covered with broken bricks & sculptures,Uttar Pradesh,Hardoi,,27.388797,80.114878,,,"ASI monument register via Bhuvan (ISRO), collected by github.com/answerquest/asi-monuments-xml2csv"
"Mound known as Kalhaur or Killo,",Uttar Pradesh,Hardoi,,27.46855,80.122831,,,"ASI monument register via Bhuvan (ISRO), collected by github.com/answerquest/asi-monuments-xml2csv"
"Memorial tomb,",Uttar Pradesh,Hardoi,Monument / Tomb,27.345868,79.78393,,,"ASI monument register via Bhuvan (ISRO), collected by github.com/answerquest/asi-monuments-xml2csv"
"Large Dih covered with broken bricks & pottery crowned with a small ruined temple of the 10th century A.D, Kherwa & Kajhgaon.",Uttar Pradesh,Hardoi,Temple,27.066953,80.202714,,,"ASI monument register via Bhuvan (ISRO), collected by github.com/answerquest/asi-monuments-xml2csv"
"Memorial Cemetery,",Uttar Pradesh,Hardoi,,27.111183,80.141165,,,"ASI monument register via Bhuvan (ISRO), collected by github.com/answerquest/asi-monuments-xml2csv"
"Well near the Dargah of Makhdum Shah,",Uttar Pradesh,Hardoi,Monument / Tomb,27.048142,80.146861,,,"ASI monument register via Bhuvan (ISRO), collected by github.com/answerquest/asi-monuments-xml2csv"
"Tomb of Nawab of Sadar Jahan,",Uttar Pradesh,Hardoi,Monument / Tomb,27.621436,80.202075,,,"ASI monument register via Bhuvan (ISRO), collected by github.com/answerquest/asi-monuments-xml2csv"
"Ancient mound,",Uttar Pradesh,Hardoi,,27.493211,79.890156,,,"ASI monument register via Bhuvan (ISRO), collected by github.com/answerquest/asi-monuments-xml2csv"
"Phulmati,",Uttar Pradesh,Hardoi,,27.290133,79.964717,,,"ASI monument register via Bhuvan (ISRO), collected by github.com/answerquest/asi-monuments-xml2csv"
"Maqbara of Nawab Diler Khan,",Uttar Pradesh,Hardoi,Monument / Tomb,27.658714,79.944442,,,"ASI monument register via Bhuvan (ISRO), collected by github.com/answerquest/asi-monuments-xml2csv"
"A Sanskrit inscription of Samvat 1672 on the Chauknanda of Rupan Guru,",Uttar Pradesh,Jalaun,,26.015725,79.691111,,,"ASI monument register via Bhuvan (ISRO), collected by github.com/answerquest/asi-monuments-xml2csv"
"Chaurasi Tomb of Lodhi Shah Badshah,",Uttar Pradesh,Jalaun,Monument / Tomb,26.113872,79.727025,,,"ASI monument register via Bhuvan (ISRO), collected by github.com/answerquest/asi-monuments-xml2csv"
"Closed Cemetery,",Uttar Pradesh,Jalaun,,26.130524,79.74473,,,"ASI monument register via Bhuvan (ISRO), collected by github.com/answerquest/asi-monuments-xml2csv"
"Piece of fort wall on the north-east scarp with its circular bastion,",Uttar Pradesh,Jalaun,Fort,26.130008,79.749833,,,"ASI monument register via Bhuvan (ISRO), collected by github.com/answerquest/asi-monuments-xml2csv"
"Small domes building carried on six pillars immediately near to the P.W.D. Rest House,",Uttar Pradesh,Jalaun,,26.130525,79.745772,,,"ASI monument register via Bhuvan (ISRO), collected by github.com/answerquest/asi-monuments-xml2csv"
Cemetery,Uttar Pradesh,Jalaun,,25.994004,79.145621,,,"ASI monument register via Bhuvan (ISRO), collected by github.com/answerquest/asi-monuments-xml2csv"
"One dome on twelve pillars called Bara Khamba traditionally ascribed to the commander of Prithviraja, Kunch Azad Nagar.",Uttar Pradesh,Jalaun,,25.992805,79.144852,,,"ASI monument register via Bhuvan (ISRO), collected by github.com/answerquest/asi-monuments-xml2csv"
"Mosque,",Uttar Pradesh,Jalaun,,25.990686,79.451599,,,"ASI monument register via Bhuvan (ISRO), collected by github.com/answerquest/asi-monuments-xml2csv"
"Ruins of a large temple of the Chandel period, Bangama.",Uttar Pradesh,Jhansi,Temple,25.395328,78.682233,,,"ASI monument register via Bhuvan (ISRO), collected by github.com/answerquest/asi-monuments-xml2csv"
"Chandel temple,",Uttar Pradesh,Jhansi,Temple,25.381572,78.749872,,,"ASI monument register via Bhuvan (ISRO), collected by github.com/answerquest/asi-monuments-xml2csv"
"Ghugua-ka-Math,.",Uttar Pradesh,Jhansi,Temple,25.37539,78.756621,,,"ASI monument register via Bhuvan (ISRO), collected by github.com/answerquest/asi-monuments-xml2csv"
"Tank, Barua Sagar.",Uttar Pradesh,Jhansi,,25.371294,78.749817,,,"ASI monument register via Bhuvan (ISRO), collected by github.com/answerquest/asi-monuments-xml2csv"
"Jarai-ka-Math,",Uttar Pradesh,Jhansi,Temple,25.388958,78.706958,,,"ASI monument register via Bhuvan (ISRO), collected by github.com/answerquest/asi-monuments-xml2csv"
"Jarao-ka-Marhia,",Uttar Pradesh,Jhansi,,25.386656,78.707311,,,"ASI monument register via Bhuvan (ISRO), collected by github.com/answerquest/asi-monuments-xml2csv"
"Gharao-ka-math,",Uttar Pradesh,Jhansi,Temple,25.343231,79.030759,,,"ASI monument register via Bhuvan (ISRO), collected by github.com/answerquest/asi-monuments-xml2csv"
"Jama Masjid,",Uttar Pradesh,Jhansi,,25.790308,79.084897,,,"ASI monument register via Bhuvan (ISRO), collected by github.com/answerquest/asi-monuments-xml2csv"
"Memorial Cemetery, south of fort of Phuta Darwaza Road.",Uttar Pradesh,Jhansi,Fort,25.451317,78.577536,,,"ASI monument register via Bhuvan (ISRO), collected by github.com/answerquest/asi-monuments-xml2csv"
"Monument of Major F.W. Pinkney, situated on the hillock near the premises of Messers Eduljee Boyce & Co.",Uttar Pradesh,Jhansi,,25.44365,78.569631,,,"ASI monument register via Bhuvan (ISRO), collected by github.com/answerquest/asi-monuments-xml2csv"
"Sikhara-roofed temple called Marhia & dedicated to Gond Baba,",Uttar Pradesh,Jhansi,Temple,25.455781,78.981814,,,"ASI monument register via Bhuvan (ISRO), collected by github.com/answerquest/asi-monuments-xml2csv"
Remains of a Chandel temple,Uttar Pradesh,Jhansi,Temple,25.268025,78.817794,,,"ASI monument register via Bhuvan (ISRO), collected by github.com/answerquest/asi-monuments-xml2csv"
"Chandel temple,",Uttar Pradesh,Jhansi,Temple,25.348739,79.032156,,,"ASI monument register via Bhuvan (ISRO), collected by github.com/answerquest/asi-monuments-xml2csv"
"The ruins of a large Chandel temple containing a well preserved statue of Vishnu, Patha,",Uttar Pradesh,Jhansi,Temple,25.693214,79.135036,,,"ASI monument register via Bhuvan (ISRO), collected by github.com/answerquest/asi-monuments-xml2csv"
"Chandel temple,.",Uttar Pradesh,Jhansi,Temple,25.353718,78.875031,,,"ASI monument register via Bhuvan (ISRO), collected by github.com/answerquest/asi-monuments-xml2csv"
"Ruined temple at the upper end of Rai Tal on the banks of which is a round boulder containing two inscriptions of Samvat 1604 & 1603,",Uttar Pradesh,Jhansi,Temple,25.581436,79.236625,,,"ASI monument register via Bhuvan (ISRO), collected by github.com/answerquest/asi-monuments-xml2csv"
Rani Lakshmi Bai Mahal.,Uttar Pradesh,Jhansi,Palace / Haveli,25.458244,78.579908,,,"ASI monument register via Bhuvan (ISRO), collected by github.com/answerquest/asi-monuments-xml2csv"
"Chhatari of Raja Gangadhar Rao and tank,",Uttar Pradesh,Jhansi,,25.458436,78.590622,,,"ASI monument register via Bhuvan (ISRO), collected by github.com/answerquest/asi-monuments-xml2csv"
Jhansi Fort.,Uttar Pradesh,Jhansi,Fort,25.457478,78.576608,,,"ASI monument register via Bhuvan (ISRO), collected by github.com/answerquest/asi-monuments-xml2csv"
"Remains of an oldest Chandel temple, of its style,",Uttar Pradesh,Jhansi,Temple,25.244064,79.165853,,,"ASI monument register via Bhuvan (ISRO), collected by github.com/answerquest/asi-monuments-xml2csv"
"Three images of Lakshmana, Ganesh & Vishnu lying in the cells on each side of the doorway of the temple of Jagannatha and a Gupta Pillar lying in the compound of the temple and other images Behta.",Uttar Pradesh,Kanpur Dehat,Temple,26.193683,80.246908,,,"ASI monument register via Bhuvan (ISRO), collected by github.com/answerquest/asi-monuments-xml2csv"
"Ancient Brick Temple,",Uttar Pradesh,Kanpur Dehat,Temple,26.209814,80.275492,,,"ASI monument register via Bhuvan (ISRO), collected by github.com/answerquest/asi-monuments-xml2csv"
"Mound of ruins covered with large bricks & broken figures locally called Jhjhinaga,",Uttar Pradesh,Kanpur Dehat,,26.208625,80.275072,,,"ASI monument register via Bhuvan (ISRO), collected by github.com/answerquest/asi-monuments-xml2csv"
"Kos Minar,",Uttar Pradesh,Kanpur Dehat,,26.202155,79.818991,,,"ASI monument register via Bhuvan (ISRO), collected by github.com/answerquest/asi-monuments-xml2csv"
"Kos Minar,",Uttar Pradesh,Kanpur Dehat,,26.202515,79.818443,,,"ASI monument register via Bhuvan (ISRO), collected by github.com/answerquest/asi-monuments-xml2csv"
"Tank near the tomb of Sandal Shah,",Uttar Pradesh,Kanpur Dehat,Monument / Tomb,26.420839,79.674056,,,"ASI monument register via Bhuvan (ISRO), collected by github.com/answerquest/asi-monuments-xml2csv"
"Temple known as Phulmati Devi,",Uttar Pradesh,Kanpur Dehat,Temple,26.145931,80.272239,,,"ASI monument register via Bhuvan (ISRO), collected by github.com/answerquest/asi-monuments-xml2csv"
"Fragment of a pillar,",Uttar Pradesh,Kanpur Dehat,,26.711661,79.841258,,,"ASI monument register via Bhuvan (ISRO), collected by github.com/answerquest/asi-monuments-xml2csv"
"Kos Minar,",Uttar Pradesh,Kanpur Dehat,,26.194685,79.849972,,,"ASI monument register via Bhuvan (ISRO), collected by github.com/answerquest/asi-monuments-xml2csv"
"Kos Minar,",Uttar Pradesh,Kanpur Dehat,,26.194364,79.849936,,,"ASI monument register via Bhuvan (ISRO), collected by github.com/answerquest/asi-monuments-xml2csv"
"Kos Minar,",Uttar Pradesh,Kanpur Dehat,,26.285334,79.709875,,,"ASI monument register via Bhuvan (ISRO), collected by github.com/answerquest/asi-monuments-xml2csv"
"Ancient brick temple. Built on the same plan and in the same style of ornament and Architecture as those at Rar,",Uttar Pradesh,Kanpur Dehat,Temple,26.182186,80.357178,,,"ASI monument register via Bhuvan (ISRO), collected by github.com/answerquest/asi-monuments-xml2csv"
"Two ancient brick temples decorated with panels which are filled with terracotta images,",Uttar Pradesh,Kanpur Dehat,,26.221853,80.315356,,,"ASI monument register via Bhuvan (ISRO), collected by github.com/answerquest/asi-monuments-xml2csv"
Temples of Sri Narasimhaswami and Ranganathanswami,Tamil Nadu,Nammakal,,11.223073,78.165874,,,"ASI monument register via Bhuvan (ISRO), collected by github.com/answerquest/asi-monuments-xml2csv"
"Mound & the ancient pillar in a modern domed chamber together with the stone cock lying in front of it,",Uttar Pradesh,Kanpur Dehat,,26.724531,79.842444,,,"ASI monument register via Bhuvan (ISRO), collected by github.com/answerquest/asi-monuments-xml2csv"
"Kos Minar,",Uttar Pradesh,Kanpur Dehat,,26.311447,79.677102,,,"ASI monument register via Bhuvan (ISRO), collected by github.com/answerquest/asi-monuments-xml2csv"
"Temple known as uMahadeo Baba , Ghatampur",Uttar Pradesh,Kanpur Dehat,Temple,26.247536,80.261378,,,"ASI monument register via Bhuvan (ISRO), collected by github.com/answerquest/asi-monuments-xml2csv"
"Kos Minar,",Uttar Pradesh,Kanpur Dehat,,26.393781,79.598828,,,"ASI monument register via Bhuvan (ISRO), collected by github.com/answerquest/asi-monuments-xml2csv"
"Kos Minar,",Uttar Pradesh,Kanpur Dehat,,26.300118,79.691736,,,"ASI monument register via Bhuvan (ISRO), collected by github.com/answerquest/asi-monuments-xml2csv"
"Kos Minar,",Uttar Pradesh,Kanpur Dehat,,26.377479,79.618413,,,"ASI monument register via Bhuvan (ISRO), collected by github.com/answerquest/asi-monuments-xml2csv"
"Kos Minar,",Uttar Pradesh,Kanpur Dehat,,26.348551,79.644791,,,"ASI monument register via Bhuvan (ISRO), collected by github.com/answerquest/asi-monuments-xml2csv"
"Sanskrit inscription in the well of Gayadin Sukal,",Uttar Pradesh,Kanpur Dehat,,26.834524,80.068319,,,"ASI monument register via Bhuvan (ISRO), collected by github.com/answerquest/asi-monuments-xml2csv"
"Brick Temple at Nebia Khera,",Uttar Pradesh,Kanpur Dehat,Temple,26.108603,80.271,,,"ASI monument register via Bhuvan (ISRO), collected by github.com/answerquest/asi-monuments-xml2csv"
Mound.,Uttar Pradesh,Kanpur,,26.618525,80.272247,,,"ASI monument register via Bhuvan (ISRO), collected by github.com/answerquest/asi-monuments-xml2csv"
Iona Cross Garden.,Uttar Pradesh,Kanpur,,26.446758,80.367941,,,"ASI monument register via Bhuvan (ISRO), collected by github.com/answerquest/asi-monuments-xml2csv"
Katchery Cemetery.,Uttar Pradesh,Kanpur,,26.478769,80.352289,,,"ASI monument register via Bhuvan (ISRO), collected by github.com/answerquest/asi-monuments-xml2csv"
Memorial well garden.,Uttar Pradesh,Kanpur,,26.471253,80.360586,,,"ASI monument register via Bhuvan (ISRO), collected by github.com/answerquest/asi-monuments-xml2csv"
"Sawada Kothi, Monument including flight of steps with the surrounding plateau.",Uttar Pradesh,Kanpur,,26.435708,80.361075,,,"ASI monument register via Bhuvan (ISRO), collected by github.com/answerquest/asi-monuments-xml2csv"
"Akhara,",Uttar Pradesh,Lalitpur,,24.433139,78.392286,,,"ASI monument register via Bhuvan (ISRO), collected by github.com/answerquest/asi-monuments-xml2csv"
Subedar-ka-Talab Cemetery.,Uttar Pradesh,Kanpur,,26.476417,80.332636,,,"ASI monument register via Bhuvan (ISRO), collected by github.com/answerquest/asi-monuments-xml2csv"
Wheeler0s Entrenchment.,Uttar Pradesh,Kanpur,,26.44956,80.368607,,,"ASI monument register via Bhuvan (ISRO), collected by github.com/answerquest/asi-monuments-xml2csv"
"British Monuments,",Uttar Pradesh,Lakhimpur Kheri,,27.785978,80.332181,,,"ASI monument register via Bhuvan (ISRO), collected by github.com/answerquest/asi-monuments-xml2csv"
"Dilapidated Bundela temple with a colossal statue of Tirthankar called Linga with two short inscriptions,",Uttar Pradesh,Lalitpur,Temple,24.699086,78.741814,,,"ASI monument register via Bhuvan (ISRO), collected by github.com/answerquest/asi-monuments-xml2csv"
"Ganes Khera, an ancient site with a large elephant headed God,",Uttar Pradesh,Lalitpur,,24.728484,78.742326,,,"ASI monument register via Bhuvan (ISRO), collected by github.com/answerquest/asi-monuments-xml2csv"
"Jain temple,",Uttar Pradesh,Lalitpur,Temple,24.699086,78.741814,,,"ASI monument register via Bhuvan (ISRO), collected by github.com/answerquest/asi-monuments-xml2csv"
"Maniktila,",Uttar Pradesh,Lalitpur,,24.717256,78.7454,,,"ASI monument register via Bhuvan (ISRO), collected by github.com/answerquest/asi-monuments-xml2csv"
"Pali-Khera,",Uttar Pradesh,Lalitpur,,24.725619,78.744706,,,"ASI monument register via Bhuvan (ISRO), collected by github.com/answerquest/asi-monuments-xml2csv"
"Three temples, two of Vishnu & one of Linga Mahadeva at Gondwani Type,",Uttar Pradesh,Lalitpur,Temple,25.035194,78.375911,,,"ASI monument register via Bhuvan (ISRO), collected by github.com/answerquest/asi-monuments-xml2csv"
"Temple of Sun God, Budhni, Mehroni.",Uttar Pradesh,Lalitpur,Temple,24.437063,78.694261,,,"ASI monument register via Bhuvan (ISRO), collected by github.com/answerquest/asi-monuments-xml2csv"
"Inscription slab of 13th century,",Uttar Pradesh,Lalitpur,,24.485864,78.321597,,,"ASI monument register via Bhuvan (ISRO), collected by github.com/answerquest/asi-monuments-xml2csv"
"Inscription dated 1325t-S,",Uttar Pradesh,Lalitpur,,24.489172,78.328814,,,"ASI monument register via Bhuvan (ISRO), collected by github.com/answerquest/asi-monuments-xml2csv"
"Jain temple,",Uttar Pradesh,Lalitpur,Temple,24.490769,78.3279,,,"ASI monument register via Bhuvan (ISRO), collected by github.com/answerquest/asi-monuments-xml2csv"
"Jhammar,",Uttar Pradesh,Lalitpur,,24.494753,78.328883,,,"ASI monument register via Bhuvan (ISRO), collected by github.com/answerquest/asi-monuments-xml2csv"
"Sahasra Linga,",Uttar Pradesh,Lalitpur,,24.489464,78.322139,,,"ASI monument register via Bhuvan (ISRO), collected by github.com/answerquest/asi-monuments-xml2csv"
"Small temple in the jungle,",Uttar Pradesh,Lalitpur,Temple,24.490429,78.332113,,,"ASI monument register via Bhuvan (ISRO), collected by github.com/answerquest/asi-monuments-xml2csv"
"Two monolithic pillars,",Uttar Pradesh,Lalitpur,,24.490594,78.322781,,,"ASI monument register via Bhuvan (ISRO), collected by github.com/answerquest/asi-monuments-xml2csv"
"Varaha, inscribed column & ruined shrines,",Uttar Pradesh,Lalitpur,,24.490511,78.322778,,,"ASI monument register via Bhuvan (ISRO), collected by github.com/answerquest/asi-monuments-xml2csv"
"Vishnu & Lakshmi Narayan shrines,",Uttar Pradesh,Lalitpur,Temple,24.492144,78.327125,,,"ASI monument register via Bhuvan (ISRO), collected by github.com/answerquest/asi-monuments-xml2csv"
"Vishnu temple known as Bhandaria,",Uttar Pradesh,Lalitpur,Temple,24.490883,78.324314,,,"ASI monument register via Bhuvan (ISRO), collected by github.com/answerquest/asi-monuments-xml2csv"
Ancient Site,Odisha,Cuttack,,20.4,85.166667,,,"ASI monument register via Bhuvan (ISRO), collected by github.com/answerquest/asi-monuments-xml2csv"
"Small flat-roofed fane temple sacred to Mahadeva,",Uttar Pradesh,Lalitpur,Temple,24.835346,78.60983,,,"ASI monument register via Bhuvan (ISRO), collected by github.com/answerquest/asi-monuments-xml2csv"
"Half-fallen fane of Chandi having a shrine and a porch.,",Uttar Pradesh,Lalitpur,,25.357306,78.543019,,,"ASI monument register via Bhuvan (ISRO), collected by github.com/answerquest/asi-monuments-xml2csv"
"Large slab of the seven Mothers with Ganesha lying on the bed of the valley below the temple Chandi, Daulatpur.",Uttar Pradesh,Lalitpur,Temple,25.357306,78.543019,,,"ASI monument register via Bhuvan (ISRO), collected by github.com/answerquest/asi-monuments-xml2csv"
"Ghats,",Uttar Pradesh,Lalitpur,,24.514086,78.236917,,,"ASI monument register via Bhuvan (ISRO), collected by github.com/answerquest/asi-monuments-xml2csv"
"Gupta Temple,",Uttar Pradesh,Lalitpur,Temple,24.527333,78.240019,,,"ASI monument register via Bhuvan (ISRO), collected by github.com/answerquest/asi-monuments-xml2csv"
"Jain temples in Deogarh fort,",Uttar Pradesh,Lalitpur,Fort,24.517856,78.246453,,,"ASI monument register via Bhuvan (ISRO), collected by github.com/answerquest/asi-monuments-xml2csv"
"Large temples,",Uttar Pradesh,Lalitpur,,24.517986,78.245475,,,"ASI monument register via Bhuvan (ISRO), collected by github.com/answerquest/asi-monuments-xml2csv"
Kapileswara Mahadeva Temple,Odisha,Dhenkanal,Temple,20.9,85.633333,,,"ASI monument register via Bhuvan (ISRO), collected by github.com/answerquest/asi-monuments-xml2csv"
"Varaha temple,",Uttar Pradesh,Lalitpur,Temple,24.517267,78.235883,,,"ASI monument register via Bhuvan (ISRO), collected by github.com/answerquest/asi-monuments-xml2csv"
"Small temple with broken sikhara known as Chaturbhuji,",Uttar Pradesh,Lalitpur,Temple,24.893203,78.636533,,,"ASI monument register via Bhuvan (ISRO), collected by github.com/answerquest/asi-monuments-xml2csv"
"Temple of Bhavani,",Uttar Pradesh,Lalitpur,Temple,24.893814,78.640528,,,"ASI monument register via Bhuvan (ISRO), collected by github.com/answerquest/asi-monuments-xml2csv"
"Sati slab showing three headed Mahadeva at the top & fighting scenes below,",Uttar Pradesh,Lalitpur,,24.373578,78.622761,,,"ASI monument register via Bhuvan (ISRO), collected by github.com/answerquest/asi-monuments-xml2csv"
"Small temple of Sankhanath or Santanatha,.",Uttar Pradesh,Lalitpur,Temple,24.376747,78.62025,,,"ASI monument register via Bhuvan (ISRO), collected by github.com/answerquest/asi-monuments-xml2csv"
Banbaba,Uttar Pradesh,Lalitpur,,24.42375,78.395742,,,"ASI monument register via Bhuvan (ISRO), collected by github.com/answerquest/asi-monuments-xml2csv"
Bania-ki-Barat,Uttar Pradesh,Lalitpur,,24.417819,78.384511,,,"ASI monument register via Bhuvan (ISRO), collected by github.com/answerquest/asi-monuments-xml2csv"
"Chhatri with Varaha,",Uttar Pradesh,Lalitpur,,24.427036,78.389353,,,"ASI monument register via Bhuvan (ISRO), collected by github.com/answerquest/asi-monuments-xml2csv"
"Jain temples,",Uttar Pradesh,Lalitpur,,24.426822,78.388819,,,"ASI monument register via Bhuvan (ISRO), collected by github.com/answerquest/asi-monuments-xml2csv"
"Larger Surang,",Uttar Pradesh,Lalitpur,,24.426814,78.3898,,,"ASI monument register via Bhuvan (ISRO), collected by github.com/answerquest/asi-monuments-xml2csv"
"Lesser Surang,",Uttar Pradesh,Lalitpur,,24.426722,78.389586,,,"ASI monument register via Bhuvan (ISRO), collected by github.com/answerquest/asi-monuments-xml2csv"
"Linga of Mahadeva,",Uttar Pradesh,Lalitpur,,24.425881,78.388781,,,"ASI monument register via Bhuvan (ISRO), collected by github.com/answerquest/asi-monuments-xml2csv"
"Rock-cut Narasimha,",Uttar Pradesh,Lalitpur,,24.440591,78.386324,,,"ASI monument register via Bhuvan (ISRO), collected by github.com/answerquest/asi-monuments-xml2csv"
"Temples,",Uttar Pradesh,Lalitpur,,24.444058,78.399861,,,"ASI monument register via Bhuvan (ISRO), collected by github.com/answerquest/asi-monuments-xml2csv"
"Two small temples of the Godwani type of which one is sacred to Gondbaba & the other to Mahadeva,",Uttar Pradesh,Lalitpur,,24.4309,78.391653,,,"ASI monument register via Bhuvan (ISRO), collected by github.com/answerquest/asi-monuments-xml2csv"
"Varaha near tank,",Uttar Pradesh,Lalitpur,,24.427242,78.388889,,,"ASI monument register via Bhuvan (ISRO), collected by github.com/answerquest/asi-monuments-xml2csv"
"Northern temple consisting of a shrine and a porch and sacred to Mahadeva or Linga. In inscription of Samvat 1014 over the lintel,",Uttar Pradesh,Lalitpur,Temple,24.393066,78.646908,,,"ASI monument register via Bhuvan (ISRO), collected by github.com/answerquest/asi-monuments-xml2csv"
"Temples dedicated to Vishnu,",Uttar Pradesh,Lalitpur,Temple,24.390201,78.6473,,,"ASI monument register via Bhuvan (ISRO), collected by github.com/answerquest/asi-monuments-xml2csv"
"Kuraiya Bir temple,",Uttar Pradesh,Lalitpur,Temple,24.523753,78.247167,,,"ASI monument register via Bhuvan (ISRO), collected by github.com/answerquest/asi-monuments-xml2csv"
"Bansa Building of Firozshah,s time.",Uttar Pradesh,Lalitpur,,24.523753,78.247167,,,"ASI monument register via Bhuvan (ISRO), collected by github.com/answerquest/asi-monuments-xml2csv"
"Champa,",Uttar Pradesh,Lalitpur,,24.260675,78.694086,,,"ASI monument register via Bhuvan (ISRO), collected by github.com/answerquest/asi-monuments-xml2csv"
"Large temple in front of Panch Marhia,",Uttar Pradesh,Lalitpur,Temple,24.2549,78.6954,,,"ASI monument register via Bhuvan (ISRO), collected by github.com/answerquest/asi-monuments-xml2csv"
"Modi Marh,",Uttar Pradesh,Lalitpur,,24.258031,78.697122,,,"ASI monument register via Bhuvan (ISRO), collected by github.com/answerquest/asi-monuments-xml2csv"
"Mundi Marh,",Uttar Pradesh,Lalitpur,,24.262267,78.704208,,,"ASI monument register via Bhuvan (ISRO), collected by github.com/answerquest/asi-monuments-xml2csv"
"Panch Marhia,",Uttar Pradesh,Lalitpur,,24.2549,78.6954,,,"ASI monument register via Bhuvan (ISRO), collected by github.com/answerquest/asi-monuments-xml2csv"
"Temple of Mahadeva,",Uttar Pradesh,Lalitpur,Temple,24.246781,78.694717,,,"ASI monument register via Bhuvan (ISRO), collected by github.com/answerquest/asi-monuments-xml2csv"
"Temples (Bari & Chhoti Kacheries),",Uttar Pradesh,Lalitpur,,24.248886,78.695267,,,"ASI monument register via Bhuvan (ISRO), collected by github.com/answerquest/asi-monuments-xml2csv"
"Two small temples, one of which is sacred to the mother of Mahavira,",Uttar Pradesh,Lalitpur,,24.252764,78.697292,,,"ASI monument register via Bhuvan (ISRO), collected by github.com/answerquest/asi-monuments-xml2csv"
"Ruined Temple. The sanctum site has a statue of Trimurti,",Uttar Pradesh,Lalitpur,Temple,24.342831,78.775839,,,"ASI monument register via Bhuvan (ISRO), collected by github.com/answerquest/asi-monuments-xml2csv"
"Tall Sati-slab called a Caza, bearing inscription of Samvat 1348,",Uttar Pradesh,Lalitpur,,24.353903,78.778733,,,"ASI monument register via Bhuvan (ISRO), collected by github.com/answerquest/asi-monuments-xml2csv"
"Temple,",Uttar Pradesh,Lalitpur,Temple,24.340039,78.776597,,,"ASI monument register via Bhuvan (ISRO), collected by github.com/answerquest/asi-monuments-xml2csv"
"Temple site,",Uttar Pradesh,Lalitpur,Temple,24.342681,78.775425,,,"ASI monument register via Bhuvan (ISRO), collected by github.com/answerquest/asi-monuments-xml2csv"
"Overhanging rock with some pre-historic sculptured bordering the Jamini valley,",Uttar Pradesh,Lalitpur,,24.271144,78.652753,,,"ASI monument register via Bhuvan (ISRO), collected by github.com/answerquest/asi-monuments-xml2csv"
GHATESHWAR TEMPLE,Rajasthan,CHITTAURGARH,Temple,24.958056,75.593611,,,"ASI monument register via Bhuvan (ISRO), collected by github.com/answerquest/asi-monuments-xml2csv"
"Remains of a large Vishnu temple,",Uttar Pradesh,Lalitpur,Temple,24.823139,78.328061,,,"ASI monument register via Bhuvan (ISRO), collected by github.com/answerquest/asi-monuments-xml2csv"
"Jain temple and a Torana or Gateway,",Uttar Pradesh,Lalitpur,Temple,24.824703,78.325053,,,"ASI monument register via Bhuvan (ISRO), collected by github.com/answerquest/asi-monuments-xml2csv"
Pre-historic site,Telangana,Bhupalpalli,,18.093369,80.689973,,,"ASI monument register via Bhuvan (ISRO), collected by github.com/answerquest/asi-monuments-xml2csv"
"Slab containing a Kutila inscription of 46 lines of the reign of Mahendra Paldeva in the compound of Santinatha1s temple,",Uttar Pradesh,Lalitpur,Temple,24.824703,78.325053,,,"ASI monument register via Bhuvan (ISRO), collected by github.com/answerquest/asi-monuments-xml2csv"
"Torana or gateway situated outside the compound of modern Jain Temple,",Uttar Pradesh,Lalitpur,Temple,24.824703,78.325053,,,"ASI monument register via Bhuvan (ISRO), collected by github.com/answerquest/asi-monuments-xml2csv"
"Temple,",Uttar Pradesh,Lalitpur,Temple,24.321728,78.768772,,,"ASI monument register via Bhuvan (ISRO), collected by github.com/answerquest/asi-monuments-xml2csv"
"Fort,",Uttar Pradesh,Lalitpur,Fort,25.039125,78.435817,,,"ASI monument register via Bhuvan (ISRO), collected by github.com/answerquest/asi-monuments-xml2csv"
"Temple of Mahadeva,",Uttar Pradesh,Lalitpur,Temple,25.848114,78.573367,,,"ASI monument register via Bhuvan (ISRO), collected by github.com/answerquest/asi-monuments-xml2csv"
"Cemetery in Raja Incha Singhus compound,",Uttar Pradesh,Lucknow,,26.857477,80.938545,,,"ASI monument register via Bhuvan (ISRO), collected by github.com/answerquest/asi-monuments-xml2csv"
Two Cemeteries,Uttar Pradesh,Lucknow,,26.840112,80.957281,,,"ASI monument register via Bhuvan (ISRO), collected by github.com/answerquest/asi-monuments-xml2csv"
Cemetery at Vilayati Bagh.,Uttar Pradesh,Lucknow,,26.829678,80.971503,,,"ASI monument register via Bhuvan (ISRO), collected by github.com/answerquest/asi-monuments-xml2csv"
"Dargah Hazrat Abbas,",Uttar Pradesh,Lucknow,Monument / Tomb,26.861264,80.894581,,,"ASI monument register via Bhuvan (ISRO), collected by github.com/answerquest/asi-monuments-xml2csv"
"Dianut-ud-daulaos Karbala,",Uttar Pradesh,Lucknow,,26.855103,80.893525,,,"ASI monument register via Bhuvan (ISRO), collected by github.com/answerquest/asi-monuments-xml2csv"
General Wali Kothi.,Uttar Pradesh,Lucknow,,26.859747,80.931094,,,"ASI monument register via Bhuvan (ISRO), collected by github.com/answerquest/asi-monuments-xml2csv"
Ibrahim Chisti,Uttar Pradesh,Lucknow,,26.854658,80.910867,,,"ASI monument register via Bhuvan (ISRO), collected by github.com/answerquest/asi-monuments-xml2csv"
Imam Bara Asaf-ud-daulah.,Uttar Pradesh,Lucknow,,26.869197,80.91285,,,"ASI monument register via Bhuvan (ISRO), collected by github.com/answerquest/asi-monuments-xml2csv"
Jama Masjid near Hussainabad.,Uttar Pradesh,Lucknow,,26.872911,80.900892,,,"ASI monument register via Bhuvan (ISRO), collected by github.com/answerquest/asi-monuments-xml2csv"
"Kalan-ki-Lat and adjoining Cemetery,",Uttar Pradesh,Lucknow,,26.850617,80.923802,,,"ASI monument register via Bhuvan (ISRO), collected by github.com/answerquest/asi-monuments-xml2csv"
Karbala of Tal Katora.,Uttar Pradesh,Lucknow,,26.835194,80.889081,,,"ASI monument register via Bhuvan (ISRO), collected by github.com/answerquest/asi-monuments-xml2csv"
"Kaz-Main buildings,",Uttar Pradesh,Lucknow,,26.855308,80.895933,,,"ASI monument register via Bhuvan (ISRO), collected by github.com/answerquest/asi-monuments-xml2csv"
"Malka Jahangs Karbala,",Uttar Pradesh,Lucknow,,26.844286,80.910133,,,"ASI monument register via Bhuvan (ISRO), collected by github.com/answerquest/asi-monuments-xml2csv"
"Masjid connected with Asaf-ud-daulah, inside Asaf-ud-daulaJs Imambara.",Uttar Pradesh,Lucknow,,26.869564,80.912075,,,"ASI monument register via Bhuvan (ISRO), collected by github.com/answerquest/asi-monuments-xml2csv"
"Monuments of Ninety- Third Highlanders,",Uttar Pradesh,Lucknow,,26.855508,80.951986,,,"ASI monument register via Bhuvan (ISRO), collected by github.com/answerquest/asi-monuments-xml2csv"
"Nadan Mahal, Yahiyaganj.",Uttar Pradesh,Lucknow,Palace / Haveli,26.854658,80.910867,,,"ASI monument register via Bhuvan (ISRO), collected by github.com/answerquest/asi-monuments-xml2csv"
Nasir-ud-din Haidergs Karbala in Daliganj.,Uttar Pradesh,Lucknow,,26.875431,80.926089,,,"ASI monument register via Bhuvan (ISRO), collected by github.com/answerquest/asi-monuments-xml2csv"
"NeilPs gate, Begum Hazrat Mahal Park.",Uttar Pradesh,Lucknow,Palace / Haveli,26.856069,80.933108,,,"ASI monument register via Bhuvan (ISRO), collected by github.com/answerquest/asi-monuments-xml2csv"
Old Palaces at Dilkusha.,Uttar Pradesh,Lucknow,,26.828739,80.965169,,,"ASI monument register via Bhuvan (ISRO), collected by github.com/answerquest/asi-monuments-xml2csv"
"Picture Gallery Hussainabad Baradari,",Uttar Pradesh,Lucknow,,26.874992,80.907478,,,"ASI monument register via Bhuvan (ISRO), collected by github.com/answerquest/asi-monuments-xml2csv"
"Residency Building,",Uttar Pradesh,Lucknow,,26.861492,80.925747,,,"ASI monument register via Bhuvan (ISRO), collected by github.com/answerquest/asi-monuments-xml2csv"
"Rumi Darwaza,",Uttar Pradesh,Lucknow,,26.871278,80.912119,,,"ASI monument register via Bhuvan (ISRO), collected by github.com/answerquest/asi-monuments-xml2csv"
"Sapper5s Tomb,",Uttar Pradesh,Lucknow,Monument / Tomb,26.853988,80.934222,,,"ASI monument register via Bhuvan (ISRO), collected by github.com/answerquest/asi-monuments-xml2csv"
"Sikander Bagh Building,",Uttar Pradesh,Lucknow,,26.855508,80.951986,,,"ASI monument register via Bhuvan (ISRO), collected by github.com/answerquest/asi-monuments-xml2csv"
"Sikchawali Kothi, (Distt. Court).",Uttar Pradesh,Lucknow,,26.858756,80.928428,,,"ASI monument register via Bhuvan (ISRO), collected by github.com/answerquest/asi-monuments-xml2csv"
"Tahsin Alips Mosque,",Uttar Pradesh,Lucknow,,26.860994,80.906286,,,"ASI monument register via Bhuvan (ISRO), collected by github.com/answerquest/asi-monuments-xml2csv"
"Tomb of Ghazi-ud-din Hadier,",Uttar Pradesh,Lucknow,Monument / Tomb,26.858467,80.946161,,,"ASI monument register via Bhuvan (ISRO), collected by github.com/answerquest/asi-monuments-xml2csv"
"Tomb of Janab-e-Aliya,",Uttar Pradesh,Lucknow,Monument / Tomb,26.853267,80.9239,,,"ASI monument register via Bhuvan (ISRO), collected by github.com/answerquest/asi-monuments-xml2csv"
Tomb known as Char Khamba.,Uttar Pradesh,Lucknow,Monument / Tomb,26.854087,80.910295,,,"ASI monument register via Bhuvan (ISRO), collected by github.com/answerquest/asi-monuments-xml2csv"
"Tomb at Lotan Bagh,",Uttar Pradesh,Lucknow,Monument / Tomb,26.879047,80.865803,,,"ASI monument register via Bhuvan (ISRO), collected by github.com/answerquest/asi-monuments-xml2csv"
"Tomb of Muhammad Ali Shah,",Uttar Pradesh,Lucknow,Monument / Tomb,26.873894,80.904325,,,"ASI monument register via Bhuvan (ISRO), collected by github.com/answerquest/asi-monuments-xml2csv"
"Tomb at Musa Bagh,",Uttar Pradesh,Lucknow,Monument / Tomb,26.889906,80.874325,,,"ASI monument register via Bhuvan (ISRO), collected by github.com/answerquest/asi-monuments-xml2csv"
"Tomb of Mushir Zadi, wife of Saadat Ali Khan.",Uttar Pradesh,Lucknow,Monument / Tomb,26.854203,80.934689,,,"ASI monument register via Bhuvan (ISRO), collected by github.com/answerquest/asi-monuments-xml2csv"
Tomb of Saadat Ali Khan.,Uttar Pradesh,Lucknow,Monument / Tomb,26.854364,80.933561,,,"ASI monument register via Bhuvan (ISRO), collected by github.com/answerquest/asi-monuments-xml2csv"
"Victoria Memorial,",Uttar Pradesh,Lucknow,,26.856319,80.934069,,,"ASI monument register via Bhuvan (ISRO), collected by github.com/answerquest/asi-monuments-xml2csv"
"Cemetery at Marion,",Uttar Pradesh,Lucknow,,26.902772,80.949239,,,"ASI monument register via Bhuvan (ISRO), collected by github.com/answerquest/asi-monuments-xml2csv"
"Memorial pillar marking the site of the pre-mutiny residency in the old Mariaon Cantonment,",Uttar Pradesh,Lucknow,,26.906042,80.937131,,,"ASI monument register via Bhuvan (ISRO), collected by github.com/answerquest/asi-monuments-xml2csv"
"Mound,",Uttar Pradesh,Lucknow,,26.616964,81.13995,,,"ASI monument register via Bhuvan (ISRO), collected by github.com/answerquest/asi-monuments-xml2csv"
"Mound,",Uttar Pradesh,Lucknow,,26.770317,81.046806,,,"ASI monument register via Bhuvan (ISRO), collected by github.com/answerquest/asi-monuments-xml2csv"
"Bridge over the Behta river & the temple attached to it,",Uttar Pradesh,Lucknow,Temple,26.882908,80.774358,,,"ASI monument register via Bhuvan (ISRO), collected by github.com/answerquest/asi-monuments-xml2csv"
"Western tower with an inscription at the southern wall of the Moti Mahal Compound,",Uttar Pradesh,Lucknow,Palace / Haveli,26.856672,80.938696,,,"ASI monument register via Bhuvan (ISRO), collected by github.com/answerquest/asi-monuments-xml2csv"
"Mounds covered with bricks,",Uttar Pradesh,Lucknow,,27.041025,80.912406,,,"ASI monument register via Bhuvan (ISRO), collected by github.com/answerquest/asi-monuments-xml2csv"
"Mounds covered with bricks,",Uttar Pradesh,Lucknow,,27.058828,80.914411,,,"ASI monument register via Bhuvan (ISRO), collected by github.com/answerquest/asi-monuments-xml2csv"
"Cemetery at mile 6 (Lucknow-Cawnpore Road),",Uttar Pradesh,Lucknow,,26.794217,80.898894,,,"ASI monument register via Bhuvan (ISRO), collected by github.com/answerquest/asi-monuments-xml2csv"
"Amjad Ali Shahos Mausoleum,",Uttar Pradesh,Lucknow,Monument / Tomb,26.849208,80.939717,,,"ASI monument register via Bhuvan (ISRO), collected by github.com/answerquest/asi-monuments-xml2csv"
"Bibiapur House,",Uttar Pradesh,Lucknow,,26.822161,80.981825,,,"ASI monument register via Bhuvan (ISRO), collected by github.com/answerquest/asi-monuments-xml2csv"
"British Cemetery at Chirira jheel (Sapru Marg),",Uttar Pradesh,Lucknow,,26.853828,80.946625,,,"ASI monument register via Bhuvan (ISRO), collected by github.com/answerquest/asi-monuments-xml2csv"
"The Building, north-west of Dilkusha Palace.",Uttar Pradesh,Lucknow,Palace / Haveli,26.828903,80.965406,,,"ASI monument register via Bhuvan (ISRO), collected by github.com/answerquest/asi-monuments-xml2csv"
Cemetery at Alambagh,Uttar Pradesh,Lucknow,,26.813581,80.905256,,,"ASI monument register via Bhuvan (ISRO), collected by github.com/answerquest/asi-monuments-xml2csv"
"Cemetery in Dilkusha,",Uttar Pradesh,Lucknow,,26.828383,80.965053,,,"ASI monument register via Bhuvan (ISRO), collected by github.com/answerquest/asi-monuments-xml2csv"
"Cemeteries near Kaiser Pasand,",Uttar Pradesh,Lucknow,,26.851881,80.928636,,,"ASI monument register via Bhuvan (ISRO), collected by github.com/answerquest/asi-monuments-xml2csv"
"Cemetery near Fort Machhi Bhawan,",Uttar Pradesh,Lucknow,Fort,26.871494,80.910036,,,"ASI monument register via Bhuvan (ISRO), collected by github.com/answerquest/asi-monuments-xml2csv"
"Four Chandel temples & small Masonry tank,",Uttar Pradesh,Mahoba,,25.217181,79.624014,,,"ASI monument register via Bhuvan (ISRO), collected by github.com/answerquest/asi-monuments-xml2csv"
"Four Chandel temples & small Masonry tank,",Uttar Pradesh,Mahoba,,25.213847,79.623981,,,"ASI monument register via Bhuvan (ISRO), collected by github.com/answerquest/asi-monuments-xml2csv"
"Four Chandel temples & small Masonry tank,",Uttar Pradesh,Mahoba,,25.214722,79.626278,,,"ASI monument register via Bhuvan (ISRO), collected by github.com/answerquest/asi-monuments-xml2csv"
"Chakariya Dai carving of a woman with a child in her arm,",Uttar Pradesh,Mahoba,,25.400876,80.012344,,,"ASI monument register via Bhuvan (ISRO), collected by github.com/answerquest/asi-monuments-xml2csv"
"Ruins of two granite temples,",Uttar Pradesh,Mahoba,,25.241906,79.299319,,,"ASI monument register via Bhuvan (ISRO), collected by github.com/answerquest/asi-monuments-xml2csv"
"Ruins of two granite temples,",Uttar Pradesh,Mahoba,,25.348461,79.573528,,,"ASI monument register via Bhuvan (ISRO), collected by github.com/answerquest/asi-monuments-xml2csv"
"Small mound locally known as Bhainsa sur with a ruined temple on the summit and old statue inside it,",Uttar Pradesh,Mahoba,Temple,25.351892,79.569183,,,"ASI monument register via Bhuvan (ISRO), collected by github.com/answerquest/asi-monuments-xml2csv"
"Brahm Tal, an extensive tank whose embankment has a ruined Chandel temple & a lake with the ruins of a baithak,",Uttar Pradesh,Mahoba,Temple,25.416053,80.004244,,,"ASI monument register via Bhuvan (ISRO), collected by github.com/answerquest/asi-monuments-xml2csv"
"Ruins of a palace on a hill,",Uttar Pradesh,Mahoba,Palace / Haveli,25.326106,79.631122,,,"ASI monument register via Bhuvan (ISRO), collected by github.com/answerquest/asi-monuments-xml2csv"
"Foundation of Temple Madan Sagar known as Majhari,",Uttar Pradesh,Mahoba,Temple,25.284297,79.869664,,,"ASI monument register via Bhuvan (ISRO), collected by github.com/answerquest/asi-monuments-xml2csv"
"Five life-sized elephant statues, which belonged to the Chandella Princes, situated on a rocky island a few hundred feet to the north of Kakra Marh in the Madan Sagar Lake.",Uttar Pradesh,Mahoba,,25.284297,79.869664,,,"ASI monument register via Bhuvan (ISRO), collected by github.com/answerquest/asi-monuments-xml2csv"
Granite Pillar.,Uttar Pradesh,Mahoba,,25.285253,79.875475,,,"ASI monument register via Bhuvan (ISRO), collected by github.com/answerquest/asi-monuments-xml2csv"
"Jama Masjid,",Uttar Pradesh,Mahoba,,25.288867,79.869364,,,"ASI monument register via Bhuvan (ISRO), collected by github.com/answerquest/asi-monuments-xml2csv"
"The Lake of Kirat Sagar. The great lake of Kirat Sagar is about 1.5 miles in circumference and was constructed between 1064 A.D. to 1074 A.D,",Uttar Pradesh,Mahoba,,25.297392,79.873031,,,"ASI monument register via Bhuvan (ISRO), collected by github.com/answerquest/asi-monuments-xml2csv"
The Lake of Madan Sagar.,Uttar Pradesh,Mahoba,,25.284297,79.869664,,,"ASI monument register via Bhuvan (ISRO), collected by github.com/answerquest/asi-monuments-xml2csv"
Golconda fort,Telangana,Hyderabad,Fort,17.383309,78.401053,,,"ASI monument register via Bhuvan (ISRO), collected by github.com/answerquest/asi-monuments-xml2csv"
"The Lake of Vijaya Sagar constructed by Vijaypala-deva during 1040 A.D. to 1050 A.D.,",Uttar Pradesh,Mahoba,,25.294194,79.909228,,,"ASI monument register via Bhuvan (ISRO), collected by github.com/answerquest/asi-monuments-xml2csv"
"Palace of Raja Paramardi Deva or Parmal,",Uttar Pradesh,Mahoba,Palace / Haveli,25.288292,79.870392,,,"ASI monument register via Bhuvan (ISRO), collected by github.com/answerquest/asi-monuments-xml2csv"
"Small stone pillar called Alha-ki-Lat,",Uttar Pradesh,Mahoba,,25.284297,79.869664,,,"ASI monument register via Bhuvan (ISRO), collected by github.com/answerquest/asi-monuments-xml2csv"
"Temple of Khakra-Math in the middle of Madan Sagar,",Uttar Pradesh,Mahoba,Temple,25.284297,79.869664,,,"ASI monument register via Bhuvan (ISRO), collected by github.com/answerquest/asi-monuments-xml2csv"
"Twenty-four rock-hewn images of the Tirthankara with inscriptions dated 5.1206,",Uttar Pradesh,Mahoba,,25.278922,79.868936,,,"ASI monument register via Bhuvan (ISRO), collected by github.com/answerquest/asi-monuments-xml2csv"
"Makarbai temple,",Uttar Pradesh,Mahoba,Temple,25.355819,80.000674,,,"ASI monument register via Bhuvan (ISRO), collected by github.com/answerquest/asi-monuments-xml2csv"
"Ruins of a large granite temple,",Uttar Pradesh,Mahoba,Temple,25.354644,79.998906,,,"ASI monument register via Bhuvan (ISRO), collected by github.com/answerquest/asi-monuments-xml2csv"
"Two ruined granite temples,",Uttar Pradesh,Mahoba,,25.322403,79.706714,,,"ASI monument register via Bhuvan (ISRO), collected by github.com/answerquest/asi-monuments-xml2csv"
"Old well with an inscription of Samvat 755,",Uttar Pradesh,Mahoba,,25.464647,79.494706,,,"ASI monument register via Bhuvan (ISRO), collected by github.com/answerquest/asi-monuments-xml2csv"
Chandrasekhara Temple and Group of Monuments & Ancient Steps,Odisha,Dhenkanal,Temple,20.683333,85.766667,,,"ASI monument register via Bhuvan (ISRO), collected by github.com/answerquest/asi-monuments-xml2csv"
Annakotesvara Temple,Odisha,Dhenkanal,Temple,20.8,85.666667,,,"ASI monument register via Bhuvan (ISRO), collected by github.com/answerquest/asi-monuments-xml2csv"
Anantasayi Vishnu,Odisha,Dhenkanal,Temple,20.916667,85.25,,,"ASI monument register via Bhuvan (ISRO), collected by github.com/answerquest/asi-monuments-xml2csv"
Kanakesvara Mahadeva Temple & Group of Temples,Odisha,Dhenkanal,Temple,20.95,85.3,,,"ASI monument register via Bhuvan (ISRO), collected by github.com/answerquest/asi-monuments-xml2csv"
Bhima Temple,Odisha,Gajapati,Temple,18.95,84.366667,,,"ASI monument register via Bhuvan (ISRO), collected by github.com/answerquest/asi-monuments-xml2csv"
Kunti Temple,Odisha,Gajapati,Temple,18.95,84.366667,,,"ASI monument register via Bhuvan (ISRO), collected by github.com/answerquest/asi-monuments-xml2csv"
Yudhisthir Temple,Odisha,Gajapati,Temple,18.95,84.366667,,,"ASI monument register via Bhuvan (ISRO), collected by github.com/answerquest/asi-monuments-xml2csv"
Gangadharswamy Temple,Odisha,Ganjam,Temple,19.833333,84.783333,,,"ASI monument register via Bhuvan (ISRO), collected by github.com/answerquest/asi-monuments-xml2csv"
Jagadisvaraswamy Temple,Odisha,Ganjam,Temple,19.833333,84.783333,,,"ASI monument register via Bhuvan (ISRO), collected by github.com/answerquest/asi-monuments-xml2csv"
Asokan Rock-edict,Odisha,Ganjam,,19.516667,84.75,,,"ASI monument register via Bhuvan (ISRO), collected by github.com/answerquest/asi-monuments-xml2csv"
Bhubaneswara Mahadeva Temple,Odisha,Jagatsinghpur,Temple,20.35,86.15,,,"ASI monument register via Bhuvan (ISRO), collected by github.com/answerquest/asi-monuments-xml2csv"
Three Colossal Matrika Images in the Sub-Collector’s complex,Odisha,Jajpur,,20.85,86.35,,,"ASI monument register via Bhuvan (ISRO), collected by github.com/answerquest/asi-monuments-xml2csv"
"Rahiliya temple,",Uttar Pradesh,Mahoba,Temple,25.264161,79.843033,,,"ASI monument register via Bhuvan (ISRO), collected by github.com/answerquest/asi-monuments-xml2csv"
"Large Tank,",Uttar Pradesh,Mahoba,,25.364036,79.574261,,,"ASI monument register via Bhuvan (ISRO), collected by github.com/answerquest/asi-monuments-xml2csv"
"Large Chandel tank on the embankment of which stands a large ruined temple of the earliest Chandel type,",Uttar Pradesh,Mahoba,Temple,25.259672,79.659,,,"ASI monument register via Bhuvan (ISRO), collected by github.com/answerquest/asi-monuments-xml2csv"
"Smaller temple of which the dome has fallen,",Uttar Pradesh,Mahoba,Temple,25.260125,79.657472,,,"ASI monument register via Bhuvan (ISRO), collected by github.com/answerquest/asi-monuments-xml2csv"
"Sijari temple,",Uttar Pradesh,Mahoba,Temple,25.236719,79.803897,,,"ASI monument register via Bhuvan (ISRO), collected by github.com/answerquest/asi-monuments-xml2csv"
"Tank called Baratal with an island bearing the ruins of a large Chandel temple,",Uttar Pradesh,Mahoba,Temple,25.174969,79.774722,,,"ASI monument register via Bhuvan (ISRO), collected by github.com/answerquest/asi-monuments-xml2csv"
"Brahmanical temple,",Uttar Pradesh,Mahoba,Temple,25.394523,80.074435,,,"ASI monument register via Bhuvan (ISRO), collected by github.com/answerquest/asi-monuments-xml2csv"
"Jain temple,",Uttar Pradesh,Mahoba,Temple,25.394433,80.074678,,,"ASI monument register via Bhuvan (ISRO), collected by github.com/answerquest/asi-monuments-xml2csv"
"Temple, a flat roofed building",Uttar Pradesh,Mahoba,Temple,25.172234,79.72594,,,"ASI monument register via Bhuvan (ISRO), collected by github.com/answerquest/asi-monuments-xml2csv"
Fort Gate.,Uttar Pradesh,Raebareli,Fort,26.233432,81.227515,,,"ASI monument register via Bhuvan (ISRO), collected by github.com/answerquest/asi-monuments-xml2csv"
Sai Bridge.,Uttar Pradesh,Raebareli,,26.201536,81.247033,,,"ASI monument register via Bhuvan (ISRO), collected by github.com/answerquest/asi-monuments-xml2csv"
"Siva temple,",Uttar Pradesh,Raebareli,Temple,26.437381,81.041733,,,"ASI monument register via Bhuvan (ISRO), collected by github.com/answerquest/asi-monuments-xml2csv"
"Site, Stupa & Monastery of the Sakyas,",Uttar Pradesh,SiddarthNagar,,27.447953,83.127975,,,"ASI monument register via Bhuvan (ISRO), collected by github.com/answerquest/asi-monuments-xml2csv"
"Ancient site,",Uttar Pradesh,SiddarthNagar,,27.330272,83.1055,,,"ASI monument register via Bhuvan (ISRO), collected by github.com/answerquest/asi-monuments-xml2csv"
"Ancient site,",Uttar Pradesh,SiddarthNagar,,27.441947,83.121244,,,"ASI monument register via Bhuvan (ISRO), collected by github.com/answerquest/asi-monuments-xml2csv"
"Ancient site,",Uttar Pradesh,SiddarthNagar,,27.448214,83.137375,,,"ASI monument register via Bhuvan (ISRO), collected by github.com/answerquest/asi-monuments-xml2csv"
"Ancient site,",Uttar Pradesh,SiddarthNagar,,27.447461,83.128014,,,"ASI monument register via Bhuvan (ISRO), collected by github.com/answerquest/asi-monuments-xml2csv"
Ancient site about 150 paces from the village of Bhitti.,Uttar Pradesh,Sravasti,,27.520772,82.000267,,,"ASI monument register via Bhuvan (ISRO), collected by github.com/answerquest/asi-monuments-xml2csv"
"Mound of brick ruins, 80a0eX300o,",Uttar Pradesh,Sravasti,,27.527653,81.908425,,,"ASI monument register via Bhuvan (ISRO), collected by github.com/answerquest/asi-monuments-xml2csv"
"A small round shaped mound, 300o to the east-south of the great Stupa no. 306,",Uttar Pradesh,Sravasti,,27.527653,81.908425,,,"ASI monument register via Bhuvan (ISRO), collected by github.com/answerquest/asi-monuments-xml2csv"
"Tomb of Qurban Mohammad,",Uttar Pradesh,Unnao,Monument / Tomb,26.890661,80.208328,,,"ASI monument register via Bhuvan (ISRO), collected by github.com/answerquest/asi-monuments-xml2csv"
"Ruined temple at the upper end of Rai Tal on the banks of which is a round boulder containing two inscriptions of Samvat 1604 & 1603,",Uttar Pradesh,Jhansi,Temple,25.581906,79.2337,,,"ASI monument register via Bhuvan (ISRO), collected by github.com/answerquest/asi-monuments-xml2csv"
"Bilmori,",Uttar Pradesh,Lalitpur,,24.489434,78.328801,,,"ASI monument register via Bhuvan (ISRO), collected by github.com/answerquest/asi-monuments-xml2csv"
"Akhara,",Uttar Pradesh,Lalitpur,,24.427076,78.389318,,,"ASI monument register via Bhuvan (ISRO), collected by github.com/answerquest/asi-monuments-xml2csv"
"Bilmori,",Uttar Pradesh,Lalitpur,,24.4884,78.324172,,,"ASI monument register via Bhuvan (ISRO), collected by github.com/answerquest/asi-monuments-xml2csv"
"Bajrang,",Uttar Pradesh,Lalitpur,,24.417967,78.384446,,,"ASI monument register via Bhuvan (ISRO), collected by github.com/answerquest/asi-monuments-xml2csv"
"Bajrang,",Uttar Pradesh,Lalitpur,,24.424982,78.384059,,,"ASI monument register via Bhuvan (ISRO), collected by github.com/answerquest/asi-monuments-xml2csv"
"Kaiser Bagh Gates,",Uttar Pradesh,Lucknow,,26.85307,80.930961,,,"ASI monument register via Bhuvan (ISRO), collected by github.com/answerquest/asi-monuments-xml2csv"
"Kaiser Bagh Gates,",Uttar Pradesh,Lucknow,,26.851633,80.93285,,,"ASI monument register via Bhuvan (ISRO), collected by github.com/answerquest/asi-monuments-xml2csv"
Two Cemeteries.,Uttar Pradesh,Lucknow,,26.866565,80.976326,,,"ASI monument register via Bhuvan (ISRO), collected by github.com/answerquest/asi-monuments-xml2csv"
Two Cemeteries.,Uttar Pradesh,Lucknow,,26.871171,80.979098,,,"ASI monument register via Bhuvan (ISRO), collected by github.com/answerquest/asi-monuments-xml2csv"
"Four massive masonry pillars containing stone tablets with inscriptions in Urdu & Hindi representing translations of the Ten Commandments, and some verses from Saint Johnes Gospel, on the Grand Trunk Road just opposite the Public Works Department, Inspec",Uttar Pradesh,Fatehpur,,25.943236,80.80341,,,"ASI monument register via Bhuvan (ISRO), collected by github.com/answerquest/asi-monuments-xml2csv"
"Four massive masonry pillars containing stone tablets with inscriptions in Urdu & Hindi representing translations of the Ten Commandments, and some verses from Saint Johnes Gospel, on the Grand Trunk Road just opposite the Public Works Department, Inspec",Uttar Pradesh,Fatehpur,,25.943469,80.803266,,,"ASI monument register via Bhuvan (ISRO), collected by github.com/answerquest/asi-monuments-xml2csv"
"Four massive masonry pillars containing stone tablets with inscriptions in Urdu & Hindi representing translations of the Ten Commandments, and some verses from Saint Johnes Gospel, on the Grand Trunk Road just opposite the Public Works Department, Inspec",Uttar Pradesh,Fatehpur,,25.943112,80.803479,,,"ASI monument register via Bhuvan (ISRO), collected by github.com/answerquest/asi-monuments-xml2csv"
Shamaskhan mosque,Tamil Nadu,Perambalur,,11.318684,78.913529,,,"ASI monument register via Bhuvan (ISRO), collected by github.com/answerquest/asi-monuments-xml2csv"
Inscribed stone,Tamil Nadu,Nagapattinam,,10.274893,79.813775,,,"ASI monument register via Bhuvan (ISRO), collected by github.com/answerquest/asi-monuments-xml2csv"
Ramapada Mantapam,Tamil Nadu,Nagapattinam,,10.312263,79.835478,,,"ASI monument register via Bhuvan (ISRO), collected by github.com/answerquest/asi-monuments-xml2csv"
Head Sluice periavoickal alias Nattuvoickal,Tamil Nadu,Karur,,10.945461,78.440799,,,"ASI monument register via Bhuvan (ISRO), collected by github.com/answerquest/asi-monuments-xml2csv"
Kovil,Tamil Nadu,Karur,Temple,10.973396,78.362257,,,"ASI monument register via Bhuvan (ISRO), collected by github.com/answerquest/asi-monuments-xml2csv"
Bhima’s Rath,Tamil Nadu,Kanchipuram,,12.608826,80.189598,,,"ASI monument register via Bhuvan (ISRO), collected by github.com/answerquest/asi-monuments-xml2csv"
Dharmaraja’s Rath,Tamil Nadu,Kanchipuram,,12.608658,80.189477,,,"ASI monument register via Bhuvan (ISRO), collected by github.com/answerquest/asi-monuments-xml2csv"
Droupadi’s Rath,Tamil Nadu,Kanchipuram,,12.60892,80.189733,,,"ASI monument register via Bhuvan (ISRO), collected by github.com/answerquest/asi-monuments-xml2csv"
Sahadeva’s Rath,Tamil Nadu,Kanchipuram,,12.60895,80.189514,,,"ASI monument register via Bhuvan (ISRO), collected by github.com/answerquest/asi-monuments-xml2csv"
Boulder stone bed and Brahmi inscriptions on the hill and rock cut temples with inscriptions at the foot of the hill,Tamil Nadu,Sivagangai,,10.114565,78.698605,,,"ASI monument register via Bhuvan (ISRO), collected by github.com/answerquest/asi-monuments-xml2csv"
Boulder stone bed and Brahmi inscriptions on the hill and rock cut temples with inscriptions at the foot of the hill,Tamil Nadu,Sivagangai,,10.115394,78.698006,,,"ASI monument register via Bhuvan (ISRO), collected by github.com/answerquest/asi-monuments-xml2csv"
Kambarmedu,Tamil Nadu,Nagapattinam,,11.04362,79.579104,,,"ASI monument register via Bhuvan (ISRO), collected by github.com/answerquest/asi-monuments-xml2csv"
Tirukunndagudi Mahadeva Temple,Tamil Nadu,Puducherry U.T,Temple,11.916539,79.63577,,,"ASI monument register via Bhuvan (ISRO), collected by github.com/answerquest/asi-monuments-xml2csv"
Rock sculptures and caves,Tamil Nadu,Vellore,,12.866521,79.278537,,,"ASI monument register via Bhuvan (ISRO), collected by github.com/answerquest/asi-monuments-xml2csv"
Megalithic cists and cairns (survey no.111 & 116),Tamil Nadu,Kanchipuram,,12.760747,80.099517,,,"ASI monument register via Bhuvan (ISRO), collected by github.com/answerquest/asi-monuments-xml2csv"
Old Mughal Kosminar,Haryana,Ambala,,30.378315,76.766359,,,"ASI monument register via Bhuvan (ISRO), collected by github.com/answerquest/asi-monuments-xml2csv"
Ancient Site,Haryana,Bhiwani,,28.803966,76.22785,,,"ASI monument register via Bhuvan (ISRO), collected by github.com/answerquest/asi-monuments-xml2csv"
Kos Minar No. 18,Haryana,Palwal,,28.17727,77.313343,,,"ASI monument register via Bhuvan (ISRO), collected by github.com/answerquest/asi-monuments-xml2csv"
Kos Minar No. 22,Haryana,Palwal,,28.0331,77.338683,,,"ASI monument register via Bhuvan (ISRO), collected by github.com/answerquest/asi-monuments-xml2csv"
Kos Minar No. 24,Haryana,Palwal,,27.96172,77.340098,,,"ASI monument register via Bhuvan (ISRO), collected by github.com/answerquest/asi-monuments-xml2csv"
Kos Minar No. 25,Haryana,Palwal,,27.926438,77.351931,,,"ASI monument register via Bhuvan (ISRO), collected by github.com/answerquest/asi-monuments-xml2csv"
Kos Minar No 27,Haryana,Palwal,,27.8683,77.395966,,,"ASI monument register via Bhuvan (ISRO), collected by github.com/answerquest/asi-monuments-xml2csv"
Kos Minar No 16,Haryana,Palwal,,28.250383,77.287433,,,"ASI monument register via Bhuvan (ISRO), collected by github.com/answerquest/asi-monuments-xml2csv"
Kos Minar No. 17,Haryana,Palwal,,28.21312,77.300957,,,"ASI monument register via Bhuvan (ISRO), collected by github.com/answerquest/asi-monuments-xml2csv"
Kos Minar No. 26,Haryana,Palwal,,27.89485,77.36775,,,"ASI monument register via Bhuvan (ISRO), collected by github.com/answerquest/asi-monuments-xml2csv"
Ancient Hindu Baodi,Madhya Pradesh,Dhar,,22.356325,75.393547,,,"ASI monument register via Bhuvan (ISRO), collected by github.com/answerquest/asi-monuments-xml2csv"
Andheri Baodi,Madhya Pradesh,Dhar,,22.357696,75.395484,,,"ASI monument register via Bhuvan (ISRO), collected by github.com/answerquest/asi-monuments-xml2csv"
Ashrafi  Mahal,Madhya Pradesh,Dhar,Palace / Haveli,22.348345,75.398696,,,"ASI monument register via Bhuvan (ISRO), collected by github.com/answerquest/asi-monuments-xml2csv"
"Baz Bahadur""s Palace",Madhya Pradesh,Dhar,Palace / Haveli,22.313533,75.408072,,,"ASI monument register via Bhuvan (ISRO), collected by github.com/answerquest/asi-monuments-xml2csv"
Bhagwania Gate,Madhya Pradesh,Dhar,,22.312215,75.41723,,,"ASI monument register via Bhuvan (ISRO), collected by github.com/answerquest/asi-monuments-xml2csv"
Bhangi Gate,Madhya Pradesh,Dhar,,22.361792,75.393808,,,"ASI monument register via Bhuvan (ISRO), collected by github.com/answerquest/asi-monuments-xml2csv"
Champa Baodi,Madhya Pradesh,Dhar,,22.356736,75.392389,,,"ASI monument register via Bhuvan (ISRO), collected by github.com/answerquest/asi-monuments-xml2csv"
"Chistikhan""s Mahal",Madhya Pradesh,Dhar,Palace / Haveli,22.360342,75.402603,,,"ASI monument register via Bhuvan (ISRO), collected by github.com/answerquest/asi-monuments-xml2csv"
Chor Kot,Madhya Pradesh,Dhar,,22.337049,75.394867,,,"ASI monument register via Bhuvan (ISRO), collected by github.com/answerquest/asi-monuments-xml2csv"
Chorkot Mosque,Madhya Pradesh,Dhar,,22.336888,75.394575,,,"ASI monument register via Bhuvan (ISRO), collected by github.com/answerquest/asi-monuments-xml2csv"
Nahar Jharokha compound,Madhya Pradesh,Dhar,,22.358436,75.393245,,,"ASI monument register via Bhuvan (ISRO), collected by github.com/answerquest/asi-monuments-xml2csv"
Dai ka Mahal,Madhya Pradesh,Dhar,Palace / Haveli,22.327656,75.402469,,,"ASI monument register via Bhuvan (ISRO), collected by github.com/answerquest/asi-monuments-xml2csv"
Daike Chhoti Behen ka Mahal,Madhya Pradesh,Dhar,Palace / Haveli,22.329269,75.4025,,,"ASI monument register via Bhuvan (ISRO), collected by github.com/answerquest/asi-monuments-xml2csv"
"Darya Khan""s Tomb",Madhya Pradesh,Dhar,Monument / Tomb,22.337818,75.4023,,,"ASI monument register via Bhuvan (ISRO), collected by github.com/answerquest/asi-monuments-xml2csv"
Delhi Gate,Madhya Pradesh,Dhar,,22.361155,75.396188,,,"ASI monument register via Bhuvan (ISRO), collected by github.com/answerquest/asi-monuments-xml2csv"
Dharmashalla,Madhya Pradesh,Dhar,,22.348477,75.396153,,,"ASI monument register via Bhuvan (ISRO), collected by github.com/answerquest/asi-monuments-xml2csv"
Dilawarkhan's Mosque,Madhya Pradesh,Dhar,,22.3579,75.392247,,,"ASI monument register via Bhuvan (ISRO), collected by github.com/answerquest/asi-monuments-xml2csv"
Kos Minar No. 23,Haryana,Palwal,,27.996866,77.329533,,,"ASI monument register via Bhuvan (ISRO), collected by github.com/answerquest/asi-monuments-xml2csv"
Kos Minar No. 21,Haryana,Palwal,,28.06875,77.344666,,,"ASI monument register via Bhuvan (ISRO), collected by github.com/answerquest/asi-monuments-xml2csv"
Kos Minar No. 20,Haryana,Palwal,,28.105266,77.333666,,,"ASI monument register via Bhuvan (ISRO), collected by github.com/answerquest/asi-monuments-xml2csv"
Kos Minar No.19,Haryana,Palwal,,28.142283,77.3274,,,"ASI monument register via Bhuvan (ISRO), collected by github.com/answerquest/asi-monuments-xml2csv"
Kos Minar No. 15,Haryana,Palwal,,28.287633,77.291933,,,"ASI monument register via Bhuvan (ISRO), collected by github.com/answerquest/asi-monuments-xml2csv"
Kos Minar No. 10,Haryana,Faridabad,,28.469083,77.310183,,,"ASI monument register via Bhuvan (ISRO), collected by github.com/answerquest/asi-monuments-xml2csv"
Mughal Bridge over the Buddhia wala Nala,Haryana,Faridabad,,28.460341,77.313762,,,"ASI monument register via Bhuvan (ISRO), collected by github.com/answerquest/asi-monuments-xml2csv"
Surajkund masonry tank,Haryana,Faridabad,,28.483716,77.282883,,,"ASI monument register via Bhuvan (ISRO), collected by github.com/answerquest/asi-monuments-xml2csv"
Kos Minar No. 11,Haryana,Faridabad,,28.433538,77.31965,,,"ASI monument register via Bhuvan (ISRO), collected by github.com/answerquest/asi-monuments-xml2csv"
"Bund  or dam, 30 feet by 200",Haryana,Faridabad,,28.4731,77.276183,,,"ASI monument register via Bhuvan (ISRO), collected by github.com/answerquest/asi-monuments-xml2csv"
Ancient site at Banawali (Sotar),Haryana,Fatehabad,,29.598316,75.392133,,,"ASI monument register via Bhuvan (ISRO), collected by github.com/answerquest/asi-monuments-xml2csv"
Humayun's Mosque,Haryana,Fatehabad,,29.5192,75.458,,,"ASI monument register via Bhuvan (ISRO), collected by github.com/answerquest/asi-monuments-xml2csv"
Lat of Firoz Shah,Haryana,Fatehabad,,29.519166,75.458116,,,"ASI monument register via Bhuvan (ISRO), collected by github.com/answerquest/asi-monuments-xml2csv"
Baoli Ghaus Ali Shah,Haryana,Gurgaon,Stepwell / Baoli,28.450183,76.826,,,"ASI monument register via Bhuvan (ISRO), collected by github.com/answerquest/asi-monuments-xml2csv"
Mosque of Ali Vardi Khan,Haryana,Gurgaon,,28.499416,77.018066,,,"ASI monument register via Bhuvan (ISRO), collected by github.com/answerquest/asi-monuments-xml2csv"
Agroha mound,Haryana,Hissar,,29.333083,75.620633,,,"ASI monument register via Bhuvan (ISRO), collected by github.com/answerquest/asi-monuments-xml2csv"
Barsi Gate,Haryana,Hissar,,29.098733,75.964416,,,"ASI monument register via Bhuvan (ISRO), collected by github.com/answerquest/asi-monuments-xml2csv"
Ruined Quila (Prithviraj Chauhan’s  Fort),Haryana,Hissar,Fort,29.105483,75.9632,,,"ASI monument register via Bhuvan (ISRO), collected by github.com/answerquest/asi-monuments-xml2csv"
Firoz Shah’s  Palace and Tehkhanas,Haryana,Hissar,Palace / Haveli,29.166911,75.72029,,,"ASI monument register via Bhuvan (ISRO), collected by github.com/answerquest/asi-monuments-xml2csv"
Gujari Mahal,Haryana,Hissar,Palace / Haveli,29.168933,75.720033,,,"ASI monument register via Bhuvan (ISRO), collected by github.com/answerquest/asi-monuments-xml2csv"
Lat- ki- Masjid,Haryana,Hissar,,29.166201,75.720718,,,"ASI monument register via Bhuvan (ISRO), collected by github.com/answerquest/asi-monuments-xml2csv"
"Ancient Mound No. I, 
II
III
V",Haryana,Hissar,,29.293733,76.114683,,,"ASI monument register via Bhuvan (ISRO), collected by github.com/answerquest/asi-monuments-xml2csv"
Kos Minar,Haryana,Karnal,,29.757319,76.928907,,,"ASI monument register via Bhuvan (ISRO), collected by github.com/answerquest/asi-monuments-xml2csv"
Kos Minar,Haryana,Karnal,,29.629816,76.977966,,,"ASI monument register via Bhuvan (ISRO), collected by github.com/answerquest/asi-monuments-xml2csv"
Site of Ibrahim Lodhi's tomb,Haryana,Panipat,Monument / Tomb,29.401583,76.97295,,,"ASI monument register via Bhuvan (ISRO), collected by github.com/answerquest/asi-monuments-xml2csv"
"Gateway of old Moghul Sarai, Gharaunda
(North Gate)
(South Gate)",Haryana,Karnal,,29.536005,76.97179,,,"ASI monument register via Bhuvan (ISRO), collected by github.com/answerquest/asi-monuments-xml2csv"
Kos Minar (North),Haryana,Karnal,,29.555906,76.972727,,,"ASI monument register via Bhuvan (ISRO), collected by github.com/answerquest/asi-monuments-xml2csv"
Kos Minar (South),Haryana,Karnal,,29.519014,76.97217,,,"ASI monument register via Bhuvan (ISRO), collected by github.com/answerquest/asi-monuments-xml2csv"
"Cantonment Church Tower, one mile north of the town of Karnal, close to the Grand Trunk Road",Haryana,Karnal,,29.70635,76.98745,,,"ASI monument register via Bhuvan (ISRO), collected by github.com/answerquest/asi-monuments-xml2csv"
Cantonment Northern Cemetery close by the Cantonment Church Tower at Karnal,Haryana,Karnal,,29.70635,76.98745,,,"ASI monument register via Bhuvan (ISRO), collected by github.com/answerquest/asi-monuments-xml2csv"
"European soldier's graves, about 300 yards north of Karnal Kachehri",Haryana,Karnal,,29.707083,76.987166,,,"ASI monument register via Bhuvan (ISRO), collected by github.com/answerquest/asi-monuments-xml2csv"
Kos Minar (Namaste Chowk),Haryana,Karnal,,29.555746,76.973066,,,"ASI monument register via Bhuvan (ISRO), collected by github.com/answerquest/asi-monuments-xml2csv"
Kos Minar (City),Haryana,Karnal,,29.697733,76.978233,,,"ASI monument register via Bhuvan (ISRO), collected by github.com/answerquest/asi-monuments-xml2csv"
Kos Minar,Haryana,Karnal,,29.48035,76.97185,,,"ASI monument register via Bhuvan (ISRO), collected by github.com/answerquest/asi-monuments-xml2csv"
Kos Minar,Haryana,Karnal,,29.593416,76.981833,,,"ASI monument register via Bhuvan (ISRO), collected by github.com/answerquest/asi-monuments-xml2csv"
Kos Minar (North),Haryana,Karnal,,29.824457,76.905032,,,"ASI monument register via Bhuvan (ISRO), collected by github.com/answerquest/asi-monuments-xml2csv"
Kos Minar (south),Haryana,Karnal,,29.792666,76.922683,,,"ASI monument register via Bhuvan (ISRO), collected by github.com/answerquest/asi-monuments-xml2csv"
Kushana known as Jarasandh ka Quila,Haryana,Karnal,,29.52245,76.602416,,,"ASI monument register via Bhuvan (ISRO), collected by github.com/answerquest/asi-monuments-xml2csv"
Ther Polar,Haryana,Kaithal,,29.9325,76.359333,,,"ASI monument register via Bhuvan (ISRO), collected by github.com/answerquest/asi-monuments-xml2csv"
Ancient Brick Temple including Prachin Shivalaya,Haryana,Kaithal,Temple,29.6742,76.2548,,,"ASI monument register via Bhuvan (ISRO), collected by github.com/answerquest/asi-monuments-xml2csv"
Kos Minar,Haryana,Kurukshetra,,29.890916,76.870233,,,"ASI monument register via Bhuvan (ISRO), collected by github.com/answerquest/asi-monuments-xml2csv"
Ancient Site,Haryana,Kurukshetra,,29.899833,76.864683,,,"ASI monument register via Bhuvan (ISRO), collected by github.com/answerquest/asi-monuments-xml2csv"
Kos Minar,Haryana,Kurukshetra,,29.926916,76.861216,,,"ASI monument register via Bhuvan (ISRO), collected by github.com/answerquest/asi-monuments-xml2csv"
Kos Minar,Haryana,Kurukshetra,,30.029535,76.830949,,,"ASI monument register via Bhuvan (ISRO), collected by github.com/answerquest/asi-monuments-xml2csv"
Kos Minar,Haryana,Kurukshetra,,29.993414,76.830535,,,"ASI monument register via Bhuvan (ISRO), collected by github.com/answerquest/asi-monuments-xml2csv"
Kos Minar,Haryana,Kurukshetra,,30.2409,76.849985,,,"ASI monument register via Bhuvan (ISRO), collected by github.com/answerquest/asi-monuments-xml2csv"
The ancient mound known locally as “Raja Karan ka kila”,Haryana,Kurukshetra,,29.951016,76.80335,,,"ASI monument register via Bhuvan (ISRO), collected by github.com/answerquest/asi-monuments-xml2csv"
Kos Minar,Haryana,Kurukshetra,,29.960883,76.843033,,,"ASI monument register via Bhuvan (ISRO), collected by github.com/answerquest/asi-monuments-xml2csv"
"Pathar Masjid (bounded on the north by the tomb of Sheikh Chilli, on the south by ruined houses, and on the east and west by roads)",Haryana,Kurukshetra,Monument / Tomb,29.975916,76.82785,,,"ASI monument register via Bhuvan (ISRO), collected by github.com/answerquest/asi-monuments-xml2csv"
Sheikh Chilli's tomb,Haryana,Kurukshetra,Monument / Tomb,29.976633,76.828133,,,"ASI monument register via Bhuvan (ISRO), collected by github.com/answerquest/asi-monuments-xml2csv"
Ancient Site of Harsh-ka-Tila Archaeological remains,Haryana,Kurukshetra,,29.977083,76.826583,,,"ASI monument register via Bhuvan (ISRO), collected by github.com/answerquest/asi-monuments-xml2csv"
Kos Minar,Haryana,Kurukshetra,,30.067797,76.845479,,,"ASI monument register via Bhuvan (ISRO), collected by github.com/answerquest/asi-monuments-xml2csv"
Kos Minar,Haryana,Kurukshetra,,30.2058,76.858916,,,"ASI monument register via Bhuvan (ISRO), collected by github.com/answerquest/asi-monuments-xml2csv"
Nabha House,Haryana,Kurukshetra,,29.966733,76.83435,,,"ASI monument register via Bhuvan (ISRO), collected by github.com/answerquest/asi-monuments-xml2csv"
Group of Tombs,Haryana,Jhajjar,,28.606716,76.6686,,,"ASI monument register via Bhuvan (ISRO), collected by github.com/answerquest/asi-monuments-xml2csv"
Jal Mahal and adjacent land,Haryana,Mahindergarh,Palace / Haveli,28.02835,76.101916,,,"ASI monument register via Bhuvan (ISRO), collected by github.com/answerquest/asi-monuments-xml2csv"
Shah Ibrahim's tomb together with adjacent land as shown in the plan,Haryana,Mahindergarh,Monument / Tomb,28.041061,76.102484,,,"ASI monument register via Bhuvan (ISRO), collected by github.com/answerquest/asi-monuments-xml2csv"
Shah Quli Khan's Tomb with adjacent land,Haryana,Mahindergarh,Monument / Tomb,28.031233,76.0983,,,"ASI monument register via Bhuvan (ISRO), collected by github.com/answerquest/asi-monuments-xml2csv"
KUND,Rajasthan,CHITTAURGARH,,24.958056,75.593611,,,"ASI monument register via Bhuvan (ISRO), collected by github.com/answerquest/asi-monuments-xml2csv"
Kos Minar,Haryana,Panipat,,29.298733,77.007516,,,"ASI monument register via Bhuvan (ISRO), collected by github.com/answerquest/asi-monuments-xml2csv"
Obelisk  commemorating the Third Battle of Panipat,Haryana,Panipat,,29.396233,77.021283,,,"ASI monument register via Bhuvan (ISRO), collected by github.com/answerquest/asi-monuments-xml2csv"
Kos Minar,Haryana,Panipat,,29.223233,77.008972,,,"ASI monument register via Bhuvan (ISRO), collected by github.com/answerquest/asi-monuments-xml2csv"
Kos Minar,Haryana,Panipat,,29.260954,77.009267,,,"ASI monument register via Bhuvan (ISRO), collected by github.com/answerquest/asi-monuments-xml2csv"
Bab-i-Faiz Gate on the north side of Panipat town.,Haryana,Panipat,,29.397033,76.973062,,,"ASI monument register via Bhuvan (ISRO), collected by github.com/answerquest/asi-monuments-xml2csv"
Kabuli Bagh Mosque with enclosure wall,Haryana,Panipat,,29.396033,76.989366,,,"ASI monument register via Bhuvan (ISRO), collected by github.com/answerquest/asi-monuments-xml2csv"
Kos Minar,Haryana,Panipat,,29.405583,76.97365,,,"ASI monument register via Bhuvan (ISRO), collected by github.com/answerquest/asi-monuments-xml2csv"
Kos Minar,Haryana,Panipat,,29.370457,76.981405,,,"ASI monument register via Bhuvan (ISRO), collected by github.com/answerquest/asi-monuments-xml2csv"
Kos Minar,Haryana,Panipat,,29.334519,76.995409,,,"ASI monument register via Bhuvan (ISRO), collected by github.com/answerquest/asi-monuments-xml2csv"
Site of ancient city,Haryana,Rohtak,,28.910883,76.577466,,,"ASI monument register via Bhuvan (ISRO), collected by github.com/answerquest/asi-monuments-xml2csv"
Shahjahan  Baoli,Haryana,Rohtak,Stepwell / Baoli,28.959833,76.297433,,,"ASI monument register via Bhuvan (ISRO), collected by github.com/answerquest/asi-monuments-xml2csv"
Ther Mound,Haryana,Sirsa,,29.525766,75.022066,,,"ASI monument register via Bhuvan (ISRO), collected by github.com/answerquest/asi-monuments-xml2csv"
Old Mughal Kos Minar adjoining the north-western railway in Sonepat Tehsil,Haryana,Sonepat,,28.895503,77.069579,,,"ASI monument register via Bhuvan (ISRO), collected by github.com/answerquest/asi-monuments-xml2csv"
Old Mughal Kos Minars adjoining the North-Western railway in Sonepat Tehsil,Haryana,Sonepat,,28.962266,77.032966,,,"ASI monument register via Bhuvan (ISRO), collected by github.com/answerquest/asi-monuments-xml2csv"
Old Mughal Kos Minars adjoining the North-Western railway in Sonepat Tehsil,Haryana,Sonepat,,29.112223,77.017621,,,"ASI monument register via Bhuvan (ISRO), collected by github.com/answerquest/asi-monuments-xml2csv"
Old Mughal Kos Minars adjoining the North-Western railway in Sonepat Tehsil,Haryana,Sonepat,,29.149033,77.016216,,,"ASI monument register via Bhuvan (ISRO), collected by github.com/answerquest/asi-monuments-xml2csv"
Old Mughal Kos Minars adjoining the North-Western railway in Sonepat Tehsil,Haryana,Sonepat,,29.074,77.012316,,,"ASI monument register via Bhuvan (ISRO), collected by github.com/answerquest/asi-monuments-xml2csv"
Old Mughal Kos Minars adjoining the North-Western railway in Sonepat Tehsil,Haryana,Sonepat,,28.998771,77.022122,,,"ASI monument register via Bhuvan (ISRO), collected by github.com/answerquest/asi-monuments-xml2csv"
Tomb of Khawaja Khizr,Haryana,Sonepat,Monument / Tomb,29.006783,77.014083,,,"ASI monument register via Bhuvan (ISRO), collected by github.com/answerquest/asi-monuments-xml2csv"
Old Mughal Kos Minar adjoining the north-western railway in Sonepat Tehsil,Haryana,Sonepat,,29.036333,77.014266,,,"ASI monument register via Bhuvan (ISRO), collected by github.com/answerquest/asi-monuments-xml2csv"
"Adi Badri, Ancient Site & Remains",Haryana,Yamunanagar,,30.454071,77.344435,,,"ASI monument register via Bhuvan (ISRO), collected by github.com/answerquest/asi-monuments-xml2csv"
Kalinga Monuments,Uttarakhand,Dehradun,,30.336667,78.0676,,,"ASI monument register via Bhuvan (ISRO), collected by github.com/answerquest/asi-monuments-xml2csv"
Asoka Rock Edict at Kalsi,Uttarakhand,Dehradun,,30.517979,77.84816,,,"ASI monument register via Bhuvan (ISRO), collected by github.com/answerquest/asi-monuments-xml2csv"
Famous temple sacred to Mahasu,Uttarakhand,Dehradun,Temple,30.497075,77.826968,,,"ASI monument register via Bhuvan (ISRO), collected by github.com/answerquest/asi-monuments-xml2csv"
Excavated sites of Ashwamedha Yagya,Uttarakhand,Dehradun,,30.731195,78.067466,,,"ASI monument register via Bhuvan (ISRO), collected by github.com/answerquest/asi-monuments-xml2csv"
Ancient excavated site,Uttarakhand,Uttarkashi,,30.884555,78.092568,,,"ASI monument register via Bhuvan (ISRO), collected by github.com/answerquest/asi-monuments-xml2csv"
Lakhamandal temple,Uttarakhand,Dehradun,Temple,30.971192,77.927716,,,"ASI monument register via Bhuvan (ISRO), collected by github.com/answerquest/asi-monuments-xml2csv"
Remains of sixteen temples,Uttarakhand,Chamoli,,29.859757,77.880631,,,"ASI monument register via Bhuvan (ISRO), collected by github.com/answerquest/asi-monuments-xml2csv"
A trident of Iron with a shaft,Uttarakhand,Chamoli,,30.413802,79.316001,,,"ASI monument register via Bhuvan (ISRO), collected by github.com/answerquest/asi-monuments-xml2csv"
The fort with walls,Uttarakhand,Chamoli,Fort,30.175542,79.214011,,,"ASI monument register via Bhuvan (ISRO), collected by github.com/answerquest/asi-monuments-xml2csv"
Rock inscription,Uttarakhand,Chamoli,,30.632891,79.54963,,,"ASI monument register via Bhuvan (ISRO), collected by github.com/answerquest/asi-monuments-xml2csv"
Mritunjaya group,Uttarakhand,Almora,,29.773594,79.427219,,,"ASI monument register via Bhuvan (ISRO), collected by github.com/answerquest/asi-monuments-xml2csv"
Maniyan group,Uttarakhand,Almora,,29.77579,79.429113,,,"ASI monument register via Bhuvan (ISRO), collected by github.com/answerquest/asi-monuments-xml2csv"
Bandeo temple,Uttarakhand,Almora,Temple,29.776292,79.430931,,,"ASI monument register via Bhuvan (ISRO), collected by github.com/answerquest/asi-monuments-xml2csv"
Kutumbari,Uttarakhand,Almora,,29.777714,79.427088,,,"ASI monument register via Bhuvan (ISRO), collected by github.com/answerquest/asi-monuments-xml2csv"
Gujardev temple,Uttarakhand,Almora,Temple,29.77838,79.428022,,,"ASI monument register via Bhuvan (ISRO), collected by github.com/answerquest/asi-monuments-xml2csv"
Kacheri group,Uttarakhand,Almora,,29.774854,79.42803,,,"ASI monument register via Bhuvan (ISRO), collected by github.com/answerquest/asi-monuments-xml2csv"
Badrinath group,Uttarakhand,Almora,,29.774845,79.427021,,,"ASI monument register via Bhuvan (ISRO), collected by github.com/answerquest/asi-monuments-xml2csv"
Ratandeo shrines,Uttarakhand,Almora,,29.632432,79.61463,,,"ASI monument register via Bhuvan (ISRO), collected by github.com/answerquest/asi-monuments-xml2csv"
Dandeswar temple,Uttarakhand,Almora,Temple,29.637481,79.854331,,,"ASI monument register via Bhuvan (ISRO), collected by github.com/answerquest/asi-monuments-xml2csv"
Navegraha shrine,Uttarakhand,Almora,,29.637934,79.855162,,,"ASI monument register via Bhuvan (ISRO), collected by github.com/answerquest/asi-monuments-xml2csv"
A large temple dedicated to Sun,Uttarakhand,Almora,Temple,29.629246,79.841557,,,"ASI monument register via Bhuvan (ISRO), collected by github.com/answerquest/asi-monuments-xml2csv"
Khera ki Bani,Uttarakhand,Uttar Pradesh,,29.20509,78.976501,,,"ASI monument register via Bhuvan (ISRO), collected by github.com/answerquest/asi-monuments-xml2csv"
Shrine dedicated to Surya,Uttarakhand,Almora,,29.336585,80.090391,,,"ASI monument register via Bhuvan (ISRO), collected by github.com/answerquest/asi-monuments-xml2csv"
Pyramidal shrine,Uttarakhand,Almora,,29.333893,80.084589,,,"ASI monument register via Bhuvan (ISRO), collected by github.com/answerquest/asi-monuments-xml2csv"
Remains of ancient buildings,Uttarakhand,Nainital,,29.907039,79.615195,,,"ASI monument register via Bhuvan (ISRO), collected by github.com/answerquest/asi-monuments-xml2csv"
Patal Bhubneshwar Cave temple,Uttarakhand,Pithoragarh,Temple,29.908519,79.610275,,,"ASI monument register via Bhuvan (ISRO), collected by github.com/answerquest/asi-monuments-xml2csv"
Patal Bhubneshwar Cave temple,Uttarakhand,Pithoragarh,Temple,29.907639,79.609887,,,"ASI monument register via Bhuvan (ISRO), collected by github.com/answerquest/asi-monuments-xml2csv"
Patal Bhubneshwar Cave temple,Uttarakhand,Pithoragarh,Temple,29.906625,79.610874,,,"ASI monument register via Bhuvan (ISRO), collected by github.com/answerquest/asi-monuments-xml2csv"
Three temples of the Indo-Aryan shikhra,Uttarakhand,Bageshwar,,29.656174,80.042348,,,"ASI monument register via Bhuvan (ISRO), collected by github.com/answerquest/asi-monuments-xml2csv"
The Old cemetery at Rurki,Uttarakhand,Haridwar,,29.407747,79.222707,,,"ASI monument register via Bhuvan (ISRO), collected by github.com/answerquest/asi-monuments-xml2csv"
A group of ancient temples,Uttarakhand,Bageshwar,,29.6878,80.094059,,,"ASI monument register via Bhuvan (ISRO), collected by github.com/answerquest/asi-monuments-xml2csv"
Rudranath temple,Uttarakhand,Chamoli,Temple,30.413839,79.315944,,,"ASI monument register via Bhuvan (ISRO), collected by github.com/answerquest/asi-monuments-xml2csv"
Nanda Devi or Nau Durga,Uttarakhand,Almora,Temple,29.637466,79.854397,,,"ASI monument register via Bhuvan (ISRO), collected by github.com/answerquest/asi-monuments-xml2csv"
Sabha Mandapa (Double Shrines) & the ancient shrines,Gujarat,Mehsana,,23.7371,72.474308,,,"ASI monument register via Bhuvan (ISRO), collected by github.com/answerquest/asi-monuments-xml2csv"
Jasmalnathji Mahadev Temple,Gujarat,Mehsana,Temple,23.583406,72.590258,,,"ASI monument register via Bhuvan (ISRO), collected by github.com/answerquest/asi-monuments-xml2csv"
Ajpal Kund,Gujarat,Mehsana,,23.782805,72.648343,,,"ASI monument register via Bhuvan (ISRO), collected by github.com/answerquest/asi-monuments-xml2csv"
Inscription  & Arjun Bari Gate,Gujarat,Mehsana,,23.788406,72.639183,,,"ASI monument register via Bhuvan (ISRO), collected by github.com/answerquest/asi-monuments-xml2csv"
Torana,Gujarat,Mehsana,,23.790811,72.641778,,,"ASI monument register via Bhuvan (ISRO), collected by github.com/answerquest/asi-monuments-xml2csv"
Kund,Gujarat,Mehsana,,23.564408,72.757397,,,"ASI monument register via Bhuvan (ISRO), collected by github.com/answerquest/asi-monuments-xml2csv"
"Sun Temple, Survy Kund with adjoining other temples & loose sculptures",Gujarat,Mehsana,Temple,23.583528,72.133333,,,"ASI monument register via Bhuvan (ISRO), collected by github.com/answerquest/asi-monuments-xml2csv"
Gateway of Khan Sarover,Gujarat,Patan,,23.839336,72.115192,,,"ASI monument register via Bhuvan (ISRO), collected by github.com/answerquest/asi-monuments-xml2csv"
Rani-ki-Vav,Gujarat,Patan,Stepwell / Baoli,23.858897,72.101758,,,"ASI monument register via Bhuvan (ISRO), collected by github.com/answerquest/asi-monuments-xml2csv"
Sahastralinga Talao (Excavated),Gujarat,Patan,,23.86295,72.096792,,,"ASI monument register via Bhuvan (ISRO), collected by github.com/answerquest/asi-monuments-xml2csv"
Shaikh Farid Tomb,Gujarat,Patan,Monument / Tomb,23.866556,72.096484,,,"ASI monument register via Bhuvan (ISRO), collected by github.com/answerquest/asi-monuments-xml2csv"
Jami Masjid,Gujarat,Patan,,23.919448,72.379212,,,"ASI monument register via Bhuvan (ISRO), collected by github.com/answerquest/asi-monuments-xml2csv"
Ruins of Rudra Mahalaya Temple,Gujarat,Patan,Temple,23.919442,72.379492,,,"ASI monument register via Bhuvan (ISRO), collected by github.com/answerquest/asi-monuments-xml2csv"
Nilkantheshwar Mahadev Temple,Gujarat,Patan,Temple,23.802892,72.318192,,,"ASI monument register via Bhuvan (ISRO), collected by github.com/answerquest/asi-monuments-xml2csv"
Sivai Mata Temple,Gujarat,Patan,Temple,23.802969,72.317008,,,"ASI monument register via Bhuvan (ISRO), collected by github.com/answerquest/asi-monuments-xml2csv"
Nilkantheshwar Mahadev Temple,Gujarat,Patan,Temple,23.769286,72.300603,,,"ASI monument register via Bhuvan (ISRO), collected by github.com/answerquest/asi-monuments-xml2csv"
Tow small shrines Near Sanderi Mata Temple,Gujarat,Patan,Temple,23.767972,72.259301,,,"ASI monument register via Bhuvan (ISRO), collected by github.com/answerquest/asi-monuments-xml2csv"
Sitlamata Temple,Gujarat,Patan,Temple,23.664922,72.431967,,,"ASI monument register via Bhuvan (ISRO), collected by github.com/answerquest/asi-monuments-xml2csv"
Torana of  Survey Temple,Gujarat,Patan,Temple,23.664018,72.435304,,,"ASI monument register via Bhuvan (ISRO), collected by github.com/answerquest/asi-monuments-xml2csv"
Limboji Mata Temple,Gujarat,Patan,Temple,23.641806,71.993965,,,"ASI monument register via Bhuvan (ISRO), collected by github.com/answerquest/asi-monuments-xml2csv"
House where Mahatma Gandhi was born,Gujarat,Porbandar,,21.641208,69.600783,,,"ASI monument register via Bhuvan (ISRO), collected by github.com/answerquest/asi-monuments-xml2csv"
Old Parsvanth Temple,Gujarat,Porbandar,Temple,21.839519,69.382364,,,"ASI monument register via Bhuvan (ISRO), collected by github.com/answerquest/asi-monuments-xml2csv"
Dhank Caves,Gujarat,Rajkot,,21.781344,70.124136,,,"ASI monument register via Bhuvan (ISRO), collected by github.com/answerquest/asi-monuments-xml2csv"
Tomb of Sikandarshah,Gujarat,Sabarkantha,Monument / Tomb,23.435636,72.857639,,,"ASI monument register via Bhuvan (ISRO), collected by github.com/answerquest/asi-monuments-xml2csv"
Group of Temple,Gujarat,Sabarkantha,Temple,23.657687,73.081721,,,"ASI monument register via Bhuvan (ISRO), collected by github.com/answerquest/asi-monuments-xml2csv"
Dargah known as Khawaja Dana Saheb¦s Rouza,Gujarat,Surat,Monument / Tomb,21.191107,72.821652,,,"ASI monument register via Bhuvan (ISRO), collected by github.com/answerquest/asi-monuments-xml2csv"
Old English Tombs,Gujarat,Surat,,21.212567,72.828553,,,"ASI monument register via Bhuvan (ISRO), collected by github.com/answerquest/asi-monuments-xml2csv"
Tomb of Khawaja Safar Sulemani,Gujarat,Surat,Monument / Tomb,21.204215,72.823622,,,"ASI monument register via Bhuvan (ISRO), collected by github.com/answerquest/asi-monuments-xml2csv"
Old Dutch & Armenian Tombs & Cemetaries,Gujarat,Surat,,21.209575,72.827289,,,"ASI monument register via Bhuvan (ISRO), collected by github.com/answerquest/asi-monuments-xml2csv"
Ancient site comprising S. Plot No.535,Gujarat,Surat,,21.282464,72.966803,,,"ASI monument register via Bhuvan (ISRO), collected by github.com/answerquest/asi-monuments-xml2csv"
Fateh Burj,Gujarat,Surat,,21.114575,73.395044,,,"ASI monument register via Bhuvan (ISRO), collected by github.com/answerquest/asi-monuments-xml2csv"
Ranak Devi¦s Temple,Gujarat,Surendranagar,Temple,22.714294,71.675203,,,"ASI monument register via Bhuvan (ISRO), collected by github.com/answerquest/asi-monuments-xml2csv"
Ancient Mound,Gujarat,Surendranagar,,22.400442,71.928586,,,"ASI monument register via Bhuvan (ISRO), collected by github.com/answerquest/asi-monuments-xml2csv"
Sun Temple,Gujarat,Surendranagar,Temple,22.597278,71.214819,,,"ASI monument register via Bhuvan (ISRO), collected by github.com/answerquest/asi-monuments-xml2csv"
Navlakha Temple,Gujarat,Surendranagar,Temple,22.457736,71.413689,,,"ASI monument register via Bhuvan (ISRO), collected by github.com/answerquest/asi-monuments-xml2csv"
Darbargarh,Gujarat,Surendranagar,,23.011725,71.178936,,,"ASI monument register via Bhuvan (ISRO), collected by github.com/answerquest/asi-monuments-xml2csv"
Ananteshwara Temple,Gujarat,Surendranagar,Temple,22.224494,71.16805,,,"ASI monument register via Bhuvan (ISRO), collected by github.com/answerquest/asi-monuments-xml2csv"
Frescoes on the walls of Bhau Tambekar¦s Wada,Gujarat,Vadodara,,22.302778,73.199167,,,"ASI monument register via Bhuvan (ISRO), collected by github.com/answerquest/asi-monuments-xml2csv"
Historic Site S.No. 431 to 435,Gujarat,Vadodara,,22.300819,73.181394,,,"ASI monument register via Bhuvan (ISRO), collected by github.com/answerquest/asi-monuments-xml2csv"
Hazira or Qutbuddin Mahmad Khan¦s Tomb,Gujarat,Vadodara,Monument / Tomb,22.277875,73.206903,,,"ASI monument register via Bhuvan (ISRO), collected by github.com/answerquest/asi-monuments-xml2csv"
Ancient Site (Excavated),Gujarat,Vadodara,,22.08105,73.249669,,,"ASI monument register via Bhuvan (ISRO), collected by github.com/answerquest/asi-monuments-xml2csv"
Gateway or Torana,Gujarat,Vadodara,,22.081871,73.2484,,,"ASI monument register via Bhuvan (ISRO), collected by github.com/answerquest/asi-monuments-xml2csv"
Ancient site of Sandhiyapura,Gujarat,Vadodara,,22.331553,73.47635,,,"ASI monument register via Bhuvan (ISRO), collected by github.com/answerquest/asi-monuments-xml2csv"
Vadodara Gate & its adjacent construction,Gujarat,Vadodara,,22.134492,73.416681,,,"ASI monument register via Bhuvan (ISRO), collected by github.com/answerquest/asi-monuments-xml2csv"
"Hira gate with S.No. 38, 41, 45, 47 & Tika No. 102 & 103",Gujarat,Vadodara,,22.133322,73.426606,,,"ASI monument register via Bhuvan (ISRO), collected by github.com/answerquest/asi-monuments-xml2csv"
Mahudi (Champaneri) Gate & adjacent construction,Gujarat,Vadodara,,22.137694,73.419433,,,"ASI monument register via Bhuvan (ISRO), collected by github.com/answerquest/asi-monuments-xml2csv"
Nandodi Gate With adjacent construction,Gujarat,Vadodara,,22.129758,73.422506,,,"ASI monument register via Bhuvan (ISRO), collected by github.com/answerquest/asi-monuments-xml2csv"
Saptamukhi Vav,Gujarat,Vadodara,Stepwell / Baoli,22.135233,73.421872,,,"ASI monument register via Bhuvan (ISRO), collected by github.com/answerquest/asi-monuments-xml2csv"
"Microlithic site S.No. 311, 12, 13 & 298",Gujarat,Vadodara,,22.626375,73.246463,,,"ASI monument register via Bhuvan (ISRO), collected by github.com/answerquest/asi-monuments-xml2csv"
Fort walls,Gujarat,Nani Daman,Fort,20.413394,72.832058,,,"ASI monument register via Bhuvan (ISRO), collected by github.com/answerquest/asi-monuments-xml2csv"
"Fort Walls including Gates, Structure, Moat, Open Land, Outside & Inline Fort.",Gujarat,Moti Daman,Fort,20.407875,72.832819,,,"ASI monument register via Bhuvan (ISRO), collected by github.com/answerquest/asi-monuments-xml2csv"
Holy jesus Church,Gujarat,Moti Daman,,20.406808,72.834164,,,"ASI monument register via Bhuvan (ISRO), collected by github.com/answerquest/asi-monuments-xml2csv"
Ruined Church,Gujarat,Moti Daman,,20.407458,72.830775,,,"ASI monument register via Bhuvan (ISRO), collected by github.com/answerquest/asi-monuments-xml2csv"
The Chapel of Our Lady of Rosario,Gujarat,Moti Daman,,20.405822,72.833875,,,"ASI monument register via Bhuvan (ISRO), collected by github.com/answerquest/asi-monuments-xml2csv"
The Chapel of Our Lady of Remedios,Gujarat,Moti Daman,,20.402856,72.832006,,,"ASI monument register via Bhuvan (ISRO), collected by github.com/answerquest/asi-monuments-xml2csv"
Tower of Silence,Gujarat,Diu,,20.707304,70.955684,,,"ASI monument register via Bhuvan (ISRO), collected by github.com/answerquest/asi-monuments-xml2csv"
Bangli,Gujarat,Diu,,20.708119,70.956364,,,"ASI monument register via Bhuvan (ISRO), collected by github.com/answerquest/asi-monuments-xml2csv"
St. Paul¦s Church,Gujarat,Diu,,20.714544,70.990672,,,"ASI monument register via Bhuvan (ISRO), collected by github.com/answerquest/asi-monuments-xml2csv"
Fort together with the inside building,Gujarat,Diu,Fort,20.714789,70.996031,,,"ASI monument register via Bhuvan (ISRO), collected by github.com/answerquest/asi-monuments-xml2csv"
Old Mosque (Jami Masjid),Gujarat,Diu,,20.717864,70.984878,,,"ASI monument register via Bhuvan (ISRO), collected by github.com/answerquest/asi-monuments-xml2csv"
Ancient Site Juni- Kuran,Gujarat,Kachchh,,23.962325,69.765988,,,"ASI monument register via Bhuvan (ISRO), collected by github.com/answerquest/asi-monuments-xml2csv"
Ancient Site/Mound,Gujarat,Bhavnagar,,21.704806,71.963208,,,"ASI monument register via Bhuvan (ISRO), collected by github.com/answerquest/asi-monuments-xml2csv"
Ancient Site/Mound,Gujarat,Bhavnagar,,21.894028,71.873778,,,"ASI monument register via Bhuvan (ISRO), collected by github.com/answerquest/asi-monuments-xml2csv"
Makai Kothar,Gujarat,Godhra,,22.465147,73.522308,,,"ASI monument register via Bhuvan (ISRO), collected by github.com/answerquest/asi-monuments-xml2csv"
Gadhi Fortress and Temple in survey No.106,Gujarat,Jamnagar,Temple,22.207861,69.080131,,,"ASI monument register via Bhuvan (ISRO), collected by github.com/answerquest/asi-monuments-xml2csv"
Magderu Temple Dhrasanvel,Gujarat,Jamnagar,Temple,22.28948,69.051482,,,"ASI monument register via Bhuvan (ISRO), collected by github.com/answerquest/asi-monuments-xml2csv"
Guhadity Temple in Survey No. 655,Gujarat,Jamnagar,Temple,22.301063,68.986898,,,"ASI monument register via Bhuvan (ISRO), collected by github.com/answerquest/asi-monuments-xml2csv"
Junagadhi (Jain) Temple,Gujarat,Jamnagar,Temple,22.318006,68.999031,,,"ASI monument register via Bhuvan (ISRO), collected by github.com/answerquest/asi-monuments-xml2csv"
Kankeshvara Mahadev Temple and other shrines,Gujarat,Jamnagar,Temple,22.318556,68.997389,,,"ASI monument register via Bhuvan (ISRO), collected by github.com/answerquest/asi-monuments-xml2csv"
Ancient Mound,Gujarat,Junagadh,,21.551234,70.491899,,,"ASI monument register via Bhuvan (ISRO), collected by github.com/answerquest/asi-monuments-xml2csv"
Ancient Site/Mound in Village,Gujarat,Surendranagar,,22.456722,71.414386,,,"ASI monument register via Bhuvan (ISRO), collected by github.com/answerquest/asi-monuments-xml2csv"
Fresco on the wall of Kashivisvanath temple,Gujarat,Amreli,Temple,21.661722,71.515222,,,"ASI monument register via Bhuvan (ISRO), collected by github.com/answerquest/asi-monuments-xml2csv"
"Rahemat Bibi Masjid, Mangrol",Gujarat,Junagadh,,21.128214,70.119219,,,"ASI monument register via Bhuvan (ISRO), collected by github.com/answerquest/asi-monuments-xml2csv"
Kashmeri Gate and portion of the City Wall on either side of the Kashmeri Gate,Delhi,North,,28.665415,77.224464,,,"ASI monument register via Bhuvan (ISRO), collected by github.com/answerquest/asi-monuments-xml2csv"
Kashmeri Gate and portion of the City Wall on either side of the Kashmeri Gate,Delhi,North,,28.667727,77.230832,,,"ASI monument register via Bhuvan (ISRO), collected by github.com/answerquest/asi-monuments-xml2csv"
Kashmeri Gate and portion of the City Wall on either side of the Kashmeri Gate,Delhi,North,,28.667758,77.230641,,,"ASI monument register via Bhuvan (ISRO), collected by github.com/answerquest/asi-monuments-xml2csv"
Unknown tomb with blue tiles decoration known as Shisha Gumbad,Delhi,New Delhi,Monument / Tomb,28.593759,77.220176,,,"ASI monument register via Bhuvan (ISRO), collected by github.com/answerquest/asi-monuments-xml2csv"
"Tomb of Safdarjang (Mirza Muqim Mansur Ali Khan) with all the enclosure walls, gateways, gardens and the mosque",Delhi,New Delhi,Monument / Tomb,28.589286,77.210567,,,"ASI monument register via Bhuvan (ISRO), collected by github.com/answerquest/asi-monuments-xml2csv"
Sunehri Masjid,Delhi,North,,28.650458,77.23959,,,"ASI monument register via Bhuvan (ISRO), collected by github.com/answerquest/asi-monuments-xml2csv"
Nichlson (Or Kashmeri Gate) Cemetery,Delhi,North,,28.669031,77.225904,,,"ASI monument register via Bhuvan (ISRO), collected by github.com/answerquest/asi-monuments-xml2csv"
"Kotla Feroz Shah Ferozabad remaining walls, bastions and gateways and gardens, the old Mosque, and wall",Delhi,Central,,28.635365,77.244467,,,"ASI monument register via Bhuvan (ISRO), collected by github.com/answerquest/asi-monuments-xml2csv"
Thousand pillared temple,Telangana,Warangal - Urban,Temple,18.003755,79.5747,,,"ASI monument register via Bhuvan (ISRO), collected by github.com/answerquest/asi-monuments-xml2csv"
Charminar,Telangana,Hyderabad,,17.361607,78.474657,,,"ASI monument register via Bhuvan (ISRO), collected by github.com/answerquest/asi-monuments-xml2csv"
Ramappa temple,Telangana,Warangal - Rural,Temple,18.259306,79.943279,,,"ASI monument register via Bhuvan (ISRO), collected by github.com/answerquest/asi-monuments-xml2csv"
"Warangal fort,defences and gateways",Telangana,Warangal - Rural,Fort,17.956232,79.615321,,,"ASI monument register via Bhuvan (ISRO), collected by github.com/answerquest/asi-monuments-xml2csv"
Ancient mound,Telangana,Sangareddy,,17.54583,78.014291,,,"ASI monument register via Bhuvan (ISRO), collected by github.com/answerquest/asi-monuments-xml2csv"
Navabrahma Temples 1-3,Telangana,Gadwal,,15.878093,78.135768,,,"ASI monument register via Bhuvan (ISRO), collected by github.com/answerquest/asi-monuments-xml2csv"
Navabrahma Temple 6,Telangana,Gadwal,Temple,15.877155,78.135678,,,"ASI monument register via Bhuvan (ISRO), collected by github.com/answerquest/asi-monuments-xml2csv"
NavabrahmaTemple 4,Telangana,Gadwal,,15.877721,78.135749,,,"ASI monument register via Bhuvan (ISRO), collected by github.com/answerquest/asi-monuments-xml2csv"
Navabrahma Temple 7-8,Telangana,Gadwal,Temple,15.877322,78.135269,,,"ASI monument register via Bhuvan (ISRO), collected by github.com/answerquest/asi-monuments-xml2csv"
Navabrahma Temples 9,Telangana,Gadwal,,15.8777,78.134951,,,"ASI monument register via Bhuvan (ISRO), collected by github.com/answerquest/asi-monuments-xml2csv"
Kudali Sangameswara Temple,Telangana,Gadwal,Temple,15.877648,78.128689,,,"ASI monument register via Bhuvan (ISRO), collected by github.com/answerquest/asi-monuments-xml2csv"
Papanasi Group of Temples,Telangana,Gadwal,,15.871575,78.122388,,,"ASI monument register via Bhuvan (ISRO), collected by github.com/answerquest/asi-monuments-xml2csv"
NavabrahmaTemple 5,Telangana,Gadwal,,15.877397,78.135801,,,"ASI monument register via Bhuvan (ISRO), collected by github.com/answerquest/asi-monuments-xml2csv"
SHRINGAR CHAWRI,Rajasthan,CHITTAURGARH,,24.958056,75.593611,,,"ASI monument register via Bhuvan (ISRO), collected by github.com/answerquest/asi-monuments-xml2csv"
"Enclosure containing the grave of Lt. Edwards and others, murdered in 1857.",Delhi,North,,28.688994,77.218835,,,"ASI monument register via Bhuvan (ISRO), collected by github.com/answerquest/asi-monuments-xml2csv"
Neighbouring Bridge Wazirabad,Delhi,North,,28.712117,77.228211,,,"ASI monument register via Bhuvan (ISRO), collected by github.com/answerquest/asi-monuments-xml2csv"
The mosque at Wazirabad,Delhi,North,,28.711773,77.228116,,,"ASI monument register via Bhuvan (ISRO), collected by github.com/answerquest/asi-monuments-xml2csv"
The Tomb at Wazirabad,Delhi,North,Monument / Tomb,28.711777,77.228234,,,"ASI monument register via Bhuvan (ISRO), collected by github.com/answerquest/asi-monuments-xml2csv"
Old Lodi Bridge with approaches,Delhi,New Delhi,,28.596469,77.222959,,,"ASI monument register via Bhuvan (ISRO), collected by github.com/answerquest/asi-monuments-xml2csv"
ANCIENT MOUNDS,Rajasthan,HANUMANGARH,,29.571856,74.255903,,,"ASI monument register via Bhuvan (ISRO), collected by github.com/answerquest/asi-monuments-xml2csv"
FORT BHATNER,Rajasthan,HANUMANGARH,Fort,29.58605,74.325322,,,"ASI monument register via Bhuvan (ISRO), collected by github.com/answerquest/asi-monuments-xml2csv"
ANCIENT MOUNDS,Rajasthan,HANUMANGARH,,29.473611,74.13,,,"ASI monument register via Bhuvan (ISRO), collected by github.com/answerquest/asi-monuments-xml2csv"
ANCIENT MOUNDS,Rajasthan,HANUMANGARH,,29.364158,74.029142,,,"ASI monument register via Bhuvan (ISRO), collected by github.com/answerquest/asi-monuments-xml2csv"
ANCIENT MOUNDS,Rajasthan,HANUMANGARH,,29.466389,74.401389,,,"ASI monument register via Bhuvan (ISRO), collected by github.com/answerquest/asi-monuments-xml2csv"
ANCIENT MOUNDS,Rajasthan,HANUMANGARH,,29.572639,74.485836,,,"ASI monument register via Bhuvan (ISRO), collected by github.com/answerquest/asi-monuments-xml2csv"
ANCIENT MOUND,Rajasthan,HANUMANGARH,,29.497778,74.085,,,"ASI monument register via Bhuvan (ISRO), collected by github.com/answerquest/asi-monuments-xml2csv"
FORT  ANCIENT TEMPLES,Rajasthan,JAISALMER,Fort,26.9125,70.9125,,,"ASI monument register via Bhuvan (ISRO), collected by github.com/answerquest/asi-monuments-xml2csv"
ANCIENT SITE,Rajasthan,JAISALMER,,26.985833,70.805,,,"ASI monument register via Bhuvan (ISRO), collected by github.com/answerquest/asi-monuments-xml2csv"
"INSCRIPTIONS, PAVILIONS AND TORANAS",Rajasthan,RAJSAMAND,,25.068611,73.876111,,,"ASI monument register via Bhuvan (ISRO), collected by github.com/answerquest/asi-monuments-xml2csv"
CHETAK SAMADHI,Rajasthan,RAJSAMAND,,24.886861,73.6925,,,"ASI monument register via Bhuvan (ISRO), collected by github.com/answerquest/asi-monuments-xml2csv"
BADSHAHI BAGH,Rajasthan,RAJSAMAND,,24.900139,73.716861,,,"ASI monument register via Bhuvan (ISRO), collected by github.com/answerquest/asi-monuments-xml2csv"
HALDIGHATI,Rajasthan,RAJSAMAND,,24.894972,73.702139,,,"ASI monument register via Bhuvan (ISRO), collected by github.com/answerquest/asi-monuments-xml2csv"
RAKTA TALAI,Rajasthan,RAJSAMAND,,24.920389,73.7195,,,"ASI monument register via Bhuvan (ISRO), collected by github.com/answerquest/asi-monuments-xml2csv"
ANCIENT RUINS,Rajasthan,UDAIPUR,,24.006842,73.754947,,,"ASI monument register via Bhuvan (ISRO), collected by github.com/answerquest/asi-monuments-xml2csv"
SAS BAHU TEMPLE,Rajasthan,UDAIPUR,Temple,24.735,73.716111,,,"ASI monument register via Bhuvan (ISRO), collected by github.com/answerquest/asi-monuments-xml2csv"
PALACE OF MAHARANA PRATAP,Rajasthan,UDAIPUR,Palace / Haveli,24.177056,73.811278,,,"ASI monument register via Bhuvan (ISRO), collected by github.com/answerquest/asi-monuments-xml2csv"
HAWA MAHAL KNOWN AS ROOTHI RANI KA MAHAL,Rajasthan,UDAIPUR,Palace / Haveli,24.242779,73.962292,,,"ASI monument register via Bhuvan (ISRO), collected by github.com/answerquest/asi-monuments-xml2csv"
MAHAL KNOWN AS HAWA MAHAL,Rajasthan,UDAIPUR,Palace / Haveli,24.238333,73.953889,,,"ASI monument register via Bhuvan (ISRO), collected by github.com/answerquest/asi-monuments-xml2csv"
ANCIENT MOUNDS,Rajasthan,GANGANAGAR,,29.233548,73.581549,,,"ASI monument register via Bhuvan (ISRO), collected by github.com/answerquest/asi-monuments-xml2csv"
TOMBS OF ABDULLA KHAN AND HIS WIFE,Rajasthan,Ajmer,,26.452353,74.637727,,,"ASI monument register via Bhuvan (ISRO), collected by github.com/answerquest/asi-monuments-xml2csv"
TOMB OF ALLAUDDIN KHAN  SOLA THAMBA,Rajasthan,Ajmer,Monument / Tomb,26.456225,74.627178,,,"ASI monument register via Bhuvan (ISRO), collected by github.com/answerquest/asi-monuments-xml2csv"
TRIPOLIA GATE,Rajasthan,Ajmer,,26.456017,74.626783,,,"ASI monument register via Bhuvan (ISRO), collected by github.com/answerquest/asi-monuments-xml2csv"
KOS MINAR,Rajasthan,Ajmer,,26.477572,74.657764,,,"ASI monument register via Bhuvan (ISRO), collected by github.com/answerquest/asi-monuments-xml2csv"
MAGAZINE BUILDING,Rajasthan,Ajmer,,26.460722,74.633469,,,"ASI monument register via Bhuvan (ISRO), collected by github.com/answerquest/asi-monuments-xml2csv"
KOS MINAR ERECTED BY EMPEROR AKBAR,Rajasthan,Ajmer,,26.490797,74.676294,,,"ASI monument register via Bhuvan (ISRO), collected by github.com/answerquest/asi-monuments-xml2csv"
BAORI,Rajasthan,Ajmer,,26.498841,74.676361,,,"ASI monument register via Bhuvan (ISRO), collected by github.com/answerquest/asi-monuments-xml2csv"
KOS MINAR,Rajasthan,Ajmer,,26.56597,74.706698,,,"ASI monument register via Bhuvan (ISRO), collected by github.com/answerquest/asi-monuments-xml2csv"
SARAI,Rajasthan,Ajmer,,26.563586,74.689006,,,"ASI monument register via Bhuvan (ISRO), collected by github.com/answerquest/asi-monuments-xml2csv"
KOS MINAR,Rajasthan,Ajmer,,26.513951,74.688942,,,"ASI monument register via Bhuvan (ISRO), collected by github.com/answerquest/asi-monuments-xml2csv"
KOS MINAR,Rajasthan,Ajmer,,26.612125,74.742227,,,"ASI monument register via Bhuvan (ISRO), collected by github.com/answerquest/asi-monuments-xml2csv"
KOS MINAR,Rajasthan,Ajmer,,26.637544,74.75496,,,"ASI monument register via Bhuvan (ISRO), collected by github.com/answerquest/asi-monuments-xml2csv"
KOS MINAR,Rajasthan,Ajmer,,26.541631,74.691731,,,"ASI monument register via Bhuvan (ISRO), collected by github.com/answerquest/asi-monuments-xml2csv"
KOS MINAR,Rajasthan,Ajmer,,26.587642,74.725036,,,"ASI monument register via Bhuvan (ISRO), collected by github.com/answerquest/asi-monuments-xml2csv"
MAHAL BADSHAHI,Rajasthan,Ajmer,Palace / Haveli,26.484656,74.554486,,,"ASI monument register via Bhuvan (ISRO), collected by github.com/answerquest/asi-monuments-xml2csv"
BRAHMA TEMPLE,Rajasthan,Ajmer,Temple,26.487328,74.548878,,,"ASI monument register via Bhuvan (ISRO), collected by github.com/answerquest/asi-monuments-xml2csv"
SIVA TEMPLE AND RUINS,Rajasthan,Banswara,Temple,23.493122,74.100294,,,"ASI monument register via Bhuvan (ISRO), collected by github.com/answerquest/asi-monuments-xml2csv"
ANCIENT REMAINS,Rajasthan,Banswara,,23.487044,74.336511,,,"ASI monument register via Bhuvan (ISRO), collected by github.com/answerquest/asi-monuments-xml2csv"
BHANDASAR JAIN TEMPLE,Rajasthan,Bikaner,Temple,28.0047,73.300656,,,"ASI monument register via Bhuvan (ISRO), collected by github.com/answerquest/asi-monuments-xml2csv"
JAIN TEMPLE OF SUSANI GODDESS,Rajasthan,Bikaner,Temple,27.750925,73.540589,,,"ASI monument register via Bhuvan (ISRO), collected by github.com/answerquest/asi-monuments-xml2csv"
TEMPLE OF ASHTAMATA,Rajasthan,CHITTAURGARH,Temple,24.958056,75.593611,,,"ASI monument register via Bhuvan (ISRO), collected by github.com/answerquest/asi-monuments-xml2csv"
TEMPLE OF GANESH,Rajasthan,CHITTAURGARH,Temple,24.958056,75.593611,,,"ASI monument register via Bhuvan (ISRO), collected by github.com/answerquest/asi-monuments-xml2csv"
TEMPLE OF SESHASHAYAN,Rajasthan,CHITTAURGARH,Temple,24.958056,75.593611,,,"ASI monument register via Bhuvan (ISRO), collected by github.com/answerquest/asi-monuments-xml2csv"
TEMPLE OF SHIVA AND KUND,Rajasthan,CHITTAURGARH,Temple,24.958056,75.593611,,,"ASI monument register via Bhuvan (ISRO), collected by github.com/answerquest/asi-monuments-xml2csv"
TEMPLE OF TRIMURTI,Rajasthan,CHITTAURGARH,Temple,24.958056,75.593611,,,"ASI monument register via Bhuvan (ISRO), collected by github.com/answerquest/asi-monuments-xml2csv"
TEMPLE OF VAMANAVATAR,Rajasthan,CHITTAURGARH,Temple,24.958056,75.593611,,,"ASI monument register via Bhuvan (ISRO), collected by github.com/answerquest/asi-monuments-xml2csv"
FORT  AS A WHOLE,Rajasthan,CHITTAURGARH,Fort,24.887222,74.646944,,,"ASI monument register via Bhuvan (ISRO), collected by github.com/answerquest/asi-monuments-xml2csv"
MENAL (MAHANAL) TEMPLES AND MATH,Rajasthan,CHITTAURGARH,Temple,25.093078,75.172233,,,"ASI monument register via Bhuvan (ISRO), collected by github.com/answerquest/asi-monuments-xml2csv"
ANCIENT SITE AND REMAINS,Rajasthan,CHITTAURGARH,,24.971006,74.680533,,,"ASI monument register via Bhuvan (ISRO), collected by github.com/answerquest/asi-monuments-xml2csv"
HATHIWADA ENCLOSURE WITH INSCRIPTION,Rajasthan,CHITTAURGARH,,24.975675,74.688778,,,"ASI monument register via Bhuvan (ISRO), collected by github.com/answerquest/asi-monuments-xml2csv"
ARCHAEOLOGICAL SITES AND REMAINS,Rajasthan,CHITTAURGARH,,24.738147,74.120019,,,"ASI monument register via Bhuvan (ISRO), collected by github.com/answerquest/asi-monuments-xml2csv"
JAIN TEMPLE INSCRIPTION,Rajasthan,DUNGARPUR,Temple,23.903503,74.056033,,,"ASI monument register via Bhuvan (ISRO), collected by github.com/answerquest/asi-monuments-xml2csv"
SOMNATH TEMPLE,Rajasthan,DUNGARPUR,Temple,23.940608,73.861475,,,"ASI monument register via Bhuvan (ISRO), collected by github.com/answerquest/asi-monuments-xml2csv"
ANCIENT MOUND,Rajasthan,GANGANAGAR,,29.168611,73.313611,,,"ASI monument register via Bhuvan (ISRO), collected by github.com/answerquest/asi-monuments-xml2csv"
ANCIENT MOUNDS,Rajasthan,GANGANAGAR,,29.360278,73.924722,,,"ASI monument register via Bhuvan (ISRO), collected by github.com/answerquest/asi-monuments-xml2csv"
ANCIENT MOUNDS,Rajasthan,GANGANAGAR,,29.223608,73.127481,,,"ASI monument register via Bhuvan (ISRO), collected by github.com/answerquest/asi-monuments-xml2csv"
ANCIENT MOUND,Rajasthan,GANGANAGAR,,29.238464,73.233192,,,"ASI monument register via Bhuvan (ISRO), collected by github.com/answerquest/asi-monuments-xml2csv"
ANCIENT MOUNDS,Rajasthan,GANGANAGAR,,29.343889,73.956111,,,"ASI monument register via Bhuvan (ISRO), collected by github.com/answerquest/asi-monuments-xml2csv"
ANCIENT MOUND,Rajasthan,GANGANAGAR,,29.237778,73.223056,,,"ASI monument register via Bhuvan (ISRO), collected by github.com/answerquest/asi-monuments-xml2csv"
ANCIENT MOUNDS,Rajasthan,HANUMANGARH,,29.373619,74.068319,,,"ASI monument register via Bhuvan (ISRO), collected by github.com/answerquest/asi-monuments-xml2csv"
ANCIENT MOUNDS,Rajasthan,HANUMANGARH,,29.600306,74.384133,,,"ASI monument register via Bhuvan (ISRO), collected by github.com/answerquest/asi-monuments-xml2csv"
ADHAI DIN-KA-JHONPRA,Rajasthan,Ajmer,,26.455167,74.625033,,,"ASI monument register via Bhuvan (ISRO), collected by github.com/answerquest/asi-monuments-xml2csv"
BADSHAHI HAVELI,Rajasthan,Ajmer,Palace / Haveli,26.461333,74.631114,,,"ASI monument register via Bhuvan (ISRO), collected by github.com/answerquest/asi-monuments-xml2csv"
DELHI GATE,Rajasthan,Ajmer,,26.462147,74.627675,,,"ASI monument register via Bhuvan (ISRO), collected by github.com/answerquest/asi-monuments-xml2csv"
GATEWAY OF TARAGARH HILL,Rajasthan,Ajmer,,26.443597,74.616686,,,"ASI monument register via Bhuvan (ISRO), collected by github.com/answerquest/asi-monuments-xml2csv"
MARBLE PAVILIONS AND BALUSTRADE ON THE ANASAGAR BUND,Rajasthan,Ajmer,,26.469769,74.630411,,,"ASI monument register via Bhuvan (ISRO), collected by github.com/answerquest/asi-monuments-xml2csv"
SAHELI BAZAR BUILDINGS IN DAULAT BAGH,Rajasthan,Ajmer,,26.469872,74.632192,,,"ASI monument register via Bhuvan (ISRO), collected by github.com/answerquest/asi-monuments-xml2csv"
Ashoka column,Bihar,West Champaran,,27.26993,84.499481,,,"ASI monument register via Bhuvan (ISRO), collected by github.com/answerquest/asi-monuments-xml2csv"
Ruined fortress,Bihar,West Champaran,,27.13797,84.422699,,,"ASI monument register via Bhuvan (ISRO), collected by github.com/answerquest/asi-monuments-xml2csv"
Ashokan column,Bihar,West Champaran,,26.998449,84.408463,,,"ASI monument register via Bhuvan (ISRO), collected by github.com/answerquest/asi-monuments-xml2csv"
Vedic burial mound,Bihar,West Champaran,,26.997303,84.408913,,,"ASI monument register via Bhuvan (ISRO), collected by github.com/answerquest/asi-monuments-xml2csv"
Vedic burial mound,Bihar,West Champaran,,26.997267,84.407509,,,"ASI monument register via Bhuvan (ISRO), collected by github.com/answerquest/asi-monuments-xml2csv"
Vedic burial mound,Bihar,West Champaran,,26.997198,84.406021,,,"ASI monument register via Bhuvan (ISRO), collected by github.com/answerquest/asi-monuments-xml2csv"
Vedic burial mound,Bihar,West Champaran,,26.997082,84.404739,,,"ASI monument register via Bhuvan (ISRO), collected by github.com/answerquest/asi-monuments-xml2csv"
Vedic burial mound,Bihar,West Champaran,,26.997015,84.403351,,,"ASI monument register via Bhuvan (ISRO), collected by github.com/answerquest/asi-monuments-xml2csv"
Vedic burial mound,Bihar,West Champaran,,26.998293,84.400833,,,"ASI monument register via Bhuvan (ISRO), collected by github.com/answerquest/asi-monuments-xml2csv"
Vedic burial mound,Bihar,West Champaran,,26.997534,84.400848,,,"ASI monument register via Bhuvan (ISRO), collected by github.com/answerquest/asi-monuments-xml2csv"
Megalithic cists and cairns,Tamil Nadu,Kanchipuram,,12.587981,79.974422,,,"ASI monument register via Bhuvan (ISRO), collected by github.com/answerquest/asi-monuments-xml2csv"
Megalithic cists and cairns,Tamil Nadu,Kanchipuram,,12.589099,79.971824,,,"ASI monument register via Bhuvan (ISRO), collected by github.com/answerquest/asi-monuments-xml2csv"
Megalithic cists and cairns,Tamil Nadu,Kanchipuram,,12.673086,80.123847,,,"ASI monument register via Bhuvan (ISRO), collected by github.com/answerquest/asi-monuments-xml2csv"
Megalithic cists and cairns,Tamil Nadu,Kanchipuram,,12.669738,80.122407,,,"ASI monument register via Bhuvan (ISRO), collected by github.com/answerquest/asi-monuments-xml2csv"
Megalithic cists and cairns,Tamil Nadu,Kanchipuram,,12.917057,80.008688,,,"ASI monument register via Bhuvan (ISRO), collected by github.com/answerquest/asi-monuments-xml2csv"
Megalithic cists and cairns,Tamil Nadu,Tiruvallur,,13.161034,80.159927,,,"ASI monument register via Bhuvan (ISRO), collected by github.com/answerquest/asi-monuments-xml2csv"
Megalithic cists and cairns,Tamil Nadu,Tiruvallur,,13.155023,80.157006,,,"ASI monument register via Bhuvan (ISRO), collected by github.com/answerquest/asi-monuments-xml2csv"
Megalithic cists and cairns,Tamil Nadu,Tiruvallur,,13.393593,80.055975,,,"ASI monument register via Bhuvan (ISRO), collected by github.com/answerquest/asi-monuments-xml2csv"
Megalithic cists and cairns,Tamil Nadu,Tiruvallur,,13.400451,80.004949,,,"ASI monument register via Bhuvan (ISRO), collected by github.com/answerquest/asi-monuments-xml2csv"
Megalithic cists and cairns with bounding stone circles.,Tamil Nadu,Tiruvallur,,13.420747,80.032945,,,"ASI monument register via Bhuvan (ISRO), collected by github.com/answerquest/asi-monuments-xml2csv"
Cairn site,Tamil Nadu,Tiruvallur,,13.336348,79.977761,,,"ASI monument register via Bhuvan (ISRO), collected by github.com/answerquest/asi-monuments-xml2csv"
Megalithic cists,Tamil Nadu,Tiruvannamalai,,12.541787,79.57334,,,"ASI monument register via Bhuvan (ISRO), collected by github.com/answerquest/asi-monuments-xml2csv"
Megalithic cists,Tamil Nadu,Tiruvannamalai,,12.62498,79.637862,,,"ASI monument register via Bhuvan (ISRO), collected by github.com/answerquest/asi-monuments-xml2csv"
Megalithic cists,Tamil Nadu,Tiruvannamalai,,12.528315,79.581523,,,"ASI monument register via Bhuvan (ISRO), collected by github.com/answerquest/asi-monuments-xml2csv"
Megalithic cists,Tamil Nadu,Tiruvannamalai,,12.528726,79.583753,,,"ASI monument register via Bhuvan (ISRO), collected by github.com/answerquest/asi-monuments-xml2csv"
"Fortress comprising hill and fort on the Rajagiri, the inner fort and the Lower fort and the lines of fortifications connecting the Rajagiri, Krishnagiri and chakkilidurg (ormes St. George’s mountain) hill",Tamil Nadu,Villupuram,Fort,12.246174,79.396973,,,"ASI monument register via Bhuvan (ISRO), collected by github.com/answerquest/asi-monuments-xml2csv"
"In the minor and lower fort(a) (i) Inner fort, Venugopala temple called “Bajanai Kudam” with large polished slap and five carved figures in three panels, a granary, a gymnasium, Kalyana Mahal   (ii)   Stables and barracks, the remains of Mahabut Khan",Tamil Nadu,Villupuram,Fort,12.250223,79.398909,,,"ASI monument register via Bhuvan (ISRO), collected by github.com/answerquest/asi-monuments-xml2csv"
Old Jail near Pondicherry gate and two Persian inscriptions on the outer face of the last two bastions in the South of the eastern wall of the inner fort,Tamil Nadu,Villupuram,Fort,12.248947,79.40509,,,"ASI monument register via Bhuvan (ISRO), collected by github.com/answerquest/asi-monuments-xml2csv"
Pigeon House,Uttar Pradesh,Agra,,27.096992,77.664803,,,"ASI monument register via Bhuvan (ISRO), collected by github.com/answerquest/asi-monuments-xml2csv"
"Saad-at-Alla Khan’s mosque with Persian inscriptions,on Pondicherry gate (A.D. 1713)",Tamil Nadu,Villupuram,,12.249728,79.402197,,,"ASI monument register via Bhuvan (ISRO), collected by github.com/answerquest/asi-monuments-xml2csv"
"Two granaries, a magazine, flagstaff, Ranganatha, temple, Kamalakanniamman temple and the sacrificial slab in front of it, a big cannon, a treasury and the audiance hall on the Rajagiri",Tamil Nadu,Villupuram,Temple,12.249379,79.394689,,,"ASI monument register via Bhuvan (ISRO), collected by github.com/answerquest/asi-monuments-xml2csv"
"Two granaries, well for storing ghee,, well for storing oil, two temples and an audience chamber on the Krishnagiri",Tamil Nadu,Villupuram,,12.259308,79.406381,,,"ASI monument register via Bhuvan (ISRO), collected by github.com/answerquest/asi-monuments-xml2csv"
Vadic burial mound,Bihar,West Champaran,,26.997866,84.40004,,,"ASI monument register via Bhuvan (ISRO), collected by github.com/answerquest/asi-monuments-xml2csv"
Vedic burial mound,Bihar,West Champaran,,26.995148,84.400604,,,"ASI monument register via Bhuvan (ISRO), collected by github.com/answerquest/asi-monuments-xml2csv"
"Venkataramana Temple with inscriptions in Tamil, Prisoner’s well",Tamil Nadu,Villupuram,Temple,12.247034,79.403147,,,"ASI monument register via Bhuvan (ISRO), collected by github.com/answerquest/asi-monuments-xml2csv"
"Twentyfour Jain figures in two rows, a standing nude figure, two fragments of a sitting figure and two inscriptions on Tirunathankannu",Tamil Nadu,Villupuram,,12.272091,79.406717,,,"ASI monument register via Bhuvan (ISRO), collected by github.com/answerquest/asi-monuments-xml2csv"
Sugriverswara Temple and Tank,Tamil Nadu,Erode,Temple,11.133788,77.399115,,,"ASI monument register via Bhuvan (ISRO), collected by github.com/answerquest/asi-monuments-xml2csv"
Sri Mukteswara Temple,Tamil Nadu,Kanchipuram,Temple,12.838846,79.707717,,,"ASI monument register via Bhuvan (ISRO), collected by github.com/answerquest/asi-monuments-xml2csv"
Large  Siva Temple,Tamil Nadu,Kanchipuram,Temple,12.852631,79.85342,,,"ASI monument register via Bhuvan (ISRO), collected by github.com/answerquest/asi-monuments-xml2csv"
Munkudimi Eswaran Temple,Tamil Nadu,Kanchipuram,Temple,12.617555,79.980429,,,"ASI monument register via Bhuvan (ISRO), collected by github.com/answerquest/asi-monuments-xml2csv"
Orikkal Mantapam,Tamil Nadu,Kanchipuram,,12.609342,80.059432,,,"ASI monument register via Bhuvan (ISRO), collected by github.com/answerquest/asi-monuments-xml2csv"
Old Temple with apsidal Gopuram,Tamil Nadu,Kanchipuram,Temple,12.915559,80.043487,,,"ASI monument register via Bhuvan (ISRO), collected by github.com/answerquest/asi-monuments-xml2csv"
Sri Dhanupuriswara Temple,Tamil Nadu,Kanchipuram,Temple,12.898562,80.160207,,,"ASI monument register via Bhuvan (ISRO), collected by github.com/answerquest/asi-monuments-xml2csv"
"Stone circles, Prehistoric burials, slabs Jain Tirthankara idol and relics of the old Jain temple",Tamil Nadu,Pudukkottai,Temple,10.455611,78.773962,,,"ASI monument register via Bhuvan (ISRO), collected by github.com/answerquest/asi-monuments-xml2csv"
Choliswara Udayar Temple,Tamil Nadu,Pudukkottai,Temple,10.556291,78.847498,,,"ASI monument register via Bhuvan (ISRO), collected by github.com/answerquest/asi-monuments-xml2csv"
Jain image in water spread of Pudukkulam,Tamil Nadu,Pudukkottai,,10.554919,78.845486,,,"ASI monument register via Bhuvan (ISRO), collected by github.com/answerquest/asi-monuments-xml2csv"
Mucukundeswara temple and the tank in front of it.,Tamil Nadu,Pudukkottai,Temple,10.544508,78.512096,,,"ASI monument register via Bhuvan (ISRO), collected by github.com/answerquest/asi-monuments-xml2csv"
Siva and Pillaiyar temples,Tamil Nadu,Pudukkottai,,10.425083,78.728668,,,"ASI monument register via Bhuvan (ISRO), collected by github.com/answerquest/asi-monuments-xml2csv"
Idols in the southern bund of Teppakulam urani,Tamil Nadu,Pudukkottai,,10.535742,78.528769,,,"ASI monument register via Bhuvan (ISRO), collected by github.com/answerquest/asi-monuments-xml2csv"
Somanatha Temple,Tamil Nadu,Vellore,Temple,13.065224,79.284057,,,"ASI monument register via Bhuvan (ISRO), collected by github.com/answerquest/asi-monuments-xml2csv"
Megalithic cists and cairns,Tamil Nadu,Tiruvallur,,13.205624,79.893155,,,"ASI monument register via Bhuvan (ISRO), collected by github.com/answerquest/asi-monuments-xml2csv"
Jain image and the inscription to the south of it on the summit of the sadayapparai,Tamil Nadu,Pudukkottai,,10.388639,78.793095,,,"ASI monument register via Bhuvan (ISRO), collected by github.com/answerquest/asi-monuments-xml2csv"
Jain tirthankara image and inscribed stone slab,Tamil Nadu,Pudukkottai,,10.562519,78.99368,,,"ASI monument register via Bhuvan (ISRO), collected by github.com/answerquest/asi-monuments-xml2csv"
Rock cut caves,Tamil Nadu,Tiruvannamalai,,12.740609,79.665472,,,"ASI monument register via Bhuvan (ISRO), collected by github.com/answerquest/asi-monuments-xml2csv"
"Rock cut caves, sculptures and inscriptions",Tamil Nadu,Tiruvannamalai,,12.744841,79.665039,,,"ASI monument register via Bhuvan (ISRO), collected by github.com/answerquest/asi-monuments-xml2csv"
Rock cut Temples and sculptures,Tamil Nadu,Tiruvannamalai,,12.431102,79.465705,,,"ASI monument register via Bhuvan (ISRO), collected by github.com/answerquest/asi-monuments-xml2csv"
Vinnamparai rock containing Pallava inscriptions,Tamil Nadu,Villupuram,,12.35638,79.478256,,,"ASI monument register via Bhuvan (ISRO), collected by github.com/answerquest/asi-monuments-xml2csv"
Talagiriswara Temple and a Cave containing an image of Durga and Pallava inscriptions together with adjacent-land,Tamil Nadu,Villupuram,Temple,12.104116,79.378583,,,"ASI monument register via Bhuvan (ISRO), collected by github.com/answerquest/asi-monuments-xml2csv"
Pallava Rock-cut shrine,Tamil Nadu,Villupuram,,12.323,79.605677,,,"ASI monument register via Bhuvan (ISRO), collected by github.com/answerquest/asi-monuments-xml2csv"
Rock cut Pallava Temple,Tamil Nadu,Villupuram,Temple,12.107557,79.45662,,,"ASI monument register via Bhuvan (ISRO), collected by github.com/answerquest/asi-monuments-xml2csv"
Natural caverns known as Virapakshi  Guhai  and skandashram and path leading from Ramanashram,Tamil Nadu,Tiruvannamalai,,12.234524,79.060673,,,"ASI monument register via Bhuvan (ISRO), collected by github.com/answerquest/asi-monuments-xml2csv"
Megalithic cists and cairns,Tamil Nadu,Kanchipuram,,12.713391,80.114818,,,"ASI monument register via Bhuvan (ISRO), collected by github.com/answerquest/asi-monuments-xml2csv"
Group of cairns and cists,Tamil Nadu,Kanchipuram,,12.711349,80.118715,,,"ASI monument register via Bhuvan (ISRO), collected by github.com/answerquest/asi-monuments-xml2csv"
Megalithic cists and cairns,Tamil Nadu,Kanchipuram,,12.706488,80.115242,,,"ASI monument register via Bhuvan (ISRO), collected by github.com/answerquest/asi-monuments-xml2csv"
Megalithic cists and cairns with stone circles,Tamil Nadu,Kanchipuram,,12.698451,80.108992,,,"ASI monument register via Bhuvan (ISRO), collected by github.com/answerquest/asi-monuments-xml2csv"
Megalithic cists and cairns,Tamil Nadu,Kanchipuram,,12.693113,80.106926,,,"ASI monument register via Bhuvan (ISRO), collected by github.com/answerquest/asi-monuments-xml2csv"
Megalithic cists and cairns,Tamil Nadu,Kanchipuram,,12.697743,80.154557,,,"ASI monument register via Bhuvan (ISRO), collected by github.com/answerquest/asi-monuments-xml2csv"
Megalithic cists and cairns with stone circles,Tamil Nadu,Kanchipuram,,12.69475,80.089764,,,"ASI monument register via Bhuvan (ISRO), collected by github.com/answerquest/asi-monuments-xml2csv"
Megalithic cists and cairns,Tamil Nadu,Kanchipuram,,12.731931,80.089851,,,"ASI monument register via Bhuvan (ISRO), collected by github.com/answerquest/asi-monuments-xml2csv"
Group of cairns,Tamil Nadu,Kanchipuram,,12.948151,80.128413,,,"ASI monument register via Bhuvan (ISRO), collected by github.com/answerquest/asi-monuments-xml2csv"
Megalithic grave yard,Tamil Nadu,Kanchipuram,,12.695064,80.027778,,,"ASI monument register via Bhuvan (ISRO), collected by github.com/answerquest/asi-monuments-xml2csv"
Dolmen intact,Tamil Nadu,Kanchipuram,,12.621434,79.74963,,,"ASI monument register via Bhuvan (ISRO), collected by github.com/answerquest/asi-monuments-xml2csv"
Megalithic cists and cairns,Tamil Nadu,Kanchipuram,,12.812175,80.116503,,,"ASI monument register via Bhuvan (ISRO), collected by github.com/answerquest/asi-monuments-xml2csv"
Chennaraya Perumal Temple with Adjacent lands,Tamil Nadu,Dharmapuri,Temple,12.074776,78.118913,,,"ASI monument register via Bhuvan (ISRO), collected by github.com/answerquest/asi-monuments-xml2csv"
Megalithic cists and cairns,Tamil Nadu,Kanchipuram,,12.598904,79.892817,,,"ASI monument register via Bhuvan (ISRO), collected by github.com/answerquest/asi-monuments-xml2csv"
Megalithic cists and cairns with stone circles,Tamil Nadu,Kanchipuram,,12.654727,79.960987,,,"ASI monument register via Bhuvan (ISRO), collected by github.com/answerquest/asi-monuments-xml2csv"
Megalithic cists and cairns with stone circles,Tamil Nadu,Kanchipuram,,12.657967,79.962735,,,"ASI monument register via Bhuvan (ISRO), collected by github.com/answerquest/asi-monuments-xml2csv"
Megalithic cists and cairns,Tamil Nadu,Kanchipuram,,12.743962,80.135522,,,"ASI monument register via Bhuvan (ISRO), collected by github.com/answerquest/asi-monuments-xml2csv"
Megalithic cists and cairns,Tamil Nadu,Kanchipuram,,12.729308,79.995059,,,"ASI monument register via Bhuvan (ISRO), collected by github.com/answerquest/asi-monuments-xml2csv"
Sri Brahmapuniswara Temple,Tamil Nadu,Villupuram,Temple,12.1191,79.478023,,,"ASI monument register via Bhuvan (ISRO), collected by github.com/answerquest/asi-monuments-xml2csv"
Megalithic cists and cairns,Tamil Nadu,Kanchipuram,,12.846279,79.903162,,,"ASI monument register via Bhuvan (ISRO), collected by github.com/answerquest/asi-monuments-xml2csv"
Megalithic cists and cairns,Tamil Nadu,Kanchipuram,,12.91669,80.012697,,,"ASI monument register via Bhuvan (ISRO), collected by github.com/answerquest/asi-monuments-xml2csv"
Rock-cut Vishnu cave Temple (Pallava 8-9th century A.D.),Tamil Nadu,Pudukkottai,Temple,10.654083,78.896865,,,"ASI monument register via Bhuvan (ISRO), collected by github.com/answerquest/asi-monuments-xml2csv"
Amman shrine,Tamil Nadu,Pudukkottai,,10.416785,78.658949,,,"ASI monument register via Bhuvan (ISRO), collected by github.com/answerquest/asi-monuments-xml2csv"
Prehistoric burial site,Tamil Nadu,Pudukkottai,,10.518151,78.835116,,,"ASI monument register via Bhuvan (ISRO), collected by github.com/answerquest/asi-monuments-xml2csv"
"Panchapandavar bed, Jain statues and Brahmi and Vatteluthu inscriptions on the Panchapandavarmalai",Tamil Nadu,Madurai,,10.063145,78.399275,,,"ASI monument register via Bhuvan (ISRO), collected by github.com/answerquest/asi-monuments-xml2csv"
Alagarmalai cavern with Panchapandava beds midway between Alagarmalai and Kidanpatti,Tamil Nadu,Madurai,,10.080927,78.238209,,,"ASI monument register via Bhuvan (ISRO), collected by github.com/answerquest/asi-monuments-xml2csv"
"Jain statues, rock inscriptions and Panchapandava beds on the hill",Tamil Nadu,Madurai,,10.07414,77.845722,,,"ASI monument register via Bhuvan (ISRO), collected by github.com/answerquest/asi-monuments-xml2csv"
Jain statue called Paluppar,Tamil Nadu,Perambalur,,11.208975,79.364967,,,"ASI monument register via Bhuvan (ISRO), collected by github.com/answerquest/asi-monuments-xml2csv"
Jain statue built of granite,Tamil Nadu,Perambalur,,11.210499,79.36301,,,"ASI monument register via Bhuvan (ISRO), collected by github.com/answerquest/asi-monuments-xml2csv"
Ruined Jain Temple,Tamil Nadu,Pudukkottai,Temple,10.662928,78.816618,,,"ASI monument register via Bhuvan (ISRO), collected by github.com/answerquest/asi-monuments-xml2csv"
Jain idol and remains of the Jain temple,Tamil Nadu,Pudukkottai,Temple,10.616744,78.763274,,,"ASI monument register via Bhuvan (ISRO), collected by github.com/answerquest/asi-monuments-xml2csv"
Jain Temple site,Tamil Nadu,Pudukkottai,Temple,10.556562,78.822139,,,"ASI monument register via Bhuvan (ISRO), collected by github.com/answerquest/asi-monuments-xml2csv"
Dolmens near palamalai,Tamil Nadu,Dindigul,,10.20882,77.550667,,,"ASI monument register via Bhuvan (ISRO), collected by github.com/answerquest/asi-monuments-xml2csv"
Ruins of a Jain shrine,Tamil Nadu,Pudukkottai,,10.556861,78.822482,,,"ASI monument register via Bhuvan (ISRO), collected by github.com/answerquest/asi-monuments-xml2csv"
Jain Thirthankara Idol (Aiyanar) and Devi idols,Tamil Nadu,Pudukkottai,Temple,10.577024,78.82415,,,"ASI monument register via Bhuvan (ISRO), collected by github.com/answerquest/asi-monuments-xml2csv"
Vishnu idol,Tamil Nadu,Pudukkottai,Temple,10.454703,78.774494,,,"ASI monument register via Bhuvan (ISRO), collected by github.com/answerquest/asi-monuments-xml2csv"
(1) Lower cave (2) Path leading to                     the site in front of the lower cave(3) Path leading to the upper cave (4) Site in front of the lower cave (5) Upper cave,Tamil Nadu,Trichy,,10.827815,78.69619,,,"ASI monument register via Bhuvan (ISRO), collected by github.com/answerquest/asi-monuments-xml2csv"
Dolmens and urns,Tamil Nadu,Pudukkottai,,10.669949,78.891908,,,"ASI monument register via Bhuvan (ISRO), collected by github.com/answerquest/asi-monuments-xml2csv"
Dolmens and urns,Tamil Nadu,Pudukkottai,,10.66929,78.885688,,,"ASI monument register via Bhuvan (ISRO), collected by github.com/answerquest/asi-monuments-xml2csv"
Group of dolmens,Tamil Nadu,Pudukkottai,,10.555093,78.842787,,,"ASI monument register via Bhuvan (ISRO), collected by github.com/answerquest/asi-monuments-xml2csv"
Prehistoric burial site,Tamil Nadu,Pudukkottai,,10.509588,78.831555,,,"ASI monument register via Bhuvan (ISRO), collected by github.com/answerquest/asi-monuments-xml2csv"
Prehistoric burial site (known as kurangupatttarai),Tamil Nadu,Pudukkottai,,10.505526,78.786217,,,"ASI monument register via Bhuvan (ISRO), collected by github.com/answerquest/asi-monuments-xml2csv"
Dolmens (known as kurangupattarai),Tamil Nadu,Pudukkottai,,10.525685,78.760613,,,"ASI monument register via Bhuvan (ISRO), collected by github.com/answerquest/asi-monuments-xml2csv"
Dolmens,Tamil Nadu,Pudukkottai,,10.649344,78.883259,,,"ASI monument register via Bhuvan (ISRO), collected by github.com/answerquest/asi-monuments-xml2csv"
Ruined Siva Temple,Tamil Nadu,Pudukkottai,Temple,10.645533,78.887469,,,"ASI monument register via Bhuvan (ISRO), collected by github.com/answerquest/asi-monuments-xml2csv"
Iswaran Kovil,Tamil Nadu,Pudukkottai,Temple,10.554963,78.782674,,,"ASI monument register via Bhuvan (ISRO), collected by github.com/answerquest/asi-monuments-xml2csv"
"Eight Natural caverns, Jain idols and inscriptions in Kudagumalai Aldiperumalparai Kadu",Tamil Nadu,Pudukkottai,,10.527431,78.780085,,,"ASI monument register via Bhuvan (ISRO), collected by github.com/answerquest/asi-monuments-xml2csv"
Rock-cut Siva shrine,Tamil Nadu,Pudukkottai,,10.334948,78.726496,,,"ASI monument register via Bhuvan (ISRO), collected by github.com/answerquest/asi-monuments-xml2csv"
Natural cavern with stone beds and Brahmi and old Tamil inscriptions called Eladipattam,Tamil Nadu,Pudukkottai,,10.45063,78.725313,,,"ASI monument register via Bhuvan (ISRO), collected by github.com/answerquest/asi-monuments-xml2csv"
Rock-cut Jain Temple(Ariver Koil),Tamil Nadu,Pudukkottai,Temple,10.455796,78.724949,,,"ASI monument register via Bhuvan (ISRO), collected by github.com/answerquest/asi-monuments-xml2csv"
Dolmens in annavasal vattam,Tamil Nadu,Pudukkottai,,10.460751,78.721677,,,"ASI monument register via Bhuvan (ISRO), collected by github.com/answerquest/asi-monuments-xml2csv"
Stone sluice with Nandippottan’s inscription,Tamil Nadu,Pudukkottai,,10.612406,78.476337,,,"ASI monument register via Bhuvan (ISRO), collected by github.com/answerquest/asi-monuments-xml2csv"
Dolmens and ayyanar images,Tamil Nadu,Pudukkottai,,10.581985,78.469584,,,"ASI monument register via Bhuvan (ISRO), collected by github.com/answerquest/asi-monuments-xml2csv"
Stone idols of Vishnu and Devi and Siva Temple,Tamil Nadu,Pudukkottai,Temple,10.650371,78.722338,,,"ASI monument register via Bhuvan (ISRO), collected by github.com/answerquest/asi-monuments-xml2csv"
Dolmens and cairns,Tamil Nadu,Pudukkottai,,10.632337,78.660113,,,"ASI monument register via Bhuvan (ISRO), collected by github.com/answerquest/asi-monuments-xml2csv"
Jain Tirthankara image,Tamil Nadu,Pudukkottai,,10.638356,78.815401,,,"ASI monument register via Bhuvan (ISRO), collected by github.com/answerquest/asi-monuments-xml2csv"
Jain image,Tamil Nadu,Pudukkottai,,10.478495,78.6201,,,"ASI monument register via Bhuvan (ISRO), collected by github.com/answerquest/asi-monuments-xml2csv"
Siva Temple,Tamil Nadu,Pudukkottai,Temple,10.420467,78.733063,,,"ASI monument register via Bhuvan (ISRO), collected by github.com/answerquest/asi-monuments-xml2csv"
Kalasakkadu burial site,Tamil Nadu,Pudukkottai,,10.373428,78.841991,,,"ASI monument register via Bhuvan (ISRO), collected by github.com/answerquest/asi-monuments-xml2csv"
Prehistoric burial site,Tamil Nadu,Pudukkottai,,10.578627,78.734346,,,"ASI monument register via Bhuvan (ISRO), collected by github.com/answerquest/asi-monuments-xml2csv"
Prehistoric burial site,Tamil Nadu,Pudukkottai,,10.571332,78.710017,,,"ASI monument register via Bhuvan (ISRO), collected by github.com/answerquest/asi-monuments-xml2csv"
Urn burials,Tamil Nadu,Tiruvallur,,13.32508,79.964132,,,"ASI monument register via Bhuvan (ISRO), collected by github.com/answerquest/asi-monuments-xml2csv"
Megalithic cairns with bounding stone circles.,Tamil Nadu,Tiruvallur,,13.53907,79.90024,,,"ASI monument register via Bhuvan (ISRO), collected by github.com/answerquest/asi-monuments-xml2csv"
Megalithic cists and cairns,Tamil Nadu,Tiruvallur,,13.394303,79.996913,,,"ASI monument register via Bhuvan (ISRO), collected by github.com/answerquest/asi-monuments-xml2csv"
Prehistoric site,Tamil Nadu,Tiruvannamalai,,12.120671,78.829859,,,"ASI monument register via Bhuvan (ISRO), collected by github.com/answerquest/asi-monuments-xml2csv"
Megalithic cists and cairns,Tamil Nadu,Tiruvannamalai,,12.625702,79.636273,,,"ASI monument register via Bhuvan (ISRO), collected by github.com/answerquest/asi-monuments-xml2csv"
Megalithic cists and cairns,Tamil Nadu,Tiruvannamalai,,12.628414,79.635625,,,"ASI monument register via Bhuvan (ISRO), collected by github.com/answerquest/asi-monuments-xml2csv"
Megalithic cists and cairns,Tamil Nadu,Tiruvannamalai,,12.628626,79.63381,,,"ASI monument register via Bhuvan (ISRO), collected by github.com/answerquest/asi-monuments-xml2csv"
Ujali Baodi,Madhya Pradesh,Dhar,,22.358045,75.396082,,,"ASI monument register via Bhuvan (ISRO), collected by github.com/answerquest/asi-monuments-xml2csv"
Dolmens near machur,Tamil Nadu,Dindigul,,10.269824,77.540851,,,"ASI monument register via Bhuvan (ISRO), collected by github.com/answerquest/asi-monuments-xml2csv"
Dolmens near machur,Tamil Nadu,Dindigul,,10.269832,77.541036,,,"ASI monument register via Bhuvan (ISRO), collected by github.com/answerquest/asi-monuments-xml2csv"
Dolmens near machur,Tamil Nadu,Dindigul,,10.269728,77.540859,,,"ASI monument register via Bhuvan (ISRO), collected by github.com/answerquest/asi-monuments-xml2csv"
Dolmens near machur,Tamil Nadu,Dindigul,,10.269882,77.541014,,,"ASI monument register via Bhuvan (ISRO), collected by github.com/answerquest/asi-monuments-xml2csv"
Jain Tirthankara Image and inscribed stone,Tamil Nadu,Pudukkottai,,10.665412,78.825199,,,"ASI monument register via Bhuvan (ISRO), collected by github.com/answerquest/asi-monuments-xml2csv"
Subramania Temple,Tamil Nadu,Vellore,Temple,13.074146,79.259553,,,"ASI monument register via Bhuvan (ISRO), collected by github.com/answerquest/asi-monuments-xml2csv"
Ranganatha Temple,Tamil Nadu,Vellore,Temple,13.089946,79.262572,,,"ASI monument register via Bhuvan (ISRO), collected by github.com/answerquest/asi-monuments-xml2csv"
Choleswara Temple,Tamil Nadu,Vellore,Temple,13.063914,79.284404,,,"ASI monument register via Bhuvan (ISRO), collected by github.com/answerquest/asi-monuments-xml2csv"
Gate near Nyamat Khan's Palace,Maharashtra,Ahmednagar,Palace / Haveli,19.091439,74.734795,,,"ASI monument register via Bhuvan (ISRO), collected by github.com/answerquest/asi-monuments-xml2csv"
Kotla of Twelve Imams,Maharashtra,Ahmednagar,,19.100646,74.741534,,,"ASI monument register via Bhuvan (ISRO), collected by github.com/answerquest/asi-monuments-xml2csv"
Macca Masjid,Maharashtra,Ahmednagar,,19.098955,74.740793,,,"ASI monument register via Bhuvan (ISRO), collected by github.com/answerquest/asi-monuments-xml2csv"
Old Tomb near Changiz Khan's Palace,Maharashtra,Ahmednagar,Palace / Haveli,19.092938,74.733469,,,"ASI monument register via Bhuvan (ISRO), collected by github.com/answerquest/asi-monuments-xml2csv"
Tomb of Nizam Ahmedshah,Maharashtra,Ahmednagar,Monument / Tomb,19.101085,74.728046,,,"ASI monument register via Bhuvan (ISRO), collected by github.com/answerquest/asi-monuments-xml2csv"
Fariah bag Bhingar Cantonment,Maharashtra,Ahmednagar,,19.068258,74.752244,,,"ASI monument register via Bhuvan (ISRO), collected by github.com/answerquest/asi-monuments-xml2csv"
"Remains at Daimabad, Daimabad Village",Maharashtra,Ahmednagar,,19.507292,74.696539,,,"ASI monument register via Bhuvan (ISRO), collected by github.com/answerquest/asi-monuments-xml2csv"
Jain Temple Ghotan,Maharashtra,Ahmednagar,Temple,19.400178,75.291269,,,"ASI monument register via Bhuvan (ISRO), collected by github.com/answerquest/asi-monuments-xml2csv"
Temple of Mallikarjuna,Maharashtra,Ahmednagar,Temple,19.400606,75.292292,,,"ASI monument register via Bhuvan (ISRO), collected by github.com/answerquest/asi-monuments-xml2csv"
Caves & Temple  Harischandra Garh,Maharashtra,Ahmednagar,Fort,19.392984,73.793522,,,"ASI monument register via Bhuvan (ISRO), collected by github.com/answerquest/asi-monuments-xml2csv"
Jarasangh Nagri  Jorve,Maharashtra,Ahmednagar,,19.544028,74.28145,,,"ASI monument register via Bhuvan (ISRO), collected by github.com/answerquest/asi-monuments-xml2csv"
Mallikarjun Temple,Maharashtra,Ahmednagar,Temple,18.553778,75.012478,,,"ASI monument register via Bhuvan (ISRO), collected by github.com/answerquest/asi-monuments-xml2csv"
Shiva Temple  Naktichadeul,Maharashtra,Ahmednagar,Temple,18.553631,75.011919,,,"ASI monument register via Bhuvan (ISRO), collected by github.com/answerquest/asi-monuments-xml2csv"
Old Temple Kokamthan,Maharashtra,Ahmednagar,Temple,19.864343,74.521385,,,"ASI monument register via Bhuvan (ISRO), collected by github.com/answerquest/asi-monuments-xml2csv"
Temple of Devi Mandavgaon Katrabad,Maharashtra,Ahmednagar,Temple,18.830009,74.8276,,,"ASI monument register via Bhuvan (ISRO), collected by github.com/answerquest/asi-monuments-xml2csv"
Salabat Khan’s Tomb,Maharashtra,Ahmednagar,Monument / Tomb,19.093421,74.840246,,,"ASI monument register via Bhuvan (ISRO), collected by github.com/answerquest/asi-monuments-xml2csv"
Ladmod Newasa,Maharashtra,Ahmednagar,,19.551208,74.918883,,,"ASI monument register via Bhuvan (ISRO), collected by github.com/answerquest/asi-monuments-xml2csv"
Temple of Shiva,Maharashtra,Ahmednagar,Temple,19.008578,74.429368,,,"ASI monument register via Bhuvan (ISRO), collected by github.com/answerquest/asi-monuments-xml2csv"
Baleshwar Temple Pedgaon,Maharashtra,Ahmednagar,Temple,18.50795,74.703926,,,"ASI monument register via Bhuvan (ISRO), collected by github.com/answerquest/asi-monuments-xml2csv"
Temple of Lakshmi Narayan,Maharashtra,Ahmednagar,Temple,18.507836,74.704368,,,"ASI monument register via Bhuvan (ISRO), collected by github.com/answerquest/asi-monuments-xml2csv"
Temple of Amriteshwar,Maharashtra,Ahmednagar,Temple,19.517685,73.722996,,,"ASI monument register via Bhuvan (ISRO), collected by github.com/answerquest/asi-monuments-xml2csv"
Hemadpanthi Temple,Maharashtra,Ahmednagar,Temple,19.379231,74.762206,,,"ASI monument register via Bhuvan (ISRO), collected by github.com/answerquest/asi-monuments-xml2csv"
Triple Shrined temple of Bhavani,Maharashtra,Ahmednagar,Temple,19.647073,73.93507,,,"ASI monument register via Bhuvan (ISRO), collected by github.com/answerquest/asi-monuments-xml2csv"
Stone gate,Maharashtra,Ahmednagar,,19.18475,75.063825,,,"ASI monument register via Bhuvan (ISRO), collected by github.com/answerquest/asi-monuments-xml2csv"
Stone gate,Maharashtra,Ahmednagar,,19.187719,75.065301,,,"ASI monument register via Bhuvan (ISRO), collected by github.com/answerquest/asi-monuments-xml2csv"
Stone gate,Maharashtra,Ahmednagar,,19.188865,75.071064,,,"ASI monument register via Bhuvan (ISRO), collected by github.com/answerquest/asi-monuments-xml2csv"
Stone gate,Maharashtra,Ahmednagar,,19.18632,75.072397,,,"ASI monument register via Bhuvan (ISRO), collected by github.com/answerquest/asi-monuments-xml2csv"
Stone gate,Maharashtra,Ahmednagar,,19.184444,75.072111,,,"ASI monument register via Bhuvan (ISRO), collected by github.com/answerquest/asi-monuments-xml2csv"
Temple of Devi,Maharashtra,Ahmednagar,Temple,19.622483,75.015014,,,"ASI monument register via Bhuvan (ISRO), collected by github.com/answerquest/asi-monuments-xml2csv"
Temple of Siddheshwar Mahadev,Maharashtra,Ahmednagar,Temple,19.622372,75.015011,,,"ASI monument register via Bhuvan (ISRO), collected by github.com/answerquest/asi-monuments-xml2csv"
Temple of Vishnu & Five Ghats,Maharashtra,Ahmednagar,Temple,19.622297,75.015011,,,"ASI monument register via Bhuvan (ISRO), collected by github.com/answerquest/asi-monuments-xml2csv"
Ajanta Caves,Maharashtra,Aurangabad,,20.553417,75.700472,,,"ASI monument register via Bhuvan (ISRO), collected by github.com/answerquest/asi-monuments-xml2csv"
Aurangabad Caves,Maharashtra,Aurangabad,,19.917372,75.311742,,,"ASI monument register via Bhuvan (ISRO), collected by github.com/answerquest/asi-monuments-xml2csv"
Aurangabad Cave,Maharashtra,Aurangabad,,19.922115,75.318829,,,"ASI monument register via Bhuvan (ISRO), collected by github.com/answerquest/asi-monuments-xml2csv"
Tomb of Rabia Daurani,Maharashtra,Aurangabad,Monument / Tomb,19.901502,75.320251,,,"ASI monument register via Bhuvan (ISRO), collected by github.com/answerquest/asi-monuments-xml2csv"
Daulatabad fort and monument,Maharashtra,Aurangabad,Fort,19.944543,75.217187,,,"ASI monument register via Bhuvan (ISRO), collected by github.com/answerquest/asi-monuments-xml2csv"
Ellora Caves,Maharashtra,Aurangabad,,20.023781,75.179406,,,"ASI monument register via Bhuvan (ISRO), collected by github.com/answerquest/asi-monuments-xml2csv"
Ghrishneshwar Temple,Maharashtra,Aurangabad,Temple,20.024823,75.169931,,,"ASI monument register via Bhuvan (ISRO), collected by github.com/answerquest/asi-monuments-xml2csv"
Tomb of Aurangazeb,Maharashtra,Aurangabad,Monument / Tomb,20.005036,75.1914,,,"ASI monument register via Bhuvan (ISRO), collected by github.com/answerquest/asi-monuments-xml2csv"
Tomb of Malik Ambar,Maharashtra,Aurangabad,Monument / Tomb,20.014114,75.18455,,,"ASI monument register via Bhuvan (ISRO), collected by github.com/answerquest/asi-monuments-xml2csv"
Ancient site /Mound,Maharashtra,Aurangabad,,19.463525,75.382117,,,"ASI monument register via Bhuvan (ISRO), collected by github.com/answerquest/asi-monuments-xml2csv"
Pitalkhora Caves,Maharashtra,Aurangabad,,20.31405,74.992525,,,"ASI monument register via Bhuvan (ISRO), collected by github.com/answerquest/asi-monuments-xml2csv"
Ukkadeshwar Mahadev Temple,Maharashtra,Beed,Temple,19.106882,75.613101,,,"ASI monument register via Bhuvan (ISRO), collected by github.com/answerquest/asi-monuments-xml2csv"
Math Balsana,Maharashtra,Dhulia,Temple,21.171494,74.491742,,,"ASI monument register via Bhuvan (ISRO), collected by github.com/answerquest/asi-monuments-xml2csv"
Small temple  Balsana,Maharashtra,Dhulia,Temple,21.168091,74.49215,,,"ASI monument register via Bhuvan (ISRO), collected by github.com/answerquest/asi-monuments-xml2csv"
Temple near Durga's temple,Maharashtra,Dhulia,Temple,21.170106,74.490913,,,"ASI monument register via Bhuvan (ISRO), collected by github.com/answerquest/asi-monuments-xml2csv"
Temple in Survey No 418,Maharashtra,Dhulia,Temple,21.17038,74.490931,,,"ASI monument register via Bhuvan (ISRO), collected by github.com/answerquest/asi-monuments-xml2csv"
Temple of Durga,Maharashtra,Dhulia,Temple,21.170106,74.491114,,,"ASI monument register via Bhuvan (ISRO), collected by github.com/answerquest/asi-monuments-xml2csv"
Temple of Shiva,Maharashtra,Dhulia,Temple,21.167919,74.492128,,,"ASI monument register via Bhuvan (ISRO), collected by github.com/answerquest/asi-monuments-xml2csv"
Temple of the left side of Siva's temple in Survey No. 418,Maharashtra,Dhulia,Temple,21.168066,74.49163,,,"ASI monument register via Bhuvan (ISRO), collected by github.com/answerquest/asi-monuments-xml2csv"
Old Gateways,Maharashtra,Dhulia,,21.067076,74.338177,,,"ASI monument register via Bhuvan (ISRO), collected by github.com/answerquest/asi-monuments-xml2csv"
Seven Muhammadan tombs,Maharashtra,Dhulia,,21.258061,74.956289,,,"ASI monument register via Bhuvan (ISRO), collected by github.com/answerquest/asi-monuments-xml2csv"
Three Muhammadan tombs,Maharashtra,Dhulia,,21.258577,74.95646,,,"ASI monument register via Bhuvan (ISRO), collected by github.com/answerquest/asi-monuments-xml2csv"
Ancient Mound and monuments,Maharashtra,Jaglon,,20.589495,75.048222,,,"ASI monument register via Bhuvan (ISRO), collected by github.com/answerquest/asi-monuments-xml2csv"
Temple of Changdev,Maharashtra,Jaglon,Temple,21.09213,76.006322,,,"ASI monument register via Bhuvan (ISRO), collected by github.com/answerquest/asi-monuments-xml2csv"
Temple of Devi and Sambha,Maharashtra,Jaglon,Temple,20.481909,75.178761,,,"ASI monument register via Bhuvan (ISRO), collected by github.com/answerquest/asi-monuments-xml2csv"
Maheshwara Temple,Maharashtra,Jalgaon,Temple,20.334186,74.974336,,,"ASI monument register via Bhuvan (ISRO), collected by github.com/answerquest/asi-monuments-xml2csv"
Temple of Chandika Devi,Maharashtra,Jalgaon,Temple,20.323911,74.980753,,,"ASI monument register via Bhuvan (ISRO), collected by github.com/answerquest/asi-monuments-xml2csv"
Temple of Nagarjun,Maharashtra,Jaglon,Temple,20.330728,74.971156,,,"ASI monument register via Bhuvan (ISRO), collected by github.com/answerquest/asi-monuments-xml2csv"
Temple of Shrinagar Chavdi,Maharashtra,Jaglon,Temple,20.330728,74.971156,,,"ASI monument register via Bhuvan (ISRO), collected by github.com/answerquest/asi-monuments-xml2csv"
Mahadev Temple,Maharashtra,Jalgaon,Temple,20.574625,75.200761,,,"ASI monument register via Bhuvan (ISRO), collected by github.com/answerquest/asi-monuments-xml2csv"
Archological  site and remains,Maharashtra,Jaglon,,20.586747,75.050981,,,"ASI monument register via Bhuvan (ISRO), collected by github.com/answerquest/asi-monuments-xml2csv"
Temple of Siddheshwar,Maharashtra,Jalgaon,Temple,20.506084,75.105043,,,"ASI monument register via Bhuvan (ISRO), collected by github.com/answerquest/asi-monuments-xml2csv"
Mudhai Devi Temple,Maharashtra,Jalgaon,Temple,20.502394,75.09473,,,"ASI monument register via Bhuvan (ISRO), collected by github.com/answerquest/asi-monuments-xml2csv"
Archaeological Sites & Remains,Maharashtra,Jalna,,20.262481,75.7709,,,"ASI monument register via Bhuvan (ISRO), collected by github.com/answerquest/asi-monuments-xml2csv"
Brahmanical caves,Maharashtra,Nanded,,19.833322,77.916694,,,"ASI monument register via Bhuvan (ISRO), collected by github.com/answerquest/asi-monuments-xml2csv"
Ancient site and remains,Maharashtra,Nandurbar,,21.507644,74.358347,,,"ASI monument register via Bhuvan (ISRO), collected by github.com/answerquest/asi-monuments-xml2csv"
Hindu Temple,Maharashtra,Nasik,Temple,20.223858,73.641064,,,"ASI monument register via Bhuvan (ISRO), collected by github.com/answerquest/asi-monuments-xml2csv"
Old Temple Anjaneri,Maharashtra,Nasik,Temple,19.947051,73.590867,,,"ASI monument register via Bhuvan (ISRO), collected by github.com/answerquest/asi-monuments-xml2csv"
Old Temple Anjaneri,Maharashtra,Nasik,Temple,19.946573,73.591213,,,"ASI monument register via Bhuvan (ISRO), collected by github.com/answerquest/asi-monuments-xml2csv"
Old Temple Anjaneri,Maharashtra,Nasik,Temple,19.946762,73.589609,,,"ASI monument register via Bhuvan (ISRO), collected by github.com/answerquest/asi-monuments-xml2csv"
Old Temple Anjaneri,Maharashtra,Nasik,Temple,19.946834,73.589353,,,"ASI monument register via Bhuvan (ISRO), collected by github.com/answerquest/asi-monuments-xml2csv"
Old Temple Anjaneri,Maharashtra,Nasik,Temple,19.947077,73.589383,,,"ASI monument register via Bhuvan (ISRO), collected by github.com/answerquest/asi-monuments-xml2csv"
Old Temple Anjaneri,Maharashtra,Nasik,Temple,19.950361,73.5908,,,"ASI monument register via Bhuvan (ISRO), collected by github.com/answerquest/asi-monuments-xml2csv"
Old Temple Anjaneri,Maharashtra,Nasik,Temple,19.950717,73.592403,,,"ASI monument register via Bhuvan (ISRO), collected by github.com/answerquest/asi-monuments-xml2csv"
Old Temple Anjaneri,Maharashtra,Nasik,Temple,19.950628,73.592436,,,"ASI monument register via Bhuvan (ISRO), collected by github.com/answerquest/asi-monuments-xml2csv"
Caves Ankai,Maharashtra,Nasik,,20.187653,74.453572,,,"ASI monument register via Bhuvan (ISRO), collected by github.com/answerquest/asi-monuments-xml2csv"
Hindu Temple Deothan,Maharashtra,Nasik,Temple,19.980986,74.670194,,,"ASI monument register via Bhuvan (ISRO), collected by github.com/answerquest/asi-monuments-xml2csv"
Old Matichi Gadhi,Maharashtra,Nasik,,20.000669,73.796662,,,"ASI monument register via Bhuvan (ISRO), collected by github.com/answerquest/asi-monuments-xml2csv"
Pandav Lena Caves,Maharashtra,Nasik,,19.941092,73.748739,,,"ASI monument register via Bhuvan (ISRO), collected by github.com/answerquest/asi-monuments-xml2csv"
Temple of Aishwar,Maharashtra,Nasik,Temple,19.848762,73.991114,,,"ASI monument register via Bhuvan (ISRO), collected by github.com/answerquest/asi-monuments-xml2csv"
Temple  of Gondeshwar Mahadev,Maharashtra,Nasik,Temple,19.851347,74.001983,,,"ASI monument register via Bhuvan (ISRO), collected by github.com/answerquest/asi-monuments-xml2csv"
Temple of Trimbakeshwar,Maharashtra,Nasik,Temple,19.932241,73.53069,,,"ASI monument register via Bhuvan (ISRO), collected by github.com/answerquest/asi-monuments-xml2csv"
Jaina Caves,Maharashtra,Nasik,,19.734994,73.540646,,,"ASI monument register via Bhuvan (ISRO), collected by github.com/answerquest/asi-monuments-xml2csv"
Dokeshwar Caves,Maharashtra,Ahmednagar,,19.177476,74.41259,,,"ASI monument register via Bhuvan (ISRO), collected by github.com/answerquest/asi-monuments-xml2csv"
Hemadpanthi temple of mahadev,Maharashtra,Nasik,Temple,20.657687,74.67366,,,"ASI monument register via Bhuvan (ISRO), collected by github.com/answerquest/asi-monuments-xml2csv"
Temple of Shiva,Maharashtra,Ahmednagar,Temple,19.007677,74.429454,,,"ASI monument register via Bhuvan (ISRO), collected by github.com/answerquest/asi-monuments-xml2csv"
Old Gateways,Maharashtra,Dhulia,,21.062604,74.333481,,,"ASI monument register via Bhuvan (ISRO), collected by github.com/answerquest/asi-monuments-xml2csv"
Four Buddhist Images in the Sub-collector’s Residential Complex,Odisha,Jajpur,,20.85,86.35,,,"ASI monument register via Bhuvan (ISRO), collected by github.com/answerquest/asi-monuments-xml2csv"
Hill Containing Many Valuable Sculptures & Images,Odisha,Jajpur,,20.65,86.333333,,,"ASI monument register via Bhuvan (ISRO), collected by github.com/answerquest/asi-monuments-xml2csv"
Hill Containing Many Valuable Sculptures  Images & Inscriptions etc.,Odisha,Jajpur,,20.483333,86.166667,,,"ASI monument register via Bhuvan (ISRO), collected by github.com/answerquest/asi-monuments-xml2csv"
Mahratta Bridge Locally Known as Atharnulla,Odisha,Jajpur,,20.85,86.35,,,"ASI monument register via Bhuvan (ISRO), collected by github.com/answerquest/asi-monuments-xml2csv"
Monolith  Called Chandeswar Pillar,Odisha,Jajpur,,20.85,86.35,,,"ASI monument register via Bhuvan (ISRO), collected by github.com/answerquest/asi-monuments-xml2csv"
Dharma Mahakala Temple,Odisha,Jajpur,Temple,20.65,86.333333,,,"ASI monument register via Bhuvan (ISRO), collected by github.com/answerquest/asi-monuments-xml2csv"
Jagannatha Temple,Odisha,Jajpur,Temple,20.85,86.35,,,"ASI monument register via Bhuvan (ISRO), collected by github.com/answerquest/asi-monuments-xml2csv"
Trilochanesvara Temple,Odisha,Jajpur,Temple,20.85,86.35,,,"ASI monument register via Bhuvan (ISRO), collected by github.com/answerquest/asi-monuments-xml2csv"
Varahanatha Temple,Odisha,Jajpur,Temple,20.85,86.35,,,"ASI monument register via Bhuvan (ISRO), collected by github.com/answerquest/asi-monuments-xml2csv"
Rock Inscription,Odisha,Jharsuguda,,21.85,83.8,,,"ASI monument register via Bhuvan (ISRO), collected by github.com/answerquest/asi-monuments-xml2csv"
Ancient Site at Asurgarh Fort,Odisha,Kalahandi,Fort,20.566667,83.55,,,"ASI monument register via Bhuvan (ISRO), collected by github.com/answerquest/asi-monuments-xml2csv"
"Paintings on the Rock ( Ravana Chhaya, etc)",Odisha,Keonjhar,,21.5,85.766667,,,"ASI monument register via Bhuvan (ISRO), collected by github.com/answerquest/asi-monuments-xml2csv"
Bhaskaresvara Temple,Odisha,Khurda,Temple,20.25,85.833333,,,"ASI monument register via Bhuvan (ISRO), collected by github.com/answerquest/asi-monuments-xml2csv"
Brahmesvara Temple,Odisha,Khurda,Temple,20.25,85.833333,,,"ASI monument register via Bhuvan (ISRO), collected by github.com/answerquest/asi-monuments-xml2csv"
Nabakesvara Temple,Odisha,Khurda,Temple,20.25,85.833333,,,"ASI monument register via Bhuvan (ISRO), collected by github.com/answerquest/asi-monuments-xml2csv"
Ramesvara Temple,Odisha,Khurda,Temple,20.25,85.833333,,,"ASI monument register via Bhuvan (ISRO), collected by github.com/answerquest/asi-monuments-xml2csv"
Meghesvara Temple with Minor Shrines,Odisha,Khurda,Temple,20.25,85.833333,,,"ASI monument register via Bhuvan (ISRO), collected by github.com/answerquest/asi-monuments-xml2csv"
Water Palace,Madhya Pradesh,Dhar,Palace / Haveli,22.355736,75.391344,,,"ASI monument register via Bhuvan (ISRO), collected by github.com/answerquest/asi-monuments-xml2csv"
Phoo Gumpha,Himachal Pradesh,Lahaul-Spiti,,32.096423,78.382233,,,"ASI monument register via Bhuvan (ISRO), collected by github.com/answerquest/asi-monuments-xml2csv"
Ganesh Temple,Himachal Pradesh,Chamba,Temple,32.442332,76.537508,,,"ASI monument register via Bhuvan (ISRO), collected by github.com/answerquest/asi-monuments-xml2csv"
Laxmi Devi Temple,Himachal Pradesh,Chamba,Temple,32.442443,76.537421,,,"ASI monument register via Bhuvan (ISRO), collected by github.com/answerquest/asi-monuments-xml2csv"
Mani Mahesh Temple,Himachal Pradesh,Chamba,Temple,32.442619,76.537679,,,"ASI monument register via Bhuvan (ISRO), collected by github.com/answerquest/asi-monuments-xml2csv"
Nar Singh Temple,Himachal Pradesh,Chamba,Temple,32.443165,76.537781,,,"ASI monument register via Bhuvan (ISRO), collected by github.com/answerquest/asi-monuments-xml2csv"
Shri Bajreshwari Temple,Himachal Pradesh,Chamba,Temple,32.56135,76.130811,,,"ASI monument register via Bhuvan (ISRO), collected by github.com/answerquest/asi-monuments-xml2csv"
Shri Bansi Gopal Temple,Himachal Pradesh,Chamba,Temple,32.558102,76.125918,,,"ASI monument register via Bhuvan (ISRO), collected by github.com/answerquest/asi-monuments-xml2csv"
Shri Chamunda Devi Temple,Himachal Pradesh,Chamba,Temple,32.552847,76.129575,,,"ASI monument register via Bhuvan (ISRO), collected by github.com/answerquest/asi-monuments-xml2csv"
Shri Hari Rai Temple,Himachal Pradesh,Chamba,Temple,32.555691,76.123193,,,"ASI monument register via Bhuvan (ISRO), collected by github.com/answerquest/asi-monuments-xml2csv"
Shri Lakshmi Narayan Group of Temples,Himachal Pradesh,Chamba,,32.558166,76.124618,,,"ASI monument register via Bhuvan (ISRO), collected by github.com/answerquest/asi-monuments-xml2csv"
"Rock Sculptures Depicting Sita, Rama and Hanuman",Himachal Pradesh,Chamba,,32.56075,76.133322,,,"ASI monument register via Bhuvan (ISRO), collected by github.com/answerquest/asi-monuments-xml2csv"
Shri Sita Ram Temple,Himachal Pradesh,Chamba,Temple,32.556258,76.126235,,,"ASI monument register via Bhuvan (ISRO), collected by github.com/answerquest/asi-monuments-xml2csv"
Champavati Temple,Himachal Pradesh,Chamba,Temple,32.556259,76.125079,,,"ASI monument register via Bhuvan (ISRO), collected by github.com/answerquest/asi-monuments-xml2csv"
Sri Shakti Devi Temple,Himachal Pradesh,Chamba,Temple,32.447108,76.375331,,,"ASI monument register via Bhuvan (ISRO), collected by github.com/answerquest/asi-monuments-xml2csv"
Katoch Palace,Himachal Pradesh,Hamirpur,Palace / Haveli,31.828942,76.51205,,,"ASI monument register via Bhuvan (ISRO), collected by github.com/answerquest/asi-monuments-xml2csv"
Narbadeshwer Temple,Himachal Pradesh,Hamirpur,Temple,31.837154,76.504598,,,"ASI monument register via Bhuvan (ISRO), collected by github.com/answerquest/asi-monuments-xml2csv"
Asha Puri Temple,Himachal Pradesh,Kangra,Temple,31.972617,76.576894,,,"ASI monument register via Bhuvan (ISRO), collected by github.com/answerquest/asi-monuments-xml2csv"
Temple Baijnath,Himachal Pradesh,Kangra,Temple,32.050953,76.645525,,,"ASI monument register via Bhuvan (ISRO), collected by github.com/answerquest/asi-monuments-xml2csv"
Sidh nath Temple,Himachal Pradesh,Kangra,Temple,32.050488,76.643146,,,"ASI monument register via Bhuvan (ISRO), collected by github.com/answerquest/asi-monuments-xml2csv"
Buddhist Stupa,Himachal Pradesh,Kangra,,32.160181,76.288384,,,"ASI monument register via Bhuvan (ISRO), collected by github.com/answerquest/asi-monuments-xml2csv"
Ruined Fort,Himachal Pradesh,Kangra,Fort,32.303128,75.880519,,,"ASI monument register via Bhuvan (ISRO), collected by github.com/answerquest/asi-monuments-xml2csv"
Rock Inscriptions,Himachal Pradesh,Kangra,,32.1381,76.40895,,,"ASI monument register via Bhuvan (ISRO), collected by github.com/answerquest/asi-monuments-xml2csv"
Rock Inscription,Himachal Pradesh,Kangra,,32.208033,76.347733,,,"ASI monument register via Bhuvan (ISRO), collected by github.com/answerquest/asi-monuments-xml2csv"
Fort Kotala,Himachal Pradesh,Kangra,Fort,32.236016,76.045515,,,"ASI monument register via Bhuvan (ISRO), collected by github.com/answerquest/asi-monuments-xml2csv"
Rock Cut Temples with Sculptures,Himachal Pradesh,Kangra,,32.073511,76.137664,,,"ASI monument register via Bhuvan (ISRO), collected by github.com/answerquest/asi-monuments-xml2csv"
Ruined Fort,Himachal Pradesh,Kangra,Fort,32.088181,76.254423,,,"ASI monument register via Bhuvan (ISRO), collected by github.com/answerquest/asi-monuments-xml2csv"
Lord Elgin Tomb,Himachal Pradesh,Kangra,Monument / Tomb,32.242842,76.318905,,,"ASI monument register via Bhuvan (ISRO), collected by github.com/answerquest/asi-monuments-xml2csv"
Temple of Bashasher Mahdeo,Himachal Pradesh,Kullu,Temple,31.847339,77.164574,,,"ASI monument register via Bhuvan (ISRO), collected by github.com/answerquest/asi-monuments-xml2csv"
Temple of Gauri Sankar with its Sculptures,Himachal Pradesh,Kullu,Temple,32.141375,77.178817,,,"ASI monument register via Bhuvan (ISRO), collected by github.com/answerquest/asi-monuments-xml2csv"
A Miniature Stone Siva Temple,Himachal Pradesh,Kullu,Temple,32.198333,77.202676,,,"ASI monument register via Bhuvan (ISRO), collected by github.com/answerquest/asi-monuments-xml2csv"
Temple of Gauri Sankar with its Sculptures,Himachal Pradesh,Kullu,Temple,32.112603,77.163914,,,"ASI monument register via Bhuvan (ISRO), collected by github.com/answerquest/asi-monuments-xml2csv"
Hidimba Devi Temple,Himachal Pradesh,Kullu,Temple,32.248483,77.180833,,,"ASI monument register via Bhuvan (ISRO), collected by github.com/answerquest/asi-monuments-xml2csv"
Mirkula Devi Temple,Himachal Pradesh,Lahaul-Spiti,Temple,32.727304,76.661402,,,"ASI monument register via Bhuvan (ISRO), collected by github.com/answerquest/asi-monuments-xml2csv"
Barsela Monument,Himachal Pradesh,Mandi,,31.7043,76.934247,,,"ASI monument register via Bhuvan (ISRO), collected by github.com/answerquest/asi-monuments-xml2csv"
"Panchvktra Temple,",Himachal Pradesh,Mandi,Temple,31.711311,76.935628,,,"ASI monument register via Bhuvan (ISRO), collected by github.com/answerquest/asi-monuments-xml2csv"
Trilokinath Temple,Himachal Pradesh,Mandi,Temple,31.712728,76.935931,,,"ASI monument register via Bhuvan (ISRO), collected by github.com/answerquest/asi-monuments-xml2csv"
Ardhanarishwer Temple,Himachal Pradesh,Mandi,Temple,31.71275,76.929967,,,"ASI monument register via Bhuvan (ISRO), collected by github.com/answerquest/asi-monuments-xml2csv"
Buddhist Monastery,Himachal Pradesh,Lahaul-Spiti,,32.093819,78.382278,,,"ASI monument register via Bhuvan (ISRO), collected by github.com/answerquest/asi-monuments-xml2csv"
Vice Regal Lodge,Himachal Pradesh,Shimla,,31.103508,77.141164,,,"ASI monument register via Bhuvan (ISRO), collected by github.com/answerquest/asi-monuments-xml2csv"
Ek-khamba Mahal,Madhya Pradesh,Dhar,Palace / Haveli,22.340767,75.39555,,,"ASI monument register via Bhuvan (ISRO), collected by github.com/answerquest/asi-monuments-xml2csv"
Gada Shah Palace,Madhya Pradesh,Dhar,Palace / Haveli,22.356577,75.394295,,,"ASI monument register via Bhuvan (ISRO), collected by github.com/answerquest/asi-monuments-xml2csv"
Gada Shah Shop,Madhya Pradesh,Dhar,,22.357186,75.396056,,,"ASI monument register via Bhuvan (ISRO), collected by github.com/answerquest/asi-monuments-xml2csv"
Gadi Darwaza,Madhya Pradesh,Dhar,,22.360211,75.398344,,,"ASI monument register via Bhuvan (ISRO), collected by github.com/answerquest/asi-monuments-xml2csv"
Hammam,Madhya Pradesh,Dhar,,22.357166,75.391855,,,"ASI monument register via Bhuvan (ISRO), collected by github.com/answerquest/asi-monuments-xml2csv"
Hathi Gate,Madhya Pradesh,Dhar,,22.358478,75.394527,,,"ASI monument register via Bhuvan (ISRO), collected by github.com/answerquest/asi-monuments-xml2csv"
Hathi Mahal,Madhya Pradesh,Dhar,Palace / Haveli,22.336157,75.404674,,,"ASI monument register via Bhuvan (ISRO), collected by github.com/answerquest/asi-monuments-xml2csv"
Hindola Mahal,Madhya Pradesh,Dhar,Palace / Haveli,22.356964,75.392892,,,"ASI monument register via Bhuvan (ISRO), collected by github.com/answerquest/asi-monuments-xml2csv"
Hoshang Shah tomb,Madhya Pradesh,Dhar,Monument / Tomb,22.348391,75.396533,,,"ASI monument register via Bhuvan (ISRO), collected by github.com/answerquest/asi-monuments-xml2csv"
Jahaz Mahal,Madhya Pradesh,Dhar,Palace / Haveli,22.355454,75.393237,,,"ASI monument register via Bhuvan (ISRO), collected by github.com/answerquest/asi-monuments-xml2csv"
Jahangirupur gate,Madhya Pradesh,Dhar,,22.335964,75.454216,,,"ASI monument register via Bhuvan (ISRO), collected by github.com/answerquest/asi-monuments-xml2csv"
Jama Masjid,Madhya Pradesh,Dhar,,22.348368,75.397102,,,"ASI monument register via Bhuvan (ISRO), collected by github.com/answerquest/asi-monuments-xml2csv"
Kapoor Talao and the ruins on its bank,Madhya Pradesh,Dhar,,22.355223,75.394434,,,"ASI monument register via Bhuvan (ISRO), collected by github.com/answerquest/asi-monuments-xml2csv"
Lal Bag,Madhya Pradesh,Dhar,,22.328918,75.403077,,,"ASI monument register via Bhuvan (ISRO), collected by github.com/answerquest/asi-monuments-xml2csv"
Lal bungalow,Madhya Pradesh,Dhar,,22.339031,75.415847,,,"ASI monument register via Bhuvan (ISRO), collected by github.com/answerquest/asi-monuments-xml2csv"
Lohani Gate,Madhya Pradesh,Dhar,,22.347741,75.392097,,,"ASI monument register via Bhuvan (ISRO), collected by github.com/answerquest/asi-monuments-xml2csv"
Lohani caves,Madhya Pradesh,Dhar,,22.347924,75.392297,,,"ASI monument register via Bhuvan (ISRO), collected by github.com/answerquest/asi-monuments-xml2csv"
Jali Mahal,Madhya Pradesh,Dhar,Palace / Haveli,22.321514,75.401295,,,"ASI monument register via Bhuvan (ISRO), collected by github.com/answerquest/asi-monuments-xml2csv"
Nahar Jharoka,Madhya Pradesh,Dhar,,22.357639,75.393112,,,"ASI monument register via Bhuvan (ISRO), collected by github.com/answerquest/asi-monuments-xml2csv"
Mahmud's tomb,Madhya Pradesh,Dhar,Monument / Tomb,22.348343,75.399198,,,"ASI monument register via Bhuvan (ISRO), collected by github.com/answerquest/asi-monuments-xml2csv"
Malik Moghi's Tomb,Madhya Pradesh,Dhar,Monument / Tomb,22.330272,75.401972,,,"ASI monument register via Bhuvan (ISRO), collected by github.com/answerquest/asi-monuments-xml2csv"
Mosque near Sopi tank,Madhya Pradesh,Dhar,,22.352162,75.397941,,,"ASI monument register via Bhuvan (ISRO), collected by github.com/answerquest/asi-monuments-xml2csv"
Mosque noth-west of Darya Khan's Tomb,Madhya Pradesh,Dhar,Monument / Tomb,22.338085,75.401598,,,"ASI monument register via Bhuvan (ISRO), collected by github.com/answerquest/asi-monuments-xml2csv"
Mosque near Tarapur Gate,Madhya Pradesh,Dhar,,22.320319,75.386426,,,"ASI monument register via Bhuvan (ISRO), collected by github.com/answerquest/asi-monuments-xml2csv"
Nameless Tomb,Madhya Pradesh,Dhar,Monument / Tomb,22.35126,75.388628,,,"ASI monument register via Bhuvan (ISRO), collected by github.com/answerquest/asi-monuments-xml2csv"
Neelkanth,Madhya Pradesh,Dhar,,22.326732,75.389975,,,"ASI monument register via Bhuvan (ISRO), collected by github.com/answerquest/asi-monuments-xml2csv"
Rampol gate and the mosque opposite to it,Madhya Pradesh,Dhar,,22.350345,75.402237,,,"ASI monument register via Bhuvan (ISRO), collected by github.com/answerquest/asi-monuments-xml2csv"
Royal palace,Madhya Pradesh,Dhar,Palace / Haveli,22.356799,75.391738,,,"ASI monument register via Bhuvan (ISRO), collected by github.com/answerquest/asi-monuments-xml2csv"
Roopmati Pavilion,Madhya Pradesh,Dhar,,22.310441,75.410311,,,"ASI monument register via Bhuvan (ISRO), collected by github.com/answerquest/asi-monuments-xml2csv"
Caravan Sarai,Madhya Pradesh,Dhar,,22.330103,75.402939,,,"ASI monument register via Bhuvan (ISRO), collected by github.com/answerquest/asi-monuments-xml2csv"
Sat Kothari cave,Madhya Pradesh,Dhar,,22.364721,75.390587,,,"ASI monument register via Bhuvan (ISRO), collected by github.com/answerquest/asi-monuments-xml2csv"
Somati kund,Madhya Pradesh,Dhar,,22.337725,75.401915,,,"ASI monument register via Bhuvan (ISRO), collected by github.com/answerquest/asi-monuments-xml2csv"
Songarh Gate,Madhya Pradesh,Dhar,,22.329084,75.380174,,,"ASI monument register via Bhuvan (ISRO), collected by github.com/answerquest/asi-monuments-xml2csv"
Tarapur Gate,Madhya Pradesh,Dhar,,22.317624,75.388436,,,"ASI monument register via Bhuvan (ISRO), collected by github.com/answerquest/asi-monuments-xml2csv"
Taveli Mahal,Madhya Pradesh,Dhar,Palace / Haveli,22.354431,75.393828,,,"ASI monument register via Bhuvan (ISRO), collected by github.com/answerquest/asi-monuments-xml2csv"
Tomb and mosque attached,Madhya Pradesh,Dhar,Monument / Tomb,22.338344,75.396295,,,"ASI monument register via Bhuvan (ISRO), collected by github.com/answerquest/asi-monuments-xml2csv"
Tomb north of Daryakhan's tomb,Madhya Pradesh,Dhar,Monument / Tomb,22.338389,75.402119,,,"ASI monument register via Bhuvan (ISRO), collected by github.com/answerquest/asi-monuments-xml2csv"
Tomb north of Alamgir gate,Madhya Pradesh,Dhar,Monument / Tomb,22.367016,75.392571,,,"ASI monument register via Bhuvan (ISRO), collected by github.com/answerquest/asi-monuments-xml2csv"
Tripolia gate,Madhya Pradesh,Dhar,,22.347651,75.398509,,,"ASI monument register via Bhuvan (ISRO), collected by github.com/answerquest/asi-monuments-xml2csv"
Tower of Victory,Madhya Pradesh,Dhar,,22.348706,75.398822,,,"ASI monument register via Bhuvan (ISRO), collected by github.com/answerquest/asi-monuments-xml2csv"
Ruins on the west of Rewa Kund,Madhya Pradesh,Dhar,,22.313621,75.406395,,,"ASI monument register via Bhuvan (ISRO), collected by github.com/answerquest/asi-monuments-xml2csv"
Bhojshala and Kamal Maula's mosque,Madhya Pradesh,Dhar,,22.590557,75.295106,,,"ASI monument register via Bhuvan (ISRO), collected by github.com/answerquest/asi-monuments-xml2csv"
Lat  ki masjid,Madhya Pradesh,Dhar,,22.584243,75.298211,,,"ASI monument register via Bhuvan (ISRO), collected by github.com/answerquest/asi-monuments-xml2csv"
Buddhist caves 1 to 7,Madhya Pradesh,Dhar,,22.322419,74.806568,,,"ASI monument register via Bhuvan (ISRO), collected by github.com/answerquest/asi-monuments-xml2csv"
Water Palace,Madhya Pradesh,Dhar,Palace / Haveli,22.738974,75.411725,,,"ASI monument register via Bhuvan (ISRO), collected by github.com/answerquest/asi-monuments-xml2csv"
Rock cut temple,Madhya Pradesh,Dhar,Temple,22.276312,75.51864,,,"ASI monument register via Bhuvan (ISRO), collected by github.com/answerquest/asi-monuments-xml2csv"
Ranmukteshwara Temple,Madhya Pradesh,Dindori,Temple,22.864997,81.165881,,,"ASI monument register via Bhuvan (ISRO), collected by github.com/answerquest/asi-monuments-xml2csv"
Tomb of Abul Fazal,Madhya Pradesh,Gwalior,Monument / Tomb,26.060253,78.209962,,,"ASI monument register via Bhuvan (ISRO), collected by github.com/answerquest/asi-monuments-xml2csv"
Tomb of Tansen   & Two Mosques,Madhya Pradesh,Gwalior,Monument / Tomb,26.231461,78.179356,,,"ASI monument register via Bhuvan (ISRO), collected by github.com/answerquest/asi-monuments-xml2csv"
Gwalior fort,Madhya Pradesh,Gwalior,Fort,26.232172,78.169736,,,"ASI monument register via Bhuvan (ISRO), collected by github.com/answerquest/asi-monuments-xml2csv"
Tomb of Mohammad Ghaus,Madhya Pradesh,Gwalior,Monument / Tomb,26.231844,78.179761,,,"ASI monument register via Bhuvan (ISRO), collected by github.com/answerquest/asi-monuments-xml2csv"
Old Mughal Fort,Madhya Pradesh,Harda,Fort,22.427908,76.795947,,,"ASI monument register via Bhuvan (ISRO), collected by github.com/answerquest/asi-monuments-xml2csv"
Caves,Madhya Pradesh,Hoshangabad,,22.458393,78.432372,,,"ASI monument register via Bhuvan (ISRO), collected by github.com/answerquest/asi-monuments-xml2csv"
Ancient site and Adamgarh rock shelters,Madhya Pradesh,Hoshangabad,,22.730653,77.731986,,,"ASI monument register via Bhuvan (ISRO), collected by github.com/answerquest/asi-monuments-xml2csv"
Rock shelter known as Putli lane near Sabourne cave,Madhya Pradesh,Hoshangabad,,22.483331,78.467575,,,"ASI monument register via Bhuvan (ISRO), collected by github.com/answerquest/asi-monuments-xml2csv"
Madan Mahal on the top of the hill upon a large boulder rock,Madhya Pradesh,Jabalpur,Palace / Haveli,23.148322,79.901573,,,"ASI monument register via Bhuvan (ISRO), collected by github.com/answerquest/asi-monuments-xml2csv"
Karanbel (Tripuri),Madhya Pradesh,Jabalpur,,23.146538,79.818679,,,"ASI monument register via Bhuvan (ISRO), collected by github.com/answerquest/asi-monuments-xml2csv"
Temple of Gauri Shanka,Madhya Pradesh,Jabalpur,Temple,23.129685,79.801417,,,"ASI monument register via Bhuvan (ISRO), collected by github.com/answerquest/asi-monuments-xml2csv"
Temple of Chausath Yogini,Madhya Pradesh,Jabalpur,Temple,23.129858,79.801406,,,"ASI monument register via Bhuvan (ISRO), collected by github.com/answerquest/asi-monuments-xml2csv"
"The statue of a boar (Vishnu Varah), an image of Mahadeo, etc",Madhya Pradesh,Katni,Temple,24.060167,80.725406,,,"ASI monument register via Bhuvan (ISRO), collected by github.com/answerquest/asi-monuments-xml2csv"
Varaha near Karitalai,Madhya Pradesh,Katni,,24.060036,80.725794,,,"ASI monument register via Bhuvan (ISRO), collected by github.com/answerquest/asi-monuments-xml2csv"
The whole site of Kankali Devi Temple,Madhya Pradesh,Katni,Temple,23.690009,80.066795,,,"ASI monument register via Bhuvan (ISRO), collected by github.com/answerquest/asi-monuments-xml2csv"
Vishnu Varaha Temple,Madhya Pradesh,Katni,Temple,23.791353,80.275167,,,"ASI monument register via Bhuvan (ISRO), collected by github.com/answerquest/asi-monuments-xml2csv"
Tapsi Math,Madhya Pradesh,Katni,Temple,23.792433,80.271508,,,"ASI monument register via Bhuvan (ISRO), collected by github.com/answerquest/asi-monuments-xml2csv"
Chaubis Avtar Temple with its content,Madhya Pradesh,Khandwa,Temple,22.253789,76.165703,,,"ASI monument register via Bhuvan (ISRO), collected by github.com/answerquest/asi-monuments-xml2csv"
Chandsuraj Gateway,Madhya Pradesh,Khandwa,,22.247552,76.153754,,,"ASI monument register via Bhuvan (ISRO), collected by github.com/answerquest/asi-monuments-xml2csv"
Siddhesvara or Siddhnath Temple,Madhya Pradesh,Khandwa,Temple,22.245934,76.155854,,,"ASI monument register via Bhuvan (ISRO), collected by github.com/answerquest/asi-monuments-xml2csv"
Ananta Basudev Temple,Odisha,Khurda,Temple,20.25,85.833333,,,"ASI monument register via Bhuvan (ISRO), collected by github.com/answerquest/asi-monuments-xml2csv"
Amleshwar alias Mamleshwar group of temples,Madhya Pradesh,Khandwa,,22.242265,76.150612,,,"ASI monument register via Bhuvan (ISRO), collected by github.com/answerquest/asi-monuments-xml2csv"
Chaubara Dera,Madhya Pradesh,Khargone,,21.821736,75.454531,,,"ASI monument register via Bhuvan (ISRO), collected by github.com/answerquest/asi-monuments-xml2csv"
Jain temple 1 to 3,Madhya Pradesh,Khargone,Temple,21.819672,75.45698,,,"ASI monument register via Bhuvan (ISRO), collected by github.com/answerquest/asi-monuments-xml2csv"
Temples of Mahakaleshwar 1 and 2,Madhya Pradesh,Khargone,,21.822544,75.454503,,,"ASI monument register via Bhuvan (ISRO), collected by github.com/answerquest/asi-monuments-xml2csv"
Excavated site,Madhya Pradesh,Khargone,,22.094767,75.602232,,,"ASI monument register via Bhuvan (ISRO), collected by github.com/answerquest/asi-monuments-xml2csv"
Brindaban dedicated to the memory of Shrimant Baji Rao Peshwa,Madhya Pradesh,Khargone,,22.172315,75.877772,,,"ASI monument register via Bhuvan (ISRO), collected by github.com/answerquest/asi-monuments-xml2csv"
Main gate and remaining portion of the Preshwa residence or fortress,Madhya Pradesh,Khargone,,22.17271,75.877344,,,"ASI monument register via Bhuvan (ISRO), collected by github.com/answerquest/asi-monuments-xml2csv"
The Chatri inside the sarai,Madhya Pradesh,Khargone,,22.173445,75.87635,,,"ASI monument register via Bhuvan (ISRO), collected by github.com/answerquest/asi-monuments-xml2csv"
An old sarai,Madhya Pradesh,Khargone,,22.173411,75.876508,,,"ASI monument register via Bhuvan (ISRO), collected by github.com/answerquest/asi-monuments-xml2csv"
Gond fort called Satkanda 1,Madhya Pradesh,Mandla,Fort,22.588703,80.371319,,,"ASI monument register via Bhuvan (ISRO), collected by github.com/answerquest/asi-monuments-xml2csv"
Gond fort called Satknada  2,Madhya Pradesh,Mandla,Fort,22.587636,80.369672,,,"ASI monument register via Bhuvan (ISRO), collected by github.com/answerquest/asi-monuments-xml2csv"
Gond fort called Satknada 3,Madhya Pradesh,Mandla,Fort,22.588136,80.369819,,,"ASI monument register via Bhuvan (ISRO), collected by github.com/answerquest/asi-monuments-xml2csv"
Gond fort called Satknada 4,Madhya Pradesh,Mandla,Fort,22.587972,80.369833,,,"ASI monument register via Bhuvan (ISRO), collected by github.com/answerquest/asi-monuments-xml2csv"
Begum Mahal,Madhya Pradesh,Mandla,Palace / Haveli,22.625786,80.527456,,,"ASI monument register via Bhuvan (ISRO), collected by github.com/answerquest/asi-monuments-xml2csv"
Sporting Palace by name Dalbadal,Madhya Pradesh,Mandla,Palace / Haveli,22.625365,80.518371,,,"ASI monument register via Bhuvan (ISRO), collected by github.com/answerquest/asi-monuments-xml2csv"
Siva's temple,Madhya Pradesh,Mandla,Temple,22.579836,80.406589,,,"ASI monument register via Bhuvan (ISRO), collected by github.com/answerquest/asi-monuments-xml2csv"
Brahmanical rockcut temple,Madhya Pradesh,Mandsaur,Temple,24.193914,75.499049,,,"ASI monument register via Bhuvan (ISRO), collected by github.com/answerquest/asi-monuments-xml2csv"
Buddhist caves No. 1 to 51,Madhya Pradesh,Mandsaur,,24.193316,75.498428,,,"ASI monument register via Bhuvan (ISRO), collected by github.com/answerquest/asi-monuments-xml2csv"
Yasodharman Pillar or Victory,Madhya Pradesh,Mandsaur,,24.041348,75.091767,,,"ASI monument register via Bhuvan (ISRO), collected by github.com/answerquest/asi-monuments-xml2csv"
Pre-historic painted rock shelters Chaturbhuja Nala,Madhya Pradesh,Mandsaur,,24.681236,75.670311,,,"ASI monument register via Bhuvan (ISRO), collected by github.com/answerquest/asi-monuments-xml2csv"
Ekattarso Mahadeva Temple,Madhya Pradesh,Morena,Temple,26.436833,78.235286,,,"ASI monument register via Bhuvan (ISRO), collected by github.com/answerquest/asi-monuments-xml2csv"
Gadhi,Madhya Pradesh,Morena,,26.431361,78.201723,,,"ASI monument register via Bhuvan (ISRO), collected by github.com/answerquest/asi-monuments-xml2csv"
Temple,Madhya Pradesh,Morena,Temple,26.431201,78.201849,,,"ASI monument register via Bhuvan (ISRO), collected by github.com/answerquest/asi-monuments-xml2csv"
Kakanmath Temple,Madhya Pradesh,Morena,Temple,26.584947,78.248672,,,"ASI monument register via Bhuvan (ISRO), collected by github.com/answerquest/asi-monuments-xml2csv"
Temples 1 to 22,Madhya Pradesh,Morena,,26.337633,78.259336,,,"ASI monument register via Bhuvan (ISRO), collected by github.com/answerquest/asi-monuments-xml2csv"
Group of temples at Batesar,Madhya Pradesh,Morena,,26.425717,78.196331,,,"ASI monument register via Bhuvan (ISRO), collected by github.com/answerquest/asi-monuments-xml2csv"
Nau Toran Temple,Madhya Pradesh,Nimach,Temple,24.592995,74.817543,,,"ASI monument register via Bhuvan (ISRO), collected by github.com/answerquest/asi-monuments-xml2csv"
Ajaigarh fort and its remains,Madhya Pradesh,Panna,Fort,24.888542,80.271244,,,"ASI monument register via Bhuvan (ISRO), collected by github.com/answerquest/asi-monuments-xml2csv"
Two temples ascribed to Gupta period,Madhya Pradesh,Panna,,24.885962,80.267721,,,"ASI monument register via Bhuvan (ISRO), collected by github.com/answerquest/asi-monuments-xml2csv"
Nachna Kuthara Parvati Temple,Madhya Pradesh,Panna,Temple,24.399385,80.447223,,,"ASI monument register via Bhuvan (ISRO), collected by github.com/answerquest/asi-monuments-xml2csv"
Chaumukh Nath Temple,Madhya Pradesh,Panna,Temple,24.399244,80.4473,,,"ASI monument register via Bhuvan (ISRO), collected by github.com/answerquest/asi-monuments-xml2csv"
i) Savite Temple,Madhya Pradesh,Raisen,Temple,23.100283,77.579936,,,"ASI monument register via Bhuvan (ISRO), collected by github.com/answerquest/asi-monuments-xml2csv"
"ii) Ancient remains, rock engraving",Madhya Pradesh,,,23.101314,77.5787,,,"ASI monument register via Bhuvan (ISRO), collected by github.com/answerquest/asi-monuments-xml2csv"
Fort,Madhya Pradesh,Raisen,Fort,23.326497,77.777444,,,"ASI monument register via Bhuvan (ISRO), collected by github.com/answerquest/asi-monuments-xml2csv"
Buddhist monuments,Madhya Pradesh,Raisen,,23.479408,77.739556,,,"ASI monument register via Bhuvan (ISRO), collected by github.com/answerquest/asi-monuments-xml2csv"
Buddhist stupas together with the adjacent land,Madhya Pradesh,Raisen,,23.432367,77.66425,,,"ASI monument register via Bhuvan (ISRO), collected by github.com/answerquest/asi-monuments-xml2csv"
Buddhist stupas,Madhya Pradesh,Raisen,,23.433053,77.840897,,,"ASI monument register via Bhuvan (ISRO), collected by github.com/answerquest/asi-monuments-xml2csv"
Buddhist stupas and remains,Madhya Pradesh,Raisen,,23.411197,77.907197,,,"ASI monument register via Bhuvan (ISRO), collected by github.com/answerquest/asi-monuments-xml2csv"
Stupas and other remains at Satdhara,Madhya Pradesh,Raisen,,23.487078,77.651586,,,"ASI monument register via Bhuvan (ISRO), collected by github.com/answerquest/asi-monuments-xml2csv"
"Pre-historic rock shelters  of Tajpura, Bineka etc",Madhya Pradesh,Raisen,,22.938633,77.614381,,,"ASI monument register via Bhuvan (ISRO), collected by github.com/answerquest/asi-monuments-xml2csv"
Inscriptions in cave,Madhya Pradesh,Rewa,,24.816992,81.457089,,,"ASI monument register via Bhuvan (ISRO), collected by github.com/answerquest/asi-monuments-xml2csv"
"Rock shelters with megaliths, monasteries and inscriptions",Madhya Pradesh,Rewa,,24.935508,81.662711,,,"ASI monument register via Bhuvan (ISRO), collected by github.com/answerquest/asi-monuments-xml2csv"
Temple,Madhya Pradesh,Sagar,Temple,24.055472,78.088333,,,"ASI monument register via Bhuvan (ISRO), collected by github.com/answerquest/asi-monuments-xml2csv"
Fort,Madhya Pradesh,Sagar,Fort,23.390097,79.0162,,,"ASI monument register via Bhuvan (ISRO), collected by github.com/answerquest/asi-monuments-xml2csv"
Fort,Madhya Pradesh,Sagar,Fort,24.192461,78.768244,,,"ASI monument register via Bhuvan (ISRO), collected by github.com/answerquest/asi-monuments-xml2csv"
Tomb and mosque of Baljati Shah,Madhya Pradesh,Sagar,Monument / Tomb,24.198351,78.756007,,,"ASI monument register via Bhuvan (ISRO), collected by github.com/answerquest/asi-monuments-xml2csv"
Rani Mahal,Madhya Pradesh,Sagar,Palace / Haveli,24.19121,78.769877,,,"ASI monument register via Bhuvan (ISRO), collected by github.com/answerquest/asi-monuments-xml2csv"
All structures in or connection with the Mahal (fort),Madhya Pradesh,Sagar,Fort,24.091335,78.164652,,,"ASI monument register via Bhuvan (ISRO), collected by github.com/answerquest/asi-monuments-xml2csv"
Fort,Madhya Pradesh,Sagar,Fort,23.524275,78.938828,,,"ASI monument register via Bhuvan (ISRO), collected by github.com/answerquest/asi-monuments-xml2csv"
Tomb of Panj Pirs,Madhya Pradesh,Sagar,Monument / Tomb,24.206125,78.363292,,,"ASI monument register via Bhuvan (ISRO), collected by github.com/answerquest/asi-monuments-xml2csv"
The walls of the city with gate,Madhya Pradesh,Sagar,,24.205903,78.365872,,,"ASI monument register via Bhuvan (ISRO), collected by github.com/answerquest/asi-monuments-xml2csv"
The walls of the citadel (Fort),Madhya Pradesh,Sagar,Fort,24.206875,78.362877,,,"ASI monument register via Bhuvan (ISRO), collected by github.com/answerquest/asi-monuments-xml2csv"
"Old mosque , Idgah well, gateway of the fort and Nagina Mahal",Madhya Pradesh,Sagar,Fort,24.206228,78.362415,,,"ASI monument register via Bhuvan (ISRO), collected by github.com/answerquest/asi-monuments-xml2csv"
Temple of Mahadeo,Madhya Pradesh,Sagar,Temple,24.104935,78.6,,,"ASI monument register via Bhuvan (ISRO), collected by github.com/answerquest/asi-monuments-xml2csv"
Fort,Madhya Pradesh,Sagar,Fort,23.779514,78.393933,,,"ASI monument register via Bhuvan (ISRO), collected by github.com/answerquest/asi-monuments-xml2csv"
Remains,Madhya Pradesh,Satna,,24.446897,80.846031,,,"ASI monument register via Bhuvan (ISRO), collected by github.com/answerquest/asi-monuments-xml2csv"
Virath temple and remains,Madhya Pradesh,Shahdol,Temple,23.320467,81.35886,,,"ASI monument register via Bhuvan (ISRO), collected by github.com/answerquest/asi-monuments-xml2csv"
Monastery,Madhya Pradesh,Shivpuri,,25.085495,77.880339,,,"ASI monument register via Bhuvan (ISRO), collected by github.com/answerquest/asi-monuments-xml2csv"
Monastery,Madhya Pradesh,Shivpuri,,25.419633,77.831797,,,"ASI monument register via Bhuvan (ISRO), collected by github.com/answerquest/asi-monuments-xml2csv"
Siva Temple,Madhya Pradesh,Shivpuri,Temple,25.419858,77.83189,,,"ASI monument register via Bhuvan (ISRO), collected by github.com/answerquest/asi-monuments-xml2csv"
Open Air Museum,Madhya Pradesh,Shivpuri,,25.419955,77.831699,,,"ASI monument register via Bhuvan (ISRO), collected by github.com/answerquest/asi-monuments-xml2csv"
Surwaya Gadhi,Madhya Pradesh,Shivpuri,,25.419889,77.830822,,,"ASI monument register via Bhuvan (ISRO), collected by github.com/answerquest/asi-monuments-xml2csv"
Mohajamata temple,Madhya Pradesh,Shivpuri,Temple,25.045598,77.94928,,,"ASI monument register via Bhuvan (ISRO), collected by github.com/answerquest/asi-monuments-xml2csv"
Town hall alias Gandhi Bhavan,Madhya Pradesh,Shivpuri,,25.427096,77.650523,,,"ASI monument register via Bhuvan (ISRO), collected by github.com/answerquest/asi-monuments-xml2csv"
Saru-Maru monastic complex,Madhya Pradesh,Sehore,,22.729663,77.520595,,,"ASI monument register via Bhuvan (ISRO), collected by github.com/answerquest/asi-monuments-xml2csv"
"Painted rock shelters, two Buddhist stupas",Madhya Pradesh,Sehore,,22.797956,77.655786,,,"ASI monument register via Bhuvan (ISRO), collected by github.com/answerquest/asi-monuments-xml2csv"
Ancient Mound,Madhya Pradesh,Ujjain,,23.226981,75.774108,,,"ASI monument register via Bhuvan (ISRO), collected by github.com/answerquest/asi-monuments-xml2csv"
Ancient Mound (Vaishya Tekri),Madhya Pradesh,Ujjain,,23.211201,75.817327,,,"ASI monument register via Bhuvan (ISRO), collected by github.com/answerquest/asi-monuments-xml2csv"
Ancient Mound (Kumbhar Tekri),Madhya Pradesh,Ujjain,,23.21476,75.829967,,,"ASI monument register via Bhuvan (ISRO), collected by github.com/answerquest/asi-monuments-xml2csv"
Bijamandal Mosque,Madhya Pradesh,Vidisha,,23.528586,77.801158,,,"ASI monument register via Bhuvan (ISRO), collected by github.com/answerquest/asi-monuments-xml2csv"
Lohangi Hill Capital,Madhya Pradesh,Vidisha,,23.526826,77.814449,,,"ASI monument register via Bhuvan (ISRO), collected by github.com/answerquest/asi-monuments-xml2csv"
St.Francis Church,Kerala,Ernakulam:,,9.965927,76.241078,,,"ASI monument register via Bhuvan (ISRO), collected by github.com/answerquest/asi-monuments-xml2csv"
Mattancherry Palace,Kerala,Ernakulam:,Palace / Haveli,9.95827,76.259359,,,"ASI monument register via Bhuvan (ISRO), collected by github.com/answerquest/asi-monuments-xml2csv"
Fort St. Angelo,Kerala,Kannur,Fort,11.854166,75.371427,,,"ASI monument register via Bhuvan (ISRO), collected by github.com/answerquest/asi-monuments-xml2csv"
Tellicherry fort,Kerala,Kannur,Fort,11.748167,75.486545,,,"ASI monument register via Bhuvan (ISRO), collected by github.com/answerquest/asi-monuments-xml2csv"
Bekal fort,Kerala,Kasargod,Fort,12.392592,75.032989,,,"ASI monument register via Bhuvan (ISRO), collected by github.com/answerquest/asi-monuments-xml2csv"
Palakkad fort,Kerala,Palakkad,Fort,10.763725,76.656689,,,"ASI monument register via Bhuvan (ISRO), collected by github.com/answerquest/asi-monuments-xml2csv"
Siva temple,Kerala,Pattambi,Temple,10.807513,76.189522,,,"ASI monument register via Bhuvan (ISRO), collected by github.com/answerquest/asi-monuments-xml2csv"
Anjengo fort,Kerala,Thiruvananthapuram,Fort,8.662675,76.764486,,,"ASI monument register via Bhuvan (ISRO), collected by github.com/answerquest/asi-monuments-xml2csv"
"Parasurama, Siva, Brahma and Matsya Temple",Kerala,Thiruvananthapuram,Temple,8.441594,76.955129,,,"ASI monument register via Bhuvan (ISRO), collected by github.com/answerquest/asi-monuments-xml2csv"
Rock cut cave,Kerala,Thiruvananthapuram,,8.382404,76.991326,,,"ASI monument register via Bhuvan (ISRO), collected by github.com/answerquest/asi-monuments-xml2csv"
Dashavatara Temple,Madhya Pradesh,Vidisha,Temple,23.923644,78.225532,,,"ASI monument register via Bhuvan (ISRO), collected by github.com/answerquest/asi-monuments-xml2csv"
Jain Temple,Madhya Pradesh,Vidisha,Temple,23.92366,78.219992,,,"ASI monument register via Bhuvan (ISRO), collected by github.com/answerquest/asi-monuments-xml2csv"
Gadarmal Temple,Madhya Pradesh,Vidisha,Temple,23.918338,78.222529,,,"ASI monument register via Bhuvan (ISRO), collected by github.com/answerquest/asi-monuments-xml2csv"
Ancient site,Madhya Pradesh,Vidisha,,23.542947,77.796978,,,"ASI monument register via Bhuvan (ISRO), collected by github.com/answerquest/asi-monuments-xml2csv"
Khamb Baba (Heliodoras Pillar),Madhya Pradesh,Vidisha,,23.549296,77.800297,,,"ASI monument register via Bhuvan (ISRO), collected by github.com/answerquest/asi-monuments-xml2csv"
Athakhamba,Madhya Pradesh,Vidisha,,23.666426,78.110673,,,"ASI monument register via Bhuvan (ISRO), collected by github.com/answerquest/asi-monuments-xml2csv"
Ariyannur Umbrellas,Kerala,Thrissur,,10.605764,76.085213,,,"ASI monument register via Bhuvan (ISRO), collected by github.com/answerquest/asi-monuments-xml2csv"
"Siva temple, Peruvanam",Kerala,Thrissur,Temple,10.437417,76.212014,,,"ASI monument register via Bhuvan (ISRO), collected by github.com/answerquest/asi-monuments-xml2csv"
Kudakkalparambu,Kerala,Thrissur,,10.68531,76.121486,,,"ASI monument register via Bhuvan (ISRO), collected by github.com/answerquest/asi-monuments-xml2csv"
Burial cave,Kerala,Thrissur,,10.655929,76.082447,,,"ASI monument register via Bhuvan (ISRO), collected by github.com/answerquest/asi-monuments-xml2csv"
Burial cave,Kerala,Thrissur,,10.657546,76.119206,,,"ASI monument register via Bhuvan (ISRO), collected by github.com/answerquest/asi-monuments-xml2csv"
Vishnu Temple,Kerala,Thrissur,Temple,10.714976,76.068594,,,"ASI monument register via Bhuvan (ISRO), collected by github.com/answerquest/asi-monuments-xml2csv"
Burial cave,Kerala,Thrissur,,10.661499,76.068599,,,"ASI monument register via Bhuvan (ISRO), collected by github.com/answerquest/asi-monuments-xml2csv"
Burial cave,Kerala,Thrissur,,10.599593,76.082506,,,"ASI monument register via Bhuvan (ISRO), collected by github.com/answerquest/asi-monuments-xml2csv"
Burial cave,Kerala,Thrissur,,10.687096,76.039131,,,"ASI monument register via Bhuvan (ISRO), collected by github.com/answerquest/asi-monuments-xml2csv"
Siva temple,Kerala,Thrissur,Temple,10.672956,76.227467,,,"ASI monument register via Bhuvan (ISRO), collected by github.com/answerquest/asi-monuments-xml2csv"
Siva temple,Kerala,Thrissur,Temple,10.64997,76.114904,,,"ASI monument register via Bhuvan (ISRO), collected by github.com/answerquest/asi-monuments-xml2csv"
Siva temple Complex,Kerala,Thrissur,Temple,10.210318,76.206443,,,"ASI monument register via Bhuvan (ISRO), collected by github.com/answerquest/asi-monuments-xml2csv"
Sri Rama temple,Kerala,Thrissur,Temple,10.414145,76.115407,,,"ASI monument register via Bhuvan (ISRO), collected by github.com/answerquest/asi-monuments-xml2csv"
Vadakkumnatha temple,Kerala,Thrissur,Temple,10.524511,76.214538,,,"ASI monument register via Bhuvan (ISRO), collected by github.com/answerquest/asi-monuments-xml2csv"
Jain temple,Kerala,Waynad,Temple,11.660196,76.250588,,,"ASI monument register via Bhuvan (ISRO), collected by github.com/answerquest/asi-monuments-xml2csv"
Siva Temple Avittathur,Kerala,Thrissur,Temple,10.334843,76.245371,,,"ASI monument register via Bhuvan (ISRO), collected by github.com/answerquest/asi-monuments-xml2csv"
Vishnu temple,Kerala,Wayanad,Temple,11.753034,76.096261,,,"ASI monument register via Bhuvan (ISRO), collected by github.com/answerquest/asi-monuments-xml2csv"
Swami Vivekananda Rock Memorial,Tamil Nadu,Kanyakumari,,8.078104,77.555366,,,"ASI monument register via Bhuvan (ISRO), collected by github.com/answerquest/asi-monuments-xml2csv"
Parthasarathi and Krishna temple,Tamil Nadu,Kanyakumari,Temple,8.275301,77.171005,,,"ASI monument register via Bhuvan (ISRO), collected by github.com/answerquest/asi-monuments-xml2csv"
Rock cut cave temple,Tamil Nadu,Kanyakumari,Temple,8.39897,77.297479,,,"ASI monument register via Bhuvan (ISRO), collected by github.com/answerquest/asi-monuments-xml2csv"
Vattakottai fort,Tamil Nadu,Kanyakumari,Fort,8.125673,77.564907,,,"ASI monument register via Bhuvan (ISRO), collected by github.com/answerquest/asi-monuments-xml2csv"
Ancient site,Tamil Nadu,Tirunelveli,,8.698009,77.671735,,,"ASI monument register via Bhuvan (ISRO), collected by github.com/answerquest/asi-monuments-xml2csv"
Bhaktavatsala temple,Tamil Nadu,Tirunelveli,Temple,8.699638,77.571439,,,"ASI monument register via Bhuvan (ISRO), collected by github.com/answerquest/asi-monuments-xml2csv"
Two Rock cut Temples with Inscriptions,Tamil Nadu,Tirunelveli,,9.073508,77.405599,,,"ASI monument register via Bhuvan (ISRO), collected by github.com/answerquest/asi-monuments-xml2csv"
Valisvara temple,Tamil Nadu,Tirunelveli,Temple,8.739605,77.439793,,,"ASI monument register via Bhuvan (ISRO), collected by github.com/answerquest/asi-monuments-xml2csv"
Remains of fort,Kerala,Kollam,Fort,8.881609,76.568466,,,"ASI monument register via Bhuvan (ISRO), collected by github.com/answerquest/asi-monuments-xml2csv"
Bhagavati temple and Jain bas relief,Tamil Nadu,Kanyakumari,Temple,8.33231,77.238543,,,"ASI monument register via Bhuvan (ISRO), collected by github.com/answerquest/asi-monuments-xml2csv"
Bajramath,Madhya Pradesh,Vidisha,,23.6626,78.111719,,,"ASI monument register via Bhuvan (ISRO), collected by github.com/answerquest/asi-monuments-xml2csv"
Hindola Torana,Madhya Pradesh,Vidisha,,23.666904,78.115796,,,"ASI monument register via Bhuvan (ISRO), collected by github.com/answerquest/asi-monuments-xml2csv"
Maladevi Temple,Madhya Pradesh,Vidisha,Temple,23.658863,78.113668,,,"ASI monument register via Bhuvan (ISRO), collected by github.com/answerquest/asi-monuments-xml2csv"
Bhimgaja,Madhya Pradesh,Vidisha,,23.936457,78.221099,,,"ASI monument register via Bhuvan (ISRO), collected by github.com/answerquest/asi-monuments-xml2csv"
Caves,Madhya Pradesh,Vidisha,,23.925331,78.212019,,,"ASI monument register via Bhuvan (ISRO), collected by github.com/answerquest/asi-monuments-xml2csv"
Caves 1 to 20,Madhya Pradesh,Vidisha,,23.538717,77.772117,,,"ASI monument register via Bhuvan (ISRO), collected by github.com/answerquest/asi-monuments-xml2csv"
Ruins of Gupta temple,Madhya Pradesh,Vidisha,Temple,23.53938,77.771254,,,"ASI monument register via Bhuvan (ISRO), collected by github.com/answerquest/asi-monuments-xml2csv"
Udayeshwar Mahadeva Temple,Madhya Pradesh,Vidisha,Temple,23.900728,78.0572,,,"ASI monument register via Bhuvan (ISRO), collected by github.com/answerquest/asi-monuments-xml2csv"
"Tomb of Shah Numa

Tomb of Shah Numa",Madhya Pradesh,Burhanpur,Monument / Tomb,21.480039,76.279735,,,"ASI monument register via Bhuvan (ISRO), collected by github.com/answerquest/asi-monuments-xml2csv"
"Rajnagar Fort

Rajnagar Fort

Rajnagar Fort",Madhya Pradesh,Damoh,Fort,23.801013,79.476798,,,"ASI monument register via Bhuvan (ISRO), collected by github.com/answerquest/asi-monuments-xml2csv"
Ruined Fort,Madhya Pradesh,,Fort,24.278125,79.654594,,,"ASI monument register via Bhuvan (ISRO), collected by github.com/answerquest/asi-monuments-xml2csv"
Sculptures at Phutera tank,Madhya Pradesh,,,23.847423,79.444202,,,"ASI monument register via Bhuvan (ISRO), collected by github.com/answerquest/asi-monuments-xml2csv"
Tila Monument,Madhya Pradesh,Gwalior,,25.78308,78.240205,,,"ASI monument register via Bhuvan (ISRO), collected by github.com/answerquest/asi-monuments-xml2csv"
Neelkanteshwar,Madhya Pradesh,khargon,,21.822554,75.456084,,,"ASI monument register via Bhuvan (ISRO), collected by github.com/answerquest/asi-monuments-xml2csv"
"Churiwalonki Masjid, outside the  Itwara gate, the Burhanpur city",Madhya Pradesh,Burhanpur,,21.320136,76.238903,,,"ASI monument register via Bhuvan (ISRO), collected by github.com/answerquest/asi-monuments-xml2csv"
Jain Temples 1 to 5,Madhya Pradesh,Ashok Nagar,,24.805552,78.080848,,,"ASI monument register via Bhuvan (ISRO), collected by github.com/answerquest/asi-monuments-xml2csv"
Jain Temple 1 to 5,Madhya Pradesh,Ashoknagar,Temple,24.806815,78.078892,,,"ASI monument register via Bhuvan (ISRO), collected by github.com/answerquest/asi-monuments-xml2csv"
Hanuman Marhi Group of Temples,Madhya Pradesh,Ashok Nagar,,24.658144,77.996504,,,"ASI monument register via Bhuvan (ISRO), collected by github.com/answerquest/asi-monuments-xml2csv"
Gargaj and Mahadev Ghat Group of Temples,Madhya Pradesh,Ashok Nagar,,24.660617,77.990888,,,"ASI monument register via Bhuvan (ISRO), collected by github.com/answerquest/asi-monuments-xml2csv"
Brick Temple (Two),Madhya Pradesh,"Bhind

Bhind",Temple,26.730173,78.591627,,,"ASI monument register via Bhuvan (ISRO), collected by github.com/answerquest/asi-monuments-xml2csv"
Brick Temples (two),Madhya Pradesh,Bhind,,26.729938,78.591221,,,"ASI monument register via Bhuvan (ISRO), collected by github.com/answerquest/asi-monuments-xml2csv"
Open air Museum,Madhya Pradesh,Bhind,,26.730235,78.591613,,,"ASI monument register via Bhuvan (ISRO), collected by github.com/answerquest/asi-monuments-xml2csv"
Temple of Kanora Bari,Madhya Pradesh,Damoh,Temple,24.27523,79.437419,,,"ASI monument register via Bhuvan (ISRO), collected by github.com/answerquest/asi-monuments-xml2csv"
The remains of an old sculptured temple built without mortar and is attributed to Chandels,Madhya Pradesh,Damoh,Temple,24.330261,78.292451,,,"ASI monument register via Bhuvan (ISRO), collected by github.com/answerquest/asi-monuments-xml2csv"
Sakhar Temple,Madhya Pradesh,Damoh,Temple,24.211412,79.716372,,,"ASI monument register via Bhuvan (ISRO), collected by github.com/answerquest/asi-monuments-xml2csv"
Rock inscription of Asoka,Madhya Pradesh,Datia,,25.577099,78.545877,,,"ASI monument register via Bhuvan (ISRO), collected by github.com/answerquest/asi-monuments-xml2csv"
Mahadeva Temple,Madhya Pradesh,Gwalior,Temple,26.029374,78.115037,,,"ASI monument register via Bhuvan (ISRO), collected by github.com/answerquest/asi-monuments-xml2csv"
Gwalior fort :Ganesha gate,Madhya Pradesh,Gwalior,Fort,26.232187,78.171025,,,"ASI monument register via Bhuvan (ISRO), collected by github.com/answerquest/asi-monuments-xml2csv"
Gwalior fort :Gwalior or Alamgir gate,Madhya Pradesh,Gwalior,Fort,26.234026,78.171763,,,"ASI monument register via Bhuvan (ISRO), collected by github.com/answerquest/asi-monuments-xml2csv"
Gwalior fort :Chaturbhuj temple,Madhya Pradesh,Gwalior,Fort,26.230875,78.169933,,,"ASI monument register via Bhuvan (ISRO), collected by github.com/answerquest/asi-monuments-xml2csv"
Gwalior fort :Lakshman gate,Madhya Pradesh,Gwalior,Fort,26.231103,78.169923,,,"ASI monument register via Bhuvan (ISRO), collected by github.com/answerquest/asi-monuments-xml2csv"
Gwalior fort :Mansinghs  Palace,Madhya Pradesh,Gwalior,Fort,26.23012,78.169131,,,"ASI monument register via Bhuvan (ISRO), collected by github.com/answerquest/asi-monuments-xml2csv"
Gwalior fort :Sas Bahu Temple,Madhya Pradesh,Gwalior,Fort,26.223453,78.170417,,,"ASI monument register via Bhuvan (ISRO), collected by github.com/answerquest/asi-monuments-xml2csv"
Gwalior fort :Teli ka Mandir,Madhya Pradesh,Gwalior,Fort,26.220304,78.1657,,,"ASI monument register via Bhuvan (ISRO), collected by github.com/answerquest/asi-monuments-xml2csv"
Gwalior fort :Urwai gate,Madhya Pradesh,Gwalior,Fort,26.222446,78.162134,,,"ASI monument register via Bhuvan (ISRO), collected by github.com/answerquest/asi-monuments-xml2csv"
Gwalior fort :Rock cut  Jain colossi near Ek patthar ki baodi,Madhya Pradesh,Gwalior,Fort,26.214991,78.167246,,,"ASI monument register via Bhuvan (ISRO), collected by github.com/answerquest/asi-monuments-xml2csv"
Gwalior fort :Rock cut  Jain colossi near urwai gate -1,Madhya Pradesh,Gwalior,Fort,26.223807,78.164275,,,"ASI monument register via Bhuvan (ISRO), collected by github.com/answerquest/asi-monuments-xml2csv"
Gwalior fort :Rock cut  Jain colossi near urwai gate -2,Madhya Pradesh,Gwalior,Fort,26.223479,78.165668,,,"ASI monument register via Bhuvan (ISRO), collected by github.com/answerquest/asi-monuments-xml2csv"
Large effigy of Vishnu Varaha,Madhya Pradesh,Jabalpur,Temple,23.284538,79.998085,,,"ASI monument register via Bhuvan (ISRO), collected by github.com/answerquest/asi-monuments-xml2csv"
Tortoise and fish locally known as Kachha and Machha,Madhya Pradesh,Katni,,24.053985,80.706933,,,"ASI monument register via Bhuvan (ISRO), collected by github.com/answerquest/asi-monuments-xml2csv"
Temple of Somnath and ruins of several temples,Madhya Pradesh,Katni,Temple,23.918545,80.018662,,,"ASI monument register via Bhuvan (ISRO), collected by github.com/answerquest/asi-monuments-xml2csv"
"Rock edict of Ashoka, Rupnath",Madhya Pradesh,Katni,,23.640971,80.032093,,,"ASI monument register via Bhuvan (ISRO), collected by github.com/answerquest/asi-monuments-xml2csv"
Ruined temple near the sources of the Kiyan river,Madhya Pradesh,Katni,Temple,23.933931,80.254143,,,"ASI monument register via Bhuvan (ISRO), collected by github.com/answerquest/asi-monuments-xml2csv"
Afew miles of Bijaerahogarh where some good carving has been dup where a buried city is believed to exist.,Madhya Pradesh,Katni,,24.004086,80.5641,,,"ASI monument register via Bhuvan (ISRO), collected by github.com/answerquest/asi-monuments-xml2csv"
Ancient Mound,Madhya Pradesh,Katni,,23.630453,80.038394,,,"ASI monument register via Bhuvan (ISRO), collected by github.com/answerquest/asi-monuments-xml2csv"
Ladaki-ka-Tila,Madhya Pradesh,Katni,,23.802224,80.272912,,,"ASI monument register via Bhuvan (ISRO), collected by github.com/answerquest/asi-monuments-xml2csv"
"Old mosque , Idgah well, gateway of the fort and Nagina Mahal",Madhya Pradesh,Sagar,Fort,24.206228,78.36491,,,"ASI monument register via Bhuvan (ISRO), collected by github.com/answerquest/asi-monuments-xml2csv"
Temple of Ashta,Madhya Pradesh,Seoni,Temple,21.934368,79.814876,,,"ASI monument register via Bhuvan (ISRO), collected by github.com/answerquest/asi-monuments-xml2csv"
Standing jain image of Digambar sect known as Naga baba and the various fragmentary stone images and architectural stone pieces,Madhya Pradesh,Seoni,,22.346513,79.790747,,,"ASI monument register via Bhuvan (ISRO), collected by github.com/answerquest/asi-monuments-xml2csv"
Large Siva Temple,Madhya Pradesh,Shivpuri,Temple,25.033989,77.955962,,,"ASI monument register via Bhuvan (ISRO), collected by github.com/answerquest/asi-monuments-xml2csv"
Small Siva Temple,Madhya Pradesh,Shivpuri,Temple,25.035191,77.958962,,,"ASI monument register via Bhuvan (ISRO), collected by github.com/answerquest/asi-monuments-xml2csv"
Buddhist stupa,Madhya Pradesh,Vidisha,,23.66495,78.098355,,,"ASI monument register via Bhuvan (ISRO), collected by github.com/answerquest/asi-monuments-xml2csv"
Bara Khambi,Madhya Pradesh,Vidisha,,23.898157,78.061023,,,"ASI monument register via Bhuvan (ISRO), collected by github.com/answerquest/asi-monuments-xml2csv"
Temple and Monastery,Madhya Pradesh,Sidhi,Temple,24.290565,81.465307,,,"ASI monument register via Bhuvan (ISRO), collected by github.com/answerquest/asi-monuments-xml2csv"
Monastery,Madhya Pradesh,Shivpuri,,25.044758,77.959004,,,"ASI monument register via Bhuvan (ISRO), collected by github.com/answerquest/asi-monuments-xml2csv"
Toran gate,Madhya Pradesh,Shivpuri,,25.045591,77.949413,,,"ASI monument register via Bhuvan (ISRO), collected by github.com/answerquest/asi-monuments-xml2csv"
Ancient Site,Madhya Pradesh,,,24.086983,78.170244,,,"ASI monument register via Bhuvan (ISRO), collected by github.com/answerquest/asi-monuments-xml2csv"
Temple of  Mahadeo  or mata,Madhya Pradesh,Sagar,Temple,24.34123,78.268609,,,"ASI monument register via Bhuvan (ISRO), collected by github.com/answerquest/asi-monuments-xml2csv"
All structures in or connection with the Mahal (fort) of the Dangi rulers,Madhya Pradesh,Sagar,Fort,23.91409,78.717704,,,"ASI monument register via Bhuvan (ISRO), collected by github.com/answerquest/asi-monuments-xml2csv"
Matha at Raneh,Madhya Pradesh,Damoh,,24.134751,79.72019,,,"ASI monument register via Bhuvan (ISRO), collected by github.com/answerquest/asi-monuments-xml2csv"
Bakresvara Temple,Odisha,Khurda,Temple,20.25,85.833333,,,"ASI monument register via Bhuvan (ISRO), collected by github.com/answerquest/asi-monuments-xml2csv"
Boital or Vaital Deul,Odisha,Khurda,,20.25,85.833333,,,"ASI monument register via Bhuvan (ISRO), collected by github.com/answerquest/asi-monuments-xml2csv"
Chitrakarini Temple,Odisha,Khurda,Temple,20.25,85.833333,,,"ASI monument register via Bhuvan (ISRO), collected by github.com/answerquest/asi-monuments-xml2csv"
Jambesvara Temple,Odisha,Khurda,Temple,20.25,85.833333,,,"ASI monument register via Bhuvan (ISRO), collected by github.com/answerquest/asi-monuments-xml2csv"
Lord Lingaraja Temple,Odisha,Khurda,Temple,20.25,85.833333,,,"ASI monument register via Bhuvan (ISRO), collected by github.com/answerquest/asi-monuments-xml2csv"
Mitresvara Temple,Odisha,Khurda,Temple,20.25,85.833333,,,"ASI monument register via Bhuvan (ISRO), collected by github.com/answerquest/asi-monuments-xml2csv"
Makaresvara Temple with its Minor Shrines,Odisha,Khurda,Temple,20.25,85.833333,,,"ASI monument register via Bhuvan (ISRO), collected by github.com/answerquest/asi-monuments-xml2csv"
Markandesvara Temple  Bhubaneswar,Odisha,Khurda,Temple,20.25,85.833333,,,"ASI monument register via Bhuvan (ISRO), collected by github.com/answerquest/asi-monuments-xml2csv"
Muktesvara Temple with its Minor Shrines,Odisha,Khurda,Temple,20.25,85.833333,,,"ASI monument register via Bhuvan (ISRO), collected by github.com/answerquest/asi-monuments-xml2csv"
Bhubaneswar  Dist.: Khurda,Odisha,Khurda,,20.25,85.833333,,,"ASI monument register via Bhuvan (ISRO), collected by github.com/answerquest/asi-monuments-xml2csv"
Paramaguru Temple,Odisha,Khurda,Temple,20.25,85.833333,,,"ASI monument register via Bhuvan (ISRO), collected by github.com/answerquest/asi-monuments-xml2csv"
Siddhesvara Temple,Odisha,Khurda,Temple,20.25,85.833333,,,"ASI monument register via Bhuvan (ISRO), collected by github.com/answerquest/asi-monuments-xml2csv"
Papanasini Tank,Odisha,Khurda,,20.25,85.833333,,,"ASI monument register via Bhuvan (ISRO), collected by github.com/answerquest/asi-monuments-xml2csv"
Sahasralinga Tank,Odisha,Khurda,,20.25,85.833333,,,"ASI monument register via Bhuvan (ISRO), collected by github.com/answerquest/asi-monuments-xml2csv"
Sari Deul,Odisha,Khurda,,20.25,85.833333,,,"ASI monument register via Bhuvan (ISRO), collected by github.com/answerquest/asi-monuments-xml2csv"
Sisiresvara Temple,Odisha,Khurda,Temple,20.25,85.833333,,,"ASI monument register via Bhuvan (ISRO), collected by github.com/answerquest/asi-monuments-xml2csv"
Rock-edicts of Asoka & Sculpture of Elephant,Odisha,Khurda,,20.183333,85.85,,,"ASI monument register via Bhuvan (ISRO), collected by github.com/answerquest/asi-monuments-xml2csv"
Small Rock-cut Cell with a Niche & an Inscription,Odisha,Khurda,,20.183333,85.85,,,"ASI monument register via Bhuvan (ISRO), collected by github.com/answerquest/asi-monuments-xml2csv"
Chausathi Yogini Temple Known as Mahamaya Temple,Odisha,Khurda,Temple,20.166667,85.966667,,,"ASI monument register via Bhuvan (ISRO), collected by github.com/answerquest/asi-monuments-xml2csv"
Udayagiri & Khandagiri Caves,Odisha,Khurda,,20.266667,85.783333,,,"ASI monument register via Bhuvan (ISRO), collected by github.com/answerquest/asi-monuments-xml2csv"
Ancient Remains Inside and Outside the Ramparts,Odisha,Khurda,,20.233333,85.866667,,,"ASI monument register via Bhuvan (ISRO), collected by github.com/answerquest/asi-monuments-xml2csv"
Daksha Prajapati Temple,Odisha,Khurda,Temple,19.75,85.166667,,,"ASI monument register via Bhuvan (ISRO), collected by github.com/answerquest/asi-monuments-xml2csv"
Rajarani Temple,Odisha,Khurda,Temple,20.25,85.833333,,,"ASI monument register via Bhuvan (ISRO), collected by github.com/answerquest/asi-monuments-xml2csv"
Prehistoric Site,Odisha,Mayurbhanj,,21.783333,86.683333,,,"ASI monument register via Bhuvan (ISRO), collected by github.com/answerquest/asi-monuments-xml2csv"
Prehistoric Site,Odisha,Mayurbhanj,,22.0,86.7,,,"ASI monument register via Bhuvan (ISRO), collected by github.com/answerquest/asi-monuments-xml2csv"
Prehistoric Site,Odisha,Mayurbhanj,,22.066667,86.65,,,"ASI monument register via Bhuvan (ISRO), collected by github.com/answerquest/asi-monuments-xml2csv"
Ruins of Ancient Fort,Odisha,Mayurbhanj,Fort,21.75,86.783333,,,"ASI monument register via Bhuvan (ISRO), collected by github.com/answerquest/asi-monuments-xml2csv"
Jagannatha Temple,Odisha,Puri,Temple,19.8,85.833333,,,"ASI monument register via Bhuvan (ISRO), collected by github.com/answerquest/asi-monuments-xml2csv"
Atharnulla Bridge,Odisha,Puri,,19.8,85.833333,,,"ASI monument register via Bhuvan (ISRO), collected by github.com/answerquest/asi-monuments-xml2csv"
Varahi Temple,Odisha,Puri,Temple,20.066667,86.1,,,"ASI monument register via Bhuvan (ISRO), collected by github.com/answerquest/asi-monuments-xml2csv"
Ancient Monuments of the Black Pagoda,Odisha,Puri,,19.883333,86.1,,,"ASI monument register via Bhuvan (ISRO), collected by github.com/answerquest/asi-monuments-xml2csv"
Anantesvara Mahadev Temple,Odisha,Cuttack,Temple,20.433333,86.15,,,"ASI monument register via Bhuvan (ISRO), collected by github.com/answerquest/asi-monuments-xml2csv"
Kapilesvara Mahadeva Temple,Odisha,Cuttack,Temple,20.902674,85.629082,,,"ASI monument register via Bhuvan (ISRO), collected by github.com/answerquest/asi-monuments-xml2csv"
Annakotesvara temple,Odisha,Dhenkanal,Temple,20.809282,85.658661,,,"ASI monument register via Bhuvan (ISRO), collected by github.com/answerquest/asi-monuments-xml2csv"
Chandrasekhara Temple and group of Monuments & Ancient Steps,Odisha,Dhenkanal,Temple,20.682119,85.762909,,,"ASI monument register via Bhuvan (ISRO), collected by github.com/answerquest/asi-monuments-xml2csv"
Bhringesvara Mahadeva Temple,Odisha,Angul,Temple,21.214521,85.043671,,,"ASI monument register via Bhuvan (ISRO), collected by github.com/answerquest/asi-monuments-xml2csv"
Ananta Sayi Vishnu,Odisha,Dhenkanal,Temple,20.928873,85.247368,,,"ASI monument register via Bhuvan (ISRO), collected by github.com/answerquest/asi-monuments-xml2csv"
Kanakesvara Mahadeva Temple and Group of Temples,Odisha,Dhenkanal,Temple,20.948565,85.297943,,,"ASI monument register via Bhuvan (ISRO), collected by github.com/answerquest/asi-monuments-xml2csv"
Ancient site at Baneswaranasi,Odisha,Cuttack,,20.394981,85.142143,,,"ASI monument register via Bhuvan (ISRO), collected by github.com/answerquest/asi-monuments-xml2csv"
Simhanatha Mahadeva temple,Odisha,Cuttack,Temple,20.370783,85.378433,,,"ASI monument register via Bhuvan (ISRO), collected by github.com/answerquest/asi-monuments-xml2csv"
Durga Temple,Odisha,Cuttack,Temple,20.356531,85.394264,,,"ASI monument register via Bhuvan (ISRO), collected by github.com/answerquest/asi-monuments-xml2csv"
Mahimamani Deva temple,Odisha,Cuttack,Temple,20.352585,85.518814,,,"ASI monument register via Bhuvan (ISRO), collected by github.com/answerquest/asi-monuments-xml2csv"
"Ancient monuments of Barabati Fortress and the ruins & remains of  all ancient edifices, gateways etc.",Odisha,Cuttack,,20.484783,85.864365,,,"ASI monument register via Bhuvan (ISRO), collected by github.com/answerquest/asi-monuments-xml2csv"
Churangarh Fort locally known as Sarangarh,Odisha,"Cuttack 
&
Khurda",Fort,20.420906,85.811157,,,"ASI monument register via Bhuvan (ISRO), collected by github.com/answerquest/asi-monuments-xml2csv"
Ramesvara temple,Odisha,Khurda,Temple,20.253607,85.835297,,,"ASI monument register via Bhuvan (ISRO), collected by github.com/answerquest/asi-monuments-xml2csv"
Nabakesvara temple,Odisha,Khurda,Temple,20.245882,85.838928,,,"ASI monument register via Bhuvan (ISRO), collected by github.com/answerquest/asi-monuments-xml2csv"
Parasuramesvara temple,Odisha,Khurda,Temple,20.243011,85.839516,,,"ASI monument register via Bhuvan (ISRO), collected by github.com/answerquest/asi-monuments-xml2csv"
Siddhesvara temple,Odisha,Khurda,Temple,20.2428,85.840218,,,"ASI monument register via Bhuvan (ISRO), collected by github.com/answerquest/asi-monuments-xml2csv"
Muktesvara temple with its minor shrines but excluding the Marichi Kunda,Odisha,Khurda,Temple,20.24263,85.840614,,,"ASI monument register via Bhuvan (ISRO), collected by github.com/answerquest/asi-monuments-xml2csv"
Rajarani temple,Odisha,Khurda,Temple,20.243975,85.843613,,,"ASI monument register via Bhuvan (ISRO), collected by github.com/answerquest/asi-monuments-xml2csv"
Param Guru temple,Odisha,Khurda,Temple,20.242613,85.832405,,,"ASI monument register via Bhuvan (ISRO), collected by github.com/answerquest/asi-monuments-xml2csv"
Vaital Deul,Odisha,Khurda,,20.242428,85.832382,,,"ASI monument register via Bhuvan (ISRO), collected by github.com/answerquest/asi-monuments-xml2csv"
Markandesvara temple,Odisha,Khurda,Temple,20.241011,85.833611,,,"ASI monument register via Bhuvan (ISRO), collected by github.com/answerquest/asi-monuments-xml2csv"
Ananta Basudeva temple,Odisha,Khurda,Temple,20.240604,85.835762,,,"ASI monument register via Bhuvan (ISRO), collected by github.com/answerquest/asi-monuments-xml2csv"
Bakresvara temple,Odisha,Khurda,Temple,20.240677,85.831497,,,"ASI monument register via Bhuvan (ISRO), collected by github.com/answerquest/asi-monuments-xml2csv"
Jambesvara temple,Odisha,Khurda,Temple,20.240349,85.831512,,,"ASI monument register via Bhuvan (ISRO), collected by github.com/answerquest/asi-monuments-xml2csv"
Makaresvara temple,Odisha,Khurda,Temple,20.239832,85.832527,,,"ASI monument register via Bhuvan (ISRO), collected by github.com/answerquest/asi-monuments-xml2csv"
Mitresvara temple with all minor temples in the compound,Odisha,Khurda,Temple,20.239779,85.832909,,,"ASI monument register via Bhuvan (ISRO), collected by github.com/answerquest/asi-monuments-xml2csv"
Papanasini tank,Odisha,Khurda,,20.239477,85.832932,,,"ASI monument register via Bhuvan (ISRO), collected by github.com/answerquest/asi-monuments-xml2csv"
Chitrakarini temple,Odisha,Khurda,Temple,20.239365,85.833435,,,"ASI monument register via Bhuvan (ISRO), collected by github.com/answerquest/asi-monuments-xml2csv"
Sari temple No.1,Odisha,Khurda,Temple,20.239836,85.834343,,,"ASI monument register via Bhuvan (ISRO), collected by github.com/answerquest/asi-monuments-xml2csv"
Lord Lingaraja temple with all minor temples in the compound,Odisha,Khurda,Temple,20.238407,85.833694,,,"ASI monument register via Bhuvan (ISRO), collected by github.com/answerquest/asi-monuments-xml2csv"
Sahasralinga tank,Odisha,Khurda,,20.238531,85.835236,,,"ASI monument register via Bhuvan (ISRO), collected by github.com/answerquest/asi-monuments-xml2csv"
Ancient remains inside and outside the  ramparts,Odisha,Khurda,,20.226395,85.851814,,,"ASI monument register via Bhuvan (ISRO), collected by github.com/answerquest/asi-monuments-xml2csv"
Chausathi Yogini temple known as Mahamaya temple,Odisha,Khurda,Temple,20.224882,85.878647,,,"ASI monument register via Bhuvan (ISRO), collected by github.com/answerquest/asi-monuments-xml2csv"
Asokan rock edict and sculpture of elephant,Odisha,Khurda,,20.191429,85.839645,,,"ASI monument register via Bhuvan (ISRO), collected by github.com/answerquest/asi-monuments-xml2csv"
Asokan rock edict and sculpture of elephant,Odisha,Khurda,,20.189409,85.84185,,,"ASI monument register via Bhuvan (ISRO), collected by github.com/answerquest/asi-monuments-xml2csv"
Bhubanesvara Mahadeva temple,Odisha,Ganjam,Temple,20.313211,86.074394,,,"ASI monument register via Bhuvan (ISRO), collected by github.com/answerquest/asi-monuments-xml2csv"
Udayagiri  and Khandagiri Caves,Odisha,Khurda,,20.261814,85.783195,,,"ASI monument register via Bhuvan (ISRO), collected by github.com/answerquest/asi-monuments-xml2csv"
Udayagiri  and Khandagiri Caves,Odisha,Khurda,,20.26351,85.787781,,,"ASI monument register via Bhuvan (ISRO), collected by github.com/answerquest/asi-monuments-xml2csv"
Varahi temple,Odisha,Puri,Temple,20.058292,86.118423,,,"ASI monument register via Bhuvan (ISRO), collected by github.com/answerquest/asi-monuments-xml2csv"
"(Sun temple) Ancient monuments of the Black Pagoda and the ruins and remains of all ancient edifies, images, structures, basements, pillars, carvings, walls, gateways etc.",Odisha,Puri,Temple,19.887939,86.094894,,,"ASI monument register via Bhuvan (ISRO), collected by github.com/answerquest/asi-monuments-xml2csv"
Bridge of eighteen openings over the Madhupur stream known as Atharnulla Bridge,Odisha,Puri,,19.819786,85.831711,,,"ASI monument register via Bhuvan (ISRO), collected by github.com/answerquest/asi-monuments-xml2csv"
Jagannatha temple,Odisha,Mayurbhanj,Temple,19.804876,85.818001,,,"ASI monument register via Bhuvan (ISRO), collected by github.com/answerquest/asi-monuments-xml2csv"
Daksha Prajapati temple,Odisha,Khurda,Temple,19.779142,85.170441,,,"ASI monument register via Bhuvan (ISRO), collected by github.com/answerquest/asi-monuments-xml2csv"
Asokan Rock-edict,Odisha,Ganjam,,19.522234,84.830849,,,"ASI monument register via Bhuvan (ISRO), collected by github.com/answerquest/asi-monuments-xml2csv"
Ancient Site Asurgarh fort,Odisha,Jharsuguda,Fort,20.081766,83.35228,,,"ASI monument register via Bhuvan (ISRO), collected by github.com/answerquest/asi-monuments-xml2csv"
"Hill containing many valuable sculptures, images and inscriptions etc.",Odisha,Jajpur,,20.643965,86.269295,,,"ASI monument register via Bhuvan (ISRO), collected by github.com/answerquest/asi-monuments-xml2csv"
Dharma Mahakal temple,Odisha,Jajpur,Temple,20.642572,86.336617,,,"ASI monument register via Bhuvan (ISRO), collected by github.com/answerquest/asi-monuments-xml2csv"
Ruins of ancient Fort,Odisha,Mayurbhanj,Fort,21.804842,86.715401,,,"ASI monument register via Bhuvan (ISRO), collected by github.com/answerquest/asi-monuments-xml2csv"
Temples of Nila-Madhava  and Siddhesvara,Odisha,Boudh,,20.875322,84.20507,,,"ASI monument register via Bhuvan (ISRO), collected by github.com/answerquest/asi-monuments-xml2csv"
Chausathi Yogini Temple together with three minor Shrines,Odisha,Balangir,Temple,20.28294,82.964035,,,"ASI monument register via Bhuvan (ISRO), collected by github.com/answerquest/asi-monuments-xml2csv"
Ancient Buddhist site,Odisha,Jajpur,,20.718626,86.190689,,,"ASI monument register via Bhuvan (ISRO), collected by github.com/answerquest/asi-monuments-xml2csv"
Ruins of Buddhist Temples & Images,Odisha,Cuttack,,20.589754,86.251404,,,"ASI monument register via Bhuvan (ISRO), collected by github.com/answerquest/asi-monuments-xml2csv"
Pancha Pandava Temple,Odisha,Cuttack,Temple,20.582853,86.072746,,,"ASI monument register via Bhuvan (ISRO), collected by github.com/answerquest/asi-monuments-xml2csv"
Bhaskaresvara temple,Odisha,Keonjhar,Temple,20.244576,85.852959,,,"ASI monument register via Bhuvan (ISRO), collected by github.com/answerquest/asi-monuments-xml2csv"
Maghesvara temple with its minor shrine,Odisha,Khurda,Temple,20.243465,85.8563,,,"ASI monument register via Bhuvan (ISRO), collected by github.com/answerquest/asi-monuments-xml2csv"
Varahanatha temple,Odisha,Jajpur,Temple,20.858374,86.335556,,,"ASI monument register via Bhuvan (ISRO), collected by github.com/answerquest/asi-monuments-xml2csv"
Monolith called Chandeswar pillar,Odisha,Jajpur,,20.838808,86.338074,,,"ASI monument register via Bhuvan (ISRO), collected by github.com/answerquest/asi-monuments-xml2csv"
"Jagannatha temple including Muktesvara Snana Bedi, Bhogasala and compound wall",Odisha,Jajpur,Temple,20.855324,86.336235,,,"ASI monument register via Bhuvan (ISRO), collected by github.com/answerquest/asi-monuments-xml2csv"
Hill containing many valuable sculptures and images,Odisha,Jajpur,,20.852554,86.328644,,,"ASI monument register via Bhuvan (ISRO), collected by github.com/answerquest/asi-monuments-xml2csv"
Maharatta Bridge locally known as Atharnulla and also known as Tentulimala Bridge,Odisha,Jajpur,,20.837854,86.336365,,,"ASI monument register via Bhuvan (ISRO), collected by github.com/answerquest/asi-monuments-xml2csv"
Trilochanesvara temple,Odisha,Jajpur,Temple,20.828993,86.33976,,,"ASI monument register via Bhuvan (ISRO), collected by github.com/answerquest/asi-monuments-xml2csv"
Brahmesvara temple,Odisha,Khurda,Temple,20.23955,85.851715,,,"ASI monument register via Bhuvan (ISRO), collected by github.com/answerquest/asi-monuments-xml2csv"
"Paschima Somanatha, Bhubanesvara and Kapilesvara temples",Odisha,Boudh,,20.844315,84.316025,,,"ASI monument register via Bhuvan (ISRO), collected by github.com/answerquest/asi-monuments-xml2csv"
Dharma Mahakal temple,Odisha,Jajpur,Temple,20.641058,86.334724,,,"ASI monument register via Bhuvan (ISRO), collected by github.com/answerquest/asi-monuments-xml2csv"
Bhima temple,Odisha,Dhenkanal,Temple,18.967175,84.36544,,,"ASI monument register via Bhuvan (ISRO), collected by github.com/answerquest/asi-monuments-xml2csv"
Kunti temple,Odisha,Gajapati,Temple,18.967178,84.3655,,,"ASI monument register via Bhuvan (ISRO), collected by github.com/answerquest/asi-monuments-xml2csv"
Jagadisvaraswamy temple,Odisha,Ganjam,Temple,19.820222,84.823453,,,"ASI monument register via Bhuvan (ISRO), collected by github.com/answerquest/asi-monuments-xml2csv"
"Three colossal Matrika images (Chamunda, Indrani, Varahi)",Odisha,Jagatsinghpur,,20.313289,86.074394,,,"ASI monument register via Bhuvan (ISRO), collected by github.com/answerquest/asi-monuments-xml2csv"
Four Buddhist images,Odisha,Jajpur,,20.852542,86.328614,,,"ASI monument register via Bhuvan (ISRO), collected by github.com/answerquest/asi-monuments-xml2csv"
Rock-Inscription,Odisha,Jajpur,,20.858453,86.335525,,,"ASI monument register via Bhuvan (ISRO), collected by github.com/answerquest/asi-monuments-xml2csv"
Paintings on the rock locally known as Ravana Chhaya and other ancient monuments and remains,Odisha,Kalahandi,,20.081897,83.352197,,,"ASI monument register via Bhuvan (ISRO), collected by github.com/answerquest/asi-monuments-xml2csv"
Sisiresvara temple,Odisha,Khurda,Temple,20.239922,85.834361,,,"ASI monument register via Bhuvan (ISRO), collected by github.com/answerquest/asi-monuments-xml2csv"
Small rock-cut cell with a niche and inscription of Santikaradeva,Odisha,Khurda,,20.189525,85.842622,,,"ASI monument register via Bhuvan (ISRO), collected by github.com/answerquest/asi-monuments-xml2csv"
Prehistoric Site,Odisha,Khurda,,20.243489,85.843481,,,"ASI monument register via Bhuvan (ISRO), collected by github.com/answerquest/asi-monuments-xml2csv"
Buddhist  Caves,Maharashtra,Kolhapur,,16.791014,74.191222,,,"ASI monument register via Bhuvan (ISRO), collected by github.com/answerquest/asi-monuments-xml2csv"
"Panhala Fort i) Ambarkhana   ii) Andra Vav  iii) Dharma kothi,  iv) Naikinicha Sajja v) Teen Darwaj vi) Wagh Darwaja, vii) Tatbandi together with bastions",Maharashtra,Kolhapur,Fort,16.808878,74.109178,,,"ASI monument register via Bhuvan (ISRO), collected by github.com/answerquest/asi-monuments-xml2csv"
Kopeswar Temple,Maharashtra,Kolhapur,Temple,16.615935,74.685444,,,"ASI monument register via Bhuvan (ISRO), collected by github.com/answerquest/asi-monuments-xml2csv"
Akhnoor Fort,Jammu and Kashmir,Jammu,Fort,32.896038,74.740058,,,"ASI monument register via Bhuvan (ISRO), collected by github.com/answerquest/asi-monuments-xml2csv"
Remains of ancient site (Pambaran),Jammu and Kashmir,Jammu,,32.903681,74.763328,,,"ASI monument register via Bhuvan (ISRO), collected by github.com/answerquest/asi-monuments-xml2csv"
Ancient Temple (Hari Hara),Jammu and Kashmir,Kathua,Temple,32.613478,75.603337,,,"ASI monument register via Bhuvan (ISRO), collected by github.com/answerquest/asi-monuments-xml2csv"
Devi Riding on a Lion,Jammu and Kashmir,Kathua,Temple,32.493969,75.803753,,,"ASI monument register via Bhuvan (ISRO), collected by github.com/answerquest/asi-monuments-xml2csv"
Sitala Devi Temple,Jammu and Kashmir,Kathua,Temple,32.4926,75.800956,,,"ASI monument register via Bhuvan (ISRO), collected by github.com/answerquest/asi-monuments-xml2csv"
Vishvara Cave Temple,Jammu and Kashmir,Kathua,Temple,32.493278,75.802367,,,"ASI monument register via Bhuvan (ISRO), collected by github.com/answerquest/asi-monuments-xml2csv"
Trilochan Nath Temple,Jammu and Kashmir,Kathua,Temple,32.496373,75.799462,,,"ASI monument register via Bhuvan (ISRO), collected by github.com/answerquest/asi-monuments-xml2csv"
Devi Bhagwati,Jammu and Kashmir,Udhampur,Temple,32.756344,75.149919,,,"ASI monument register via Bhuvan (ISRO), collected by github.com/answerquest/asi-monuments-xml2csv"
Dera Babour,Jammu and Kashmir,Udhampur,,32.752894,75.150029,,,"ASI monument register via Bhuvan (ISRO), collected by github.com/answerquest/asi-monuments-xml2csv"
Kala Dera I & II,Jammu and Kashmir,Udhampur,,32.753562,75.145632,,,"ASI monument register via Bhuvan (ISRO), collected by github.com/answerquest/asi-monuments-xml2csv"
Ancient Temple Nand Babour,Jammu and Kashmir,Udhampur,Temple,32.75124,75.141707,,,"ASI monument register via Bhuvan (ISRO), collected by github.com/answerquest/asi-monuments-xml2csv"
Group of Temples,Jammu and Kashmir,Udhampur,,32.964734,75.119687,,,"ASI monument register via Bhuvan (ISRO), collected by github.com/answerquest/asi-monuments-xml2csv"
Ancient Fort attributed to Raja Suchet Singh and Samadhi of Queen of Raja Suchet Singh,Jammu and Kashmir,Udhampur,Fort,32.80718,75.314883,,,"ASI monument register via Bhuvan (ISRO), collected by github.com/answerquest/asi-monuments-xml2csv"
Ancient Palaces attributed to Raja Suchet Singh,Jammu and Kashmir,Udhampur,,32.807337,75.314047,,,"ASI monument register via Bhuvan (ISRO), collected by github.com/answerquest/asi-monuments-xml2csv"
"Old Portuguese Churches, Watch Tower and Caves",Maharashtra,Mumbai Suburban,,19.243033,72.852852,,,"ASI monument register via Bhuvan (ISRO), collected by github.com/answerquest/asi-monuments-xml2csv"
Caves,Maharashtra,Mumbai Suburban,,19.245111,72.853225,,,"ASI monument register via Bhuvan (ISRO), collected by github.com/answerquest/asi-monuments-xml2csv"
Jogeswari Caves,Maharashtra,Mumbai Suburban,,19.138842,72.857086,,,"ASI monument register via Bhuvan (ISRO), collected by github.com/answerquest/asi-monuments-xml2csv"
Caves,Maharashtra,Mumbai Suburban,,19.130735,72.873884,,,"ASI monument register via Bhuvan (ISRO), collected by github.com/answerquest/asi-monuments-xml2csv"
The Buddhist Caves,Maharashtra,Mumbai Suburban,,19.206565,72.906319,,,"ASI monument register via Bhuvan (ISRO), collected by github.com/answerquest/asi-monuments-xml2csv"
Monolithic bas relief depicting seven manifestations of Siva locally known as Baradeva.,Maharashtra,Mumbai,,19.000669,72.84736,,,"ASI monument register via Bhuvan (ISRO), collected by github.com/answerquest/asi-monuments-xml2csv"
Whole Hill fort of Sion together with all ancient Portuguese remains of buildings,Maharashtra,Mumbai,Fort,19.046622,72.867659,,,"ASI monument register via Bhuvan (ISRO), collected by github.com/answerquest/asi-monuments-xml2csv"
The Portuguese monastery over the caves and large watch tower on the adjoining hill at Mandapeshwar,Maharashtra,Mumbai Suburban,,19.245101,72.853361,,,"ASI monument register via Bhuvan (ISRO), collected by github.com/answerquest/asi-monuments-xml2csv"
Fort,Maharashtra,Palghar,Fort,19.465606,72.732336,,,"ASI monument register via Bhuvan (ISRO), collected by github.com/answerquest/asi-monuments-xml2csv"
Small Dargah Habshi Gumbaz (near Junnar),Maharashtra,Pune,Monument / Tomb,19.196356,73.897867,,,"ASI monument register via Bhuvan (ISRO), collected by github.com/answerquest/asi-monuments-xml2csv"
Cave Temples & Inscriptions,Maharashtra,Pune,,18.729222,73.481268,,,"ASI monument register via Bhuvan (ISRO), collected by github.com/answerquest/asi-monuments-xml2csv"
Caves and inscription at the Nana Pass,Maharashtra,Pune,,19.292083,73.675102,,,"ASI monument register via Bhuvan (ISRO), collected by github.com/answerquest/asi-monuments-xml2csv"
Fort of Shivner,Maharashtra,Pune,Fort,19.196643,73.859001,,,"ASI monument register via Bhuvan (ISRO), collected by github.com/answerquest/asi-monuments-xml2csv"
Habshi Gumbaz,Maharashtra,Pune,,19.196135,73.898427,,,"ASI monument register via Bhuvan (ISRO), collected by github.com/answerquest/asi-monuments-xml2csv"
Cave Temples & Inscriptions,Maharashtra,Pune,,18.783132,73.470384,,,"ASI monument register via Bhuvan (ISRO), collected by github.com/answerquest/asi-monuments-xml2csv"
Dilawar Khanâs Musjid,Maharashtra,Pune,,18.854839,73.884494,,,"ASI monument register via Bhuvan (ISRO), collected by github.com/answerquest/asi-monuments-xml2csv"
Dilawarkhanâs Tomb,Maharashtra,Pune,Monument / Tomb,18.854911,73.885108,,,"ASI monument register via Bhuvan (ISRO), collected by github.com/answerquest/asi-monuments-xml2csv"
Fort,Maharashtra,Pune,Fort,18.709861,73.476408,,,"ASI monument register via Bhuvan (ISRO), collected by github.com/answerquest/asi-monuments-xml2csv"
Bhuleshwar Mahadeo Temple,Maharashtra,Pune,Temple,18.435982,74.24114,,,"ASI monument register via Bhuvan (ISRO), collected by github.com/answerquest/asi-monuments-xml2csv"
The Cave Temple of Bhamburda (Pataleshwar),Maharashtra,Pune,Temple,18.52695,73.849725,,,"ASI monument register via Bhuvan (ISRO), collected by github.com/answerquest/asi-monuments-xml2csv"
Old citadel known as Shanwar Wada,Maharashtra,Pune,,18.519408,73.855414,,,"ASI monument register via Bhuvan (ISRO), collected by github.com/answerquest/asi-monuments-xml2csv"
Fort,Maharashtra,Pune,Fort,18.830597,73.395039,,,"ASI monument register via Bhuvan (ISRO), collected by github.com/answerquest/asi-monuments-xml2csv"
Fort,Maharashtra,Pune,Fort,18.721733,73.490167,,,"ASI monument register via Bhuvan (ISRO), collected by github.com/answerquest/asi-monuments-xml2csv"
Agakhan Palace Building,Maharashtra,Pune,Palace / Haveli,18.552403,73.901522,,,"ASI monument register via Bhuvan (ISRO), collected by github.com/answerquest/asi-monuments-xml2csv"
"Kolaba Fort Containing -1) The Sarja Kot,  2) The North Causeway 3) The Manik Chawda, 4) The South *",Maharashtra,Raigad,Fort,18.634281,72.864169,,,"ASI monument register via Bhuvan (ISRO), collected by github.com/answerquest/asi-monuments-xml2csv"
"Birwadi Fort on a broken range of varying 1,700 to 900 feet in height.",Maharashtra,Raigad,Fort,18.424461,73.041311,,,"ASI monument register via Bhuvan (ISRO), collected by github.com/answerquest/asi-monuments-xml2csv"
Chandragad,Maharashtra,Raigad,,18.001556,73.619171,,,"ASI monument register via Bhuvan (ISRO), collected by github.com/answerquest/asi-monuments-xml2csv"
Elephanta Caves,Maharashtra,Raigad,,18.963139,72.931433,,,"ASI monument register via Bhuvan (ISRO), collected by github.com/answerquest/asi-monuments-xml2csv"
Ghereagad or Surgad  Fort,Maharashtra,Raigad,Fort,18.454174,73.226357,,,"ASI monument register via Bhuvan (ISRO), collected by github.com/answerquest/asi-monuments-xml2csv"
Buddhist cave,Maharashtra,Raigad,,18.466927,73.297346,,,"ASI monument register via Bhuvan (ISRO), collected by github.com/answerquest/asi-monuments-xml2csv"
An old Fort row in a dilapidated condition. Contains a temple of the God Kangorrmal; two tanks.,Maharashtra,Raigad,Fort,18.051283,73.579066,,,"ASI monument register via Bhuvan (ISRO), collected by github.com/answerquest/asi-monuments-xml2csv"
Caves,Maharashtra,Raigad,,18.071342,73.432261,,,"ASI monument register via Bhuvan (ISRO), collected by github.com/answerquest/asi-monuments-xml2csv"
The Jesuit Monastery,Maharashtra,Raigad,,18.54882,72.927429,,,"ASI monument register via Bhuvan (ISRO), collected by github.com/answerquest/asi-monuments-xml2csv"
Caves situated in Survey No. 86  & No. 49 of the Village of Kol,Maharashtra,Raigad,,18.06654,73.429102,,,"ASI monument register via Bhuvan (ISRO), collected by github.com/answerquest/asi-monuments-xml2csv"
Old Fort,Maharashtra,Raigad,Fort,18.536085,72.9081,,,"ASI monument register via Bhuvan (ISRO), collected by github.com/answerquest/asi-monuments-xml2csv"
Awchitgad,Maharashtra,Raigad,,18.474332,73.118151,,,"ASI monument register via Bhuvan (ISRO), collected by github.com/answerquest/asi-monuments-xml2csv"
Caves,Maharashtra,Raigad,,18.285413,73.073033,,,"ASI monument register via Bhuvan (ISRO), collected by github.com/answerquest/asi-monuments-xml2csv"
Kasa (Kamsa) fort,Maharashtra,Raigad,Fort,18.322064,72.93268,,,"ASI monument register via Bhuvan (ISRO), collected by github.com/answerquest/asi-monuments-xml2csv"
Nagothna Bridge,Maharashtra,Raigad,,18.538817,73.133284,,,"ASI monument register via Bhuvan (ISRO), collected by github.com/answerquest/asi-monuments-xml2csv"
Jijamataâs Samadhi consisting of 4 towers each.,Maharashtra,Raigad,,18.243828,73.414669,,,"ASI monument register via Bhuvan (ISRO), collected by github.com/answerquest/asi-monuments-xml2csv"
Jijamataâs wada comprising four dilapated houses & three wells surrounded by a stone wall.,Maharashtra,Raigad,,18.236627,73.41727,,,"ASI monument register via Bhuvan (ISRO), collected by github.com/answerquest/asi-monuments-xml2csv"
Caves,Maharashtra,Raigad,,18.086732,73.404171,,,"ASI monument register via Bhuvan (ISRO), collected by github.com/answerquest/asi-monuments-xml2csv"
Kotali Fort with  two iron guns and one bronze gun,Maharashtra,Raigad,Fort,18.992096,73.512403,,,"ASI monument register via Bhuvan (ISRO), collected by github.com/answerquest/asi-monuments-xml2csv"
Janjira Fort,Maharashtra,Raigad,Fort,18.299846,72.96469,,,"ASI monument register via Bhuvan (ISRO), collected by github.com/answerquest/asi-monuments-xml2csv"
Tombs  at Khokari Najik Ghumaj (Khokari Ghumai),Maharashtra,Raigad,,18.301681,72.980952,,,"ASI monument register via Bhuvan (ISRO), collected by github.com/answerquest/asi-monuments-xml2csv"
Fort of Raygad,Maharashtra,Raigad,Fort,18.235352,73.445463,,,"ASI monument register via Bhuvan (ISRO), collected by github.com/answerquest/asi-monuments-xml2csv"
Tala Fort,Maharashtra,Raigad,Fort,18.292475,73.135553,,,"ASI monument register via Bhuvan (ISRO), collected by github.com/answerquest/asi-monuments-xml2csv"
Suvarnadurg  Fort,Maharashtra,Ratnagiri,Fort,17.816874,73.084448,,,"ASI monument register via Bhuvan (ISRO), collected by github.com/answerquest/asi-monuments-xml2csv"
Jaygad Fort,Maharashtra,Ratnagiri,Fort,17.302115,73.220903,,,"ASI monument register via Bhuvan (ISRO), collected by github.com/answerquest/asi-monuments-xml2csv"
Muhammad Tughlakâs Mosque,Maharashtra,Sangli,,17.260442,74.715426,,,"ASI monument register via Bhuvan (ISRO), collected by github.com/answerquest/asi-monuments-xml2csv"
Jhabareshwar Mahadeo temple,Maharashtra,Satara,Temple,17.990161,74.430334,,,"ASI monument register via Bhuvan (ISRO), collected by github.com/answerquest/asi-monuments-xml2csv"
Pantaâs  Kot or Got open space,Maharashtra,Satara,,17.292733,74.176617,,,"ASI monument register via Bhuvan (ISRO), collected by github.com/answerquest/asi-monuments-xml2csv"
Buddhist Caves,Maharashtra,Satara,,17.235519,74.152553,,,"ASI monument register via Bhuvan (ISRO), collected by github.com/answerquest/asi-monuments-xml2csv"
Vijayadurg Fort,Maharashtra,Sindhudurg,Fort,16.560967,73.333131,,,"ASI monument register via Bhuvan (ISRO), collected by github.com/answerquest/asi-monuments-xml2csv"
Tomb of Begami,Maharashtra,Sholapur,Monument / Tomb,17.563781,75.569859,,,"ASI monument register via Bhuvan (ISRO), collected by github.com/answerquest/asi-monuments-xml2csv"
Aurangzebâs Fort,Maharashtra,Sholapur,Fort,17.568042,75.561364,,,"ASI monument register via Bhuvan (ISRO), collected by github.com/answerquest/asi-monuments-xml2csv"
Old temple of Shri Sidheshwar (enclosed in a paved court),Maharashtra,Sholapur,Temple,17.564636,75.559269,,,"ASI monument register via Bhuvan (ISRO), collected by github.com/answerquest/asi-monuments-xml2csv"
Covered colonnade (to the south of the well),Maharashtra,Sholapur,,17.870502,75.093202,,,"ASI monument register via Bhuvan (ISRO), collected by github.com/answerquest/asi-monuments-xml2csv"
Hemadpanti temple of  Mahadeo,Maharashtra,Sholapur,Temple,17.870456,75.093086,,,"ASI monument register via Bhuvan (ISRO), collected by github.com/answerquest/asi-monuments-xml2csv"
Hemadpanti  temple of Vithoba,Maharashtra,Sholapur,Temple,17.870362,75.094453,,,"ASI monument register via Bhuvan (ISRO), collected by github.com/answerquest/asi-monuments-xml2csv"
Hemadpanti well,Maharashtra,Sholapur,,17.870591,75.09324,,,"ASI monument register via Bhuvan (ISRO), collected by github.com/answerquest/asi-monuments-xml2csv"
Mahadeo stones,Maharashtra,Sholapur,,17.870772,75.093163,,,"ASI monument register via Bhuvan (ISRO), collected by github.com/answerquest/asi-monuments-xml2csv"
Temple of Devi (Yamai) (to the west of the wall),Maharashtra,Sholapur,Temple,17.870704,75.092998,,,"ASI monument register via Bhuvan (ISRO), collected by github.com/answerquest/asi-monuments-xml2csv"
The gateway and the old Maruti temple with Viragal stones on either side,Maharashtra,Sholapur,Temple,17.790878,75.058992,,,"ASI monument register via Bhuvan (ISRO), collected by github.com/answerquest/asi-monuments-xml2csv"
"Old doubled shrined temple, on the far side of a tank near the last",Maharashtra,Sholapur,Temple,17.792417,75.060493,,,"ASI monument register via Bhuvan (ISRO), collected by github.com/answerquest/asi-monuments-xml2csv"
Old temple and Viragals or sculptured memorial stones by the road side just outside the village,Maharashtra,Sholapur,Temple,17.791379,75.060889,,,"ASI monument register via Bhuvan (ISRO), collected by github.com/answerquest/asi-monuments-xml2csv"
Old temple of Sarkarvada locally known as Parasnath temple.,Maharashtra,Sholapur,Temple,17.790758,75.057283,,,"ASI monument register via Bhuvan (ISRO), collected by github.com/answerquest/asi-monuments-xml2csv"
"The temples of Haranareshwar & Ardhanari-Nateshwar, one Hemadpanti tank (small square kunda) & Viragal stones kept in the compound",Maharashtra,Sholapur,,17.791703,75.053594,,,"ASI monument register via Bhuvan (ISRO), collected by github.com/answerquest/asi-monuments-xml2csv"
Cave Temples & Inscriptions,Maharashtra,Pune,,19.243157,73.888799,,,"ASI monument register via Bhuvan (ISRO), collected by github.com/answerquest/asi-monuments-xml2csv"
Mosque at Dabhol,Maharashtra,Ratnagiri,,17.585419,73.176328,,,"ASI monument register via Bhuvan (ISRO), collected by github.com/answerquest/asi-monuments-xml2csv"
Ghosalegad Fort,Maharashtra,Raigad,Fort,18.364069,73.091156,,,"ASI monument register via Bhuvan (ISRO), collected by github.com/answerquest/asi-monuments-xml2csv"
Vada of dancing girls,Maharashtra,Raigad,,18.578308,72.954722,,,"ASI monument register via Bhuvan (ISRO), collected by github.com/answerquest/asi-monuments-xml2csv"
Church & Convent of the Augustinians,Maharashtra,Raigad,,18.547997,72.926179,,,"ASI monument register via Bhuvan (ISRO), collected by github.com/answerquest/asi-monuments-xml2csv"
Kothi,Maharashtra,Raigad,,18.546714,72.929321,,,"ASI monument register via Bhuvan (ISRO), collected by github.com/answerquest/asi-monuments-xml2csv"
St. Francis Xavierâs Chapel,Maharashtra,Raigad,,18.546012,72.92931,,,"ASI monument register via Bhuvan (ISRO), collected by github.com/answerquest/asi-monuments-xml2csv"
Two Gates-Porta do Mar & Porta da Terra,Maharashtra,Raigad,,18.545369,72.92875,,,"ASI monument register via Bhuvan (ISRO), collected by github.com/answerquest/asi-monuments-xml2csv"
Chouburji- the castle or factory of Cheul,Maharashtra,Raigad,,18.545576,72.928276,,,"ASI monument register via Bhuvan (ISRO), collected by github.com/answerquest/asi-monuments-xml2csv"
The Dominican Church & Convent.,Maharashtra,Raigad,,18.545668,72.925469,,,"ASI monument register via Bhuvan (ISRO), collected by github.com/answerquest/asi-monuments-xml2csv"
Satkhani Buruj â St. Barbaraâs Tower,Maharashtra,Raigad,,18.546644,72.9248,,,"ASI monument register via Bhuvan (ISRO), collected by github.com/answerquest/asi-monuments-xml2csv"
Mahuli Fort,Maharashtra,Thana,Fort,19.48135,73.249272,,,"ASI monument register via Bhuvan (ISRO), collected by github.com/answerquest/asi-monuments-xml2csv"
Cave Temples & Inscriptions,Maharashtra,Pune,,18.721318,73.535059,,,"ASI monument register via Bhuvan (ISRO), collected by github.com/answerquest/asi-monuments-xml2csv"
A mound locally known as Burud Kot,Maharashtra,Palghar,,19.414197,72.795181,,,"ASI monument register via Bhuvan (ISRO), collected by github.com/answerquest/asi-monuments-xml2csv"
Carved stones and temple.,Maharashtra,Palghar,Temple,19.652028,73.14315,,,"ASI monument register via Bhuvan (ISRO), collected by github.com/answerquest/asi-monuments-xml2csv"
Fort and old Portuguese Remains,Maharashtra,Palghar,Fort,19.329875,72.814605,,,"ASI monument register via Bhuvan (ISRO), collected by github.com/answerquest/asi-monuments-xml2csv"
Hirakote old Fort,Maharashtra,Raigad,Fort,18.648336,72.868939,,,"ASI monument register via Bhuvan (ISRO), collected by github.com/answerquest/asi-monuments-xml2csv"
Rock cut Caves (Ganesh Lena group),Maharashtra,Ratnagiri,,17.645511,73.245231,,,"ASI monument register via Bhuvan (ISRO), collected by github.com/answerquest/asi-monuments-xml2csv"
Caves,Maharashtra,Raigad,,19.018772,73.497297,,,"ASI monument register via Bhuvan (ISRO), collected by github.com/answerquest/asi-monuments-xml2csv"
Caves,Maharashtra,Raigad,,18.837664,73.384069,,,"ASI monument register via Bhuvan (ISRO), collected by github.com/answerquest/asi-monuments-xml2csv"
Ancient   Brick Stupa at Elephanta Island,Maharashtra,Raigad,,18.967285,72.93621,,,"ASI monument register via Bhuvan (ISRO), collected by github.com/answerquest/asi-monuments-xml2csv"
The Temple of Ambaranath,Maharashtra,Thana,Temple,19.198618,73.176643,,,"ASI monument register via Bhuvan (ISRO), collected by github.com/answerquest/asi-monuments-xml2csv"
Cathedral,Maharashtra,Raigad,,18.545641,72.929501,,,"ASI monument register via Bhuvan (ISRO), collected by github.com/answerquest/asi-monuments-xml2csv"
Barberâs Mahal,Maharashtra,Raigad,Palace / Haveli,18.557083,72.938757,,,"ASI monument register via Bhuvan (ISRO), collected by github.com/answerquest/asi-monuments-xml2csv"
Dadar (Stair Case),Maharashtra,Raigad,,18.556348,72.938526,,,"ASI monument register via Bhuvan (ISRO), collected by github.com/answerquest/asi-monuments-xml2csv"
Kaman(Arch),Maharashtra,Raigad,,18.554079,72.939411,,,"ASI monument register via Bhuvan (ISRO), collected by github.com/answerquest/asi-monuments-xml2csv"
Mosque,Maharashtra,Raigad,,18.552239,72.939155,,,"ASI monument register via Bhuvan (ISRO), collected by github.com/answerquest/asi-monuments-xml2csv"
Rajkot,Maharashtra,Raigad,,18.55325,72.943677,,,"ASI monument register via Bhuvan (ISRO), collected by github.com/answerquest/asi-monuments-xml2csv"
Tomb of Angre,Maharashtra,Raigad,Monument / Tomb,18.563702,72.927134,,,"ASI monument register via Bhuvan (ISRO), collected by github.com/answerquest/asi-monuments-xml2csv"
Caves  near the Kotali Fort,Maharashtra,Raigad,Fort,18.991168,73.513151,,,"ASI monument register via Bhuvan (ISRO), collected by github.com/answerquest/asi-monuments-xml2csv"
The Old Fort,Maharashtra,Sholapur,Fort,17.674194,75.902117,,,"ASI monument register via Bhuvan (ISRO), collected by github.com/answerquest/asi-monuments-xml2csv"
A precipitous hill near Raigad Fort Contains one rock-cut cistern of water.,Maharashtra,Raigad,Fort,18.251725,73.499282,,,"ASI monument register via Bhuvan (ISRO), collected by github.com/answerquest/asi-monuments-xml2csv"
Songad,Maharashtra,Raigad,,18.3692,73.674974,,,"ASI monument register via Bhuvan (ISRO), collected by github.com/answerquest/asi-monuments-xml2csv"
A mound locally known as âSonar Bhatâ,Maharashtra,Palghar,,19.409004,72.80439,,,"ASI monument register via Bhuvan (ISRO), collected by github.com/answerquest/asi-monuments-xml2csv"
Thanala caves,Maharashtra,Raigad,,18.569474,73.319311,,,"ASI monument register via Bhuvan (ISRO), collected by github.com/answerquest/asi-monuments-xml2csv"
Khadsamla Caves,Maharashtra,Raigad,,18.505988,73.299191,,,"ASI monument register via Bhuvan (ISRO), collected by github.com/answerquest/asi-monuments-xml2csv"
Ancient site at Brahmapuri -,Maharashtra,Kolhapur,,16.706007,74.218324,,,"ASI monument register via Bhuvan (ISRO), collected by github.com/answerquest/asi-monuments-xml2csv"
A tank by the west side of the road from Umrala village to Bolinj,Maharashtra,Palghar,,19.432662,72.796645,,,"ASI monument register via Bhuvan (ISRO), collected by github.com/answerquest/asi-monuments-xml2csv"
Old temple of the  River Krishna facing the Wai Valley.,Maharashtra,Satara,Temple,17.967914,73.863509,,,"ASI monument register via Bhuvan (ISRO), collected by github.com/answerquest/asi-monuments-xml2csv"
Sindudurg,Maharashtra,Sindudurg,,16.041997,73.459859,,,"ASI monument register via Bhuvan (ISRO), collected by github.com/answerquest/asi-monuments-xml2csv"
selarwadi,Maharashtra,pune,,18.692534,73.704045,,,"ASI monument register via Bhuvan (ISRO), collected by github.com/answerquest/asi-monuments-xml2csv"
Airavateswarar temple,Tamil Nadu,Thanjavur,Temple,10.94847,79.356309,,,"ASI monument register via Bhuvan (ISRO), collected by github.com/answerquest/asi-monuments-xml2csv"
Arjuna’s Rath,Tamil Nadu,Kanchipuram,,12.609019,80.189782,,,"ASI monument register via Bhuvan (ISRO), collected by github.com/answerquest/asi-monuments-xml2csv"
Remains of the Fort with the Buildings thereon,Tamil Nadu,Salem,Fort,11.604757,78.600216,,,"ASI monument register via Bhuvan (ISRO), collected by github.com/answerquest/asi-monuments-xml2csv"
Sivan Koil on the western bund of Enadikanmoi,Tamil Nadu,Pudukkottai,Temple,10.265194,78.521695,,,"ASI monument register via Bhuvan (ISRO), collected by github.com/answerquest/asi-monuments-xml2csv"
Vishnu and Sri Devi Idols,Tamil Nadu,Pudukkottai,Temple,10.272486,78.878413,,,"ASI monument register via Bhuvan (ISRO), collected by github.com/answerquest/asi-monuments-xml2csv"
Soundararajaperumal Temple,Tamil Nadu,Pudukkottai,Temple,10.055822,78.981675,,,"ASI monument register via Bhuvan (ISRO), collected by github.com/answerquest/asi-monuments-xml2csv"
Stone idols of Ganesa and Anjaneya,Tamil Nadu,Pudukkottai,,10.055927,78.982078,,,"ASI monument register via Bhuvan (ISRO), collected by github.com/answerquest/asi-monuments-xml2csv"
Siva Temple and the lion pillar,Tamil Nadu,Pudukkottai,Temple,10.058231,78.988011,,,"ASI monument register via Bhuvan (ISRO), collected by github.com/answerquest/asi-monuments-xml2csv"
Balasubramanya Temple,Tamil Nadu,Pudukkottai,Temple,10.259791,78.681306,,,"ASI monument register via Bhuvan (ISRO), collected by github.com/answerquest/asi-monuments-xml2csv"
Jain Tirthankara image seated on a pedestal  to the east of the bund of Periakanmoi,Tamil Nadu,Pudukkottai,,10.297994,78.786938,,,"ASI monument register via Bhuvan (ISRO), collected by github.com/answerquest/asi-monuments-xml2csv"
Sundereswara Temple with seven sub-shrines,Tamil Nadu,Pudukkottai,Temple,10.369866,78.851164,,,"ASI monument register via Bhuvan (ISRO), collected by github.com/answerquest/asi-monuments-xml2csv"
Jain Temple,Tamil Nadu,Tiruvannamalai,Temple,12.556633,79.205931,,,"ASI monument register via Bhuvan (ISRO), collected by github.com/answerquest/asi-monuments-xml2csv"
Prehistoric burial site,Tamil Nadu,Pudukkottai,,10.344748,78.787811,,,"ASI monument register via Bhuvan (ISRO), collected by github.com/answerquest/asi-monuments-xml2csv"
Siva Temple,Tamil Nadu,Pudukkottai,Temple,10.437622,78.716649,,,"ASI monument register via Bhuvan (ISRO), collected by github.com/answerquest/asi-monuments-xml2csv"
Vishnu Temple,Tamil Nadu,Pudukkottai,Temple,10.436444,78.71584,,,"ASI monument register via Bhuvan (ISRO), collected by github.com/answerquest/asi-monuments-xml2csv"
Siva Temple,Tamil Nadu,Pudukkottai,Temple,10.621076,78.710968,,,"ASI monument register via Bhuvan (ISRO), collected by github.com/answerquest/asi-monuments-xml2csv"
Agastiswara Temple,Tamil Nadu,Pudukkottai,Temple,10.456138,78.796836,,,"ASI monument register via Bhuvan (ISRO), collected by github.com/answerquest/asi-monuments-xml2csv"
Rock-cut Siva cave temple and the hall of hundred pillars or car mantapam with wheels in the front part of the plinth,Tamil Nadu,Pudukkottai,Temple,10.582172,78.897544,,,"ASI monument register via Bhuvan (ISRO), collected by github.com/answerquest/asi-monuments-xml2csv"
Rock-cut Siva Temple (Pallava 8th century A.D.),Tamil Nadu,Pudukkottai,Temple,10.654198,78.896686,,,"ASI monument register via Bhuvan (ISRO), collected by github.com/answerquest/asi-monuments-xml2csv"
Megalithic cists and cairns,Tamil Nadu,Kanchipuram,,12.49953,79.837193,,,"ASI monument register via Bhuvan (ISRO), collected by github.com/answerquest/asi-monuments-xml2csv"
Megalithic cists and cairns,Tamil Nadu,Kanchipuram,,12.877309,79.973792,,,"ASI monument register via Bhuvan (ISRO), collected by github.com/answerquest/asi-monuments-xml2csv"
Megalithic cists and cairns,Tamil Nadu,Kanchipuram,,12.62216,79.862262,,,"ASI monument register via Bhuvan (ISRO), collected by github.com/answerquest/asi-monuments-xml2csv"
Megalithic cists and cairns,Tamil Nadu,Kanchipuram,,12.595818,79.896511,,,"ASI monument register via Bhuvan (ISRO), collected by github.com/answerquest/asi-monuments-xml2csv"
Megalithic cists and cairns,Tamil Nadu,Kanchipuram,,12.605788,79.894407,,,"ASI monument register via Bhuvan (ISRO), collected by github.com/answerquest/asi-monuments-xml2csv"
Megalithic cists and cairns,Tamil Nadu,Kanchipuram,,12.574737,80.160798,,,"ASI monument register via Bhuvan (ISRO), collected by github.com/answerquest/asi-monuments-xml2csv"
Megalithic cists and cairns,Tamil Nadu,Kanchipuram,,12.842553,80.144372,,,"ASI monument register via Bhuvan (ISRO), collected by github.com/answerquest/asi-monuments-xml2csv"
Megalithic cists and cairns,Tamil Nadu,Kanchipuram,,12.852654,80.145186,,,"ASI monument register via Bhuvan (ISRO), collected by github.com/answerquest/asi-monuments-xml2csv"
Megalithic cists and cairns,Tamil Nadu,Kanchipuram,,12.596185,79.898851,,,"ASI monument register via Bhuvan (ISRO), collected by github.com/answerquest/asi-monuments-xml2csv"
Megalithic cists and cairns,Tamil Nadu,Kanchipuram,,12.644316,79.959469,,,"ASI monument register via Bhuvan (ISRO), collected by github.com/answerquest/asi-monuments-xml2csv"
Megalithic cists and cairns,Tamil Nadu,Kanchipuram,,12.791091,80.123057,,,"ASI monument register via Bhuvan (ISRO), collected by github.com/answerquest/asi-monuments-xml2csv"
Megalithic cists and cairns,Tamil Nadu,Kanchipuram,,12.793468,80.123717,,,"ASI monument register via Bhuvan (ISRO), collected by github.com/answerquest/asi-monuments-xml2csv"
Megalithic cists and cairns,Tamil Nadu,Kanchipuram,,12.793886,79.867245,,,"ASI monument register via Bhuvan (ISRO), collected by github.com/answerquest/asi-monuments-xml2csv"
Megalithic cists and cairns,Tamil Nadu,Kanchipuram,,12.800865,79.877411,,,"ASI monument register via Bhuvan (ISRO), collected by github.com/answerquest/asi-monuments-xml2csv"
Megalithic cists and cairns,Tamil Nadu,Kanchipuram,,12.78689,79.858345,,,"ASI monument register via Bhuvan (ISRO), collected by github.com/answerquest/asi-monuments-xml2csv"
Megalithic cists and cairns,Tamil Nadu,Kanchipuram,,12.959868,80.178853,,,"ASI monument register via Bhuvan (ISRO), collected by github.com/answerquest/asi-monuments-xml2csv"
Megalithic cists and cairns,Tamil Nadu,Kanchipuram,,12.961702,80.171455,,,"ASI monument register via Bhuvan (ISRO), collected by github.com/answerquest/asi-monuments-xml2csv"
Megalithic cists and cairns,Tamil Nadu,Kanchipuram,,12.629129,79.8802,,,"ASI monument register via Bhuvan (ISRO), collected by github.com/answerquest/asi-monuments-xml2csv"
Megalithic cists and cairns,Tamil Nadu,Kanchipuram,,12.627021,79.876074,,,"ASI monument register via Bhuvan (ISRO), collected by github.com/answerquest/asi-monuments-xml2csv"
Megalithic cists and cairns,Tamil Nadu,Kanchipuram,,12.634518,79.636606,,,"ASI monument register via Bhuvan (ISRO), collected by github.com/answerquest/asi-monuments-xml2csv"
Megalithic cists and cairns,Tamil Nadu,Kanchipuram,,12.674299,80.139123,,,"ASI monument register via Bhuvan (ISRO), collected by github.com/answerquest/asi-monuments-xml2csv"
Megalithic cists and cairns in virgin state.,Tamil Nadu,Kanchipuram,,12.764862,79.95513,,,"ASI monument register via Bhuvan (ISRO), collected by github.com/answerquest/asi-monuments-xml2csv"
Fort,Maharashtra,Chandrapur,Fort,20.107061,79.111225,,,"ASI monument register via Bhuvan (ISRO), collected by github.com/answerquest/asi-monuments-xml2csv"
Patur Caves (Two caves),Maharashtra,Akola,,20.465611,76.933334,,,"ASI monument register via Bhuvan (ISRO), collected by github.com/answerquest/asi-monuments-xml2csv"
Black stone temple of Bhawani,Maharashtra,Akola,Temple,20.576904,77.071755,,,"ASI monument register via Bhuvan (ISRO), collected by github.com/answerquest/asi-monuments-xml2csv"
Dahihanda Gate of the Outer City wall,Maharashtra,Akola,,20.70747,76.991943,,,"ASI monument register via Bhuvan (ISRO), collected by github.com/answerquest/asi-monuments-xml2csv"
Khirki gate in the outer city wall,Maharashtra,Akola,,20.706326,76.990682,,,"ASI monument register via Bhuvan (ISRO), collected by github.com/answerquest/asi-monuments-xml2csv"
"South East bastion of the outer city wall together with 10 years of the adjacent wall on each side, variously known as Panch Burunj Hasrath Yab",Maharashtra,Akola,,20.706255,76.99003,,,"ASI monument register via Bhuvan (ISRO), collected by github.com/answerquest/asi-monuments-xml2csv"
Balapur Fort,Maharashtra,Akola,Fort,20.670256,76.773697,,,"ASI monument register via Bhuvan (ISRO), collected by github.com/answerquest/asi-monuments-xml2csv"
Chhatri near the Dak Bunglow,Maharashtra,Akola,,20.659008,76.779486,,,"ASI monument register via Bhuvan (ISRO), collected by github.com/answerquest/asi-monuments-xml2csv"
Narnala Fort,Maharashtra,Akola,Fort,21.241206,77.027336,,,"ASI monument register via Bhuvan (ISRO), collected by github.com/answerquest/asi-monuments-xml2csv"
Temple of Anandeshwar,Maharashtra,Amravati,Temple,20.864007,77.235009,,,"ASI monument register via Bhuvan (ISRO), collected by github.com/answerquest/asi-monuments-xml2csv"
Lal Khan tomb,Maharashtra,Amravati,Monument / Tomb,21.384813,78.402824,,,"ASI monument register via Bhuvan (ISRO), collected by github.com/answerquest/asi-monuments-xml2csv"
Tank in front of top tomb of Lalkhan,Maharashtra,Amravati,Monument / Tomb,21.384813,78.402946,,,"ASI monument register via Bhuvan (ISRO), collected by github.com/answerquest/asi-monuments-xml2csv"
Gawilgarh Fort (the walls and the whole area contained by them),Maharashtra,Amravati,Fort,21.3748,77.339703,,,"ASI monument register via Bhuvan (ISRO), collected by github.com/answerquest/asi-monuments-xml2csv"
Dula gate,Maharashtra,Amravati,,21.263673,77.511149,,,"ASI monument register via Bhuvan (ISRO), collected by github.com/answerquest/asi-monuments-xml2csv"
Haripura Gate,Maharashtra,Amravati,,21.253032,77.511265,,,"ASI monument register via Bhuvan (ISRO), collected by github.com/answerquest/asi-monuments-xml2csv"
Hauz Katora,Maharashtra,Amravati,,21.244681,77.482574,,,"ASI monument register via Bhuvan (ISRO), collected by github.com/answerquest/asi-monuments-xml2csv"
Jiwanpura Gate,Maharashtra,Amravati,,21.2568,77.517563,,,"ASI monument register via Bhuvan (ISRO), collected by github.com/answerquest/asi-monuments-xml2csv"
Ancient mound on which the modern temple of Jagannath stands,Maharashtra,Bhandara,Temple,20.783485,79.63584,,,"ASI monument register via Bhuvan (ISRO), collected by github.com/answerquest/asi-monuments-xml2csv"
Mounds known as Hardulala -ki-Tekri,Maharashtra,Bhandara,,20.794547,79.623846,,,"ASI monument register via Bhuvan (ISRO), collected by github.com/answerquest/asi-monuments-xml2csv"
Mosque,Maharashtra,Buldhana,,20.205663,76.397948,,,"ASI monument register via Bhuvan (ISRO), collected by github.com/answerquest/asi-monuments-xml2csv"
Mosque,Maharashtra,Buldhana,,20.629747,76.129439,,,"ASI monument register via Bhuvan (ISRO), collected by github.com/answerquest/asi-monuments-xml2csv"
Three old Temples(Temple no 2),Maharashtra,Buldhana,Temple,20.106207,76.223891,,,"ASI monument register via Bhuvan (ISRO), collected by github.com/answerquest/asi-monuments-xml2csv"
Three old Temples(Temple no 3),Maharashtra,Buldhana,Temple,20.109376,76.219419,,,"ASI monument register via Bhuvan (ISRO), collected by github.com/answerquest/asi-monuments-xml2csv"
Three old Temples(Temple no 1),Maharashtra,Buldhana,Temple,20.110252,76.22029,,,"ASI monument register via Bhuvan (ISRO), collected by github.com/answerquest/asi-monuments-xml2csv"
Two old Temples(Temple no 2),Maharashtra,Buldhana,Temple,20.636328,76.265901,,,"ASI monument register via Bhuvan (ISRO), collected by github.com/answerquest/asi-monuments-xml2csv"
Two old Temples(Temple no 1),Maharashtra,Buldhana,Temple,20.638782,76.263801,,,"ASI monument register via Bhuvan (ISRO), collected by github.com/answerquest/asi-monuments-xml2csv"
Gaimukh temple No. 1 of Daitya Sudana,Maharashtra,Buldhana,Temple,19.985857,76.514379,,,"ASI monument register via Bhuvan (ISRO), collected by github.com/answerquest/asi-monuments-xml2csv"
Temple of Daitya Sudana,Maharashtra,Buldhana,Temple,19.983573,76.519787,,,"ASI monument register via Bhuvan (ISRO), collected by github.com/answerquest/asi-monuments-xml2csv"
Temple of Mahadev,Maharashtra,Buldhana,Temple,20.34643,76.171156,,,"ASI monument register via Bhuvan (ISRO), collected by github.com/answerquest/asi-monuments-xml2csv"
"Temple of Vishnu, remains of an old building to the east of that temple and remains of small temple",Maharashtra,Buldhana,Temple,20.398142,76.216382,,,"ASI monument register via Bhuvan (ISRO), collected by github.com/answerquest/asi-monuments-xml2csv"
Temple of Mahadev,Maharashtra,Buldhana,Temple,19.951598,76.12176,,,"ASI monument register via Bhuvan (ISRO), collected by github.com/answerquest/asi-monuments-xml2csv"
Dharmasala locally known as chhatri,Maharashtra,Buldhana,,19.986489,76.516662,,,"ASI monument register via Bhuvan (ISRO), collected by github.com/answerquest/asi-monuments-xml2csv"
Megalithic cists and cairns,Tamil Nadu,Kanchipuram,,12.753983,80.035537,,,"ASI monument register via Bhuvan (ISRO), collected by github.com/answerquest/asi-monuments-xml2csv"
Megalithic cists and cairns,Tamil Nadu,Kanchipuram,,12.565781,79.911955,,,"ASI monument register via Bhuvan (ISRO), collected by github.com/answerquest/asi-monuments-xml2csv"
Dharmasala at the north west corner of the town,Maharashtra,Buldhana,,20.153998,76.565743,,,"ASI monument register via Bhuvan (ISRO), collected by github.com/answerquest/asi-monuments-xml2csv"
Pandavas Caves containing three images,Maharashtra,Chandrapur,,20.097305,79.098022,,,"ASI monument register via Bhuvan (ISRO), collected by github.com/answerquest/asi-monuments-xml2csv"
Lalpeth Monaliths consisting of sixteen colossal stone Images,Maharashtra,Chandrapur,,19.930443,79.305715,,,"ASI monument register via Bhuvan (ISRO), collected by github.com/answerquest/asi-monuments-xml2csv"
Large high knoll to the east of Bhadranath temple with remains of a temple with huge stone-carved blocks and a figure of Ganapati.,Maharashtra,Chandrapur,Temple,20.099992,79.113253,,,"ASI monument register via Bhuvan (ISRO), collected by github.com/answerquest/asi-monuments-xml2csv"
Old temple of Chandikadevi,Maharashtra,Chandrapur,Temple,20.10425,79.116918,,,"ASI monument register via Bhuvan (ISRO), collected by github.com/answerquest/asi-monuments-xml2csv"
Achaleshwar temple and another small temple with an enclosure.,Maharashtra,Chandrapur,Temple,19.945833,79.303278,,,"ASI monument register via Bhuvan (ISRO), collected by github.com/answerquest/asi-monuments-xml2csv"
Mahadev temple close to the Municipal office.,Maharashtra,Chandrapur,Temple,19.945917,79.296806,,,"ASI monument register via Bhuvan (ISRO), collected by github.com/answerquest/asi-monuments-xml2csv"
Temple of Mahakali,Maharashtra,Chandrapur,Temple,19.942583,79.304,,,"ASI monument register via Bhuvan (ISRO), collected by github.com/answerquest/asi-monuments-xml2csv"
Ancient temple,Maharashtra,Chandrapur,Temple,20.607747,79.737042,,,"ASI monument register via Bhuvan (ISRO), collected by github.com/answerquest/asi-monuments-xml2csv"
Temple of Mahadev,Maharashtra,Chandrapur,Temple,20.411731,79.488833,,,"ASI monument register via Bhuvan (ISRO), collected by github.com/answerquest/asi-monuments-xml2csv"
Old temple of Mahadev,Maharashtra,Chandrapur,Temple,20.040795,79.740318,,,"ASI monument register via Bhuvan (ISRO), collected by github.com/answerquest/asi-monuments-xml2csv"
Old Temple,Maharashtra,Gadchiroli,Temple,20.463301,79.981196,,,"ASI monument register via Bhuvan (ISRO), collected by github.com/answerquest/asi-monuments-xml2csv"
Group of twenty Cromlechs or Kistvaens,Maharashtra,Gadchiroli,,19.955221,79.884612,,,"ASI monument register via Bhuvan (ISRO), collected by github.com/answerquest/asi-monuments-xml2csv"
Fort wall,Maharashtra,Gadchiroli,Fort,20.432564,80.092083,,,"ASI monument register via Bhuvan (ISRO), collected by github.com/answerquest/asi-monuments-xml2csv"
Remains of the temple to the north-west of the village,Maharashtra,Gondia,Temple,21.355773,80.397414,,,"ASI monument register via Bhuvan (ISRO), collected by github.com/answerquest/asi-monuments-xml2csv"
Fort - Dongartal,Maharashtra,Nagpur,Fort,21.604113,79.348868,,,"ASI monument register via Bhuvan (ISRO), collected by github.com/answerquest/asi-monuments-xml2csv"
The old remains of two temples outside Padampur to the north and the other immediately to the south of Ganeshpur.,Maharashtra,Gondia,,21.356825,80.393106,,,"ASI monument register via Bhuvan (ISRO), collected by github.com/answerquest/asi-monuments-xml2csv"
Fort,Maharashtra,Gondia,Fort,20.823619,80.087056,,,"ASI monument register via Bhuvan (ISRO), collected by github.com/answerquest/asi-monuments-xml2csv"
Temple  of Mahadev,Maharashtra,Nagpur,Temple,21.2968,78.404901,,,"ASI monument register via Bhuvan (ISRO), collected by github.com/answerquest/asi-monuments-xml2csv"
Old shrines on Ramtek hill having Trivikram Avatara of Vishnu.,Maharashtra,Nagpur,Temple,21.398994,79.336117,,,"ASI monument register via Bhuvan (ISRO), collected by github.com/answerquest/asi-monuments-xml2csv"
Stone Circle,Maharashtra,Nagpur,,21.250014,78.883292,,,"ASI monument register via Bhuvan (ISRO), collected by github.com/answerquest/asi-monuments-xml2csv"
Mahadev Temple,Maharashtra,Yavatmal,Temple,20.239947,78.315287,,,"ASI monument register via Bhuvan (ISRO), collected by github.com/answerquest/asi-monuments-xml2csv"
Hemadpanthi temple of Mahadev,Maharashtra,Yavatmal,Temple,20.488374,77.866552,,,"ASI monument register via Bhuvan (ISRO), collected by github.com/answerquest/asi-monuments-xml2csv"
City Wall of Nawab ismail khan,Maharashtra,,,21.266485,77.509557,,,"ASI monument register via Bhuvan (ISRO), collected by github.com/answerquest/asi-monuments-xml2csv"
Enclosure and buildings of the Gond Raja's tomb just outside the Achaleshwar Gate of the city,Maharashtra,Chandrapur,Monument / Tomb,19.946343,79.303556,,,"ASI monument register via Bhuvan (ISRO), collected by github.com/answerquest/asi-monuments-xml2csv"
Temple of Keshavnath,Maharashtra,Chandrapur,Temple,19.996205,79.751774,,,"ASI monument register via Bhuvan (ISRO), collected by github.com/answerquest/asi-monuments-xml2csv"
"Hemadpanti temple containing Images of Dattatraya, Mahadev and Laxminarayan.",Maharashtra,Chandrapur,Temple,19.91223,79.17903,,,"ASI monument register via Bhuvan (ISRO), collected by github.com/answerquest/asi-monuments-xml2csv"
Temple of Mahadev,Maharashtra,Chandrapur,Temple,20.468055,79.444686,,,"ASI monument register via Bhuvan (ISRO), collected by github.com/answerquest/asi-monuments-xml2csv"
Ramdigi temple and Ramdigi pool,Maharashtra,Chandrapur,Temple,20.428481,79.247668,,,"ASI monument register via Bhuvan (ISRO), collected by github.com/answerquest/asi-monuments-xml2csv"
Old Hemadpanti temple,Maharashtra,Chandrapur,Temple,20.26139,79.874671,,,"ASI monument register via Bhuvan (ISRO), collected by github.com/answerquest/asi-monuments-xml2csv"
Fort wall,Maharashtra,Chandrapur,Fort,19.851079,79.341228,,,"ASI monument register via Bhuvan (ISRO), collected by github.com/answerquest/asi-monuments-xml2csv"
Old Bridge,Maharashtra,Chandrapur,,20.104586,79.120876,,,"ASI monument register via Bhuvan (ISRO), collected by github.com/answerquest/asi-monuments-xml2csv"
Remains of an old Fort,Maharashtra,Chandrapur,Fort,20.27864,79.336136,,,"ASI monument register via Bhuvan (ISRO), collected by github.com/answerquest/asi-monuments-xml2csv"
Fortress of Tipagarh,Maharashtra,Gadchiroli,,20.489833,80.528931,,,"ASI monument register via Bhuvan (ISRO), collected by github.com/answerquest/asi-monuments-xml2csv"
Rock Caves,Maharashtra,Gadchiroli,,20.073174,80.504149,,,"ASI monument register via Bhuvan (ISRO), collected by github.com/answerquest/asi-monuments-xml2csv"
Stone Circle,Maharashtra,Gadchiroli,,20.482333,79.963761,,,"ASI monument register via Bhuvan (ISRO), collected by github.com/answerquest/asi-monuments-xml2csv"
Temple of Bhandareshwar,Maharashtra,Gadchiroli,Temple,20.426064,80.085148,,,"ASI monument register via Bhuvan (ISRO), collected by github.com/answerquest/asi-monuments-xml2csv"
Group of Temples,Maharashtra,Gadchiroli,,19.994622,79.866504,,,"ASI monument register via Bhuvan (ISRO), collected by github.com/answerquest/asi-monuments-xml2csv"
Hemadpanthi temple of Shree Mahadev (Taponeswar),Maharashtra,Yavatmal,Temple,20.345126,77.888453,,,"ASI monument register via Bhuvan (ISRO), collected by github.com/answerquest/asi-monuments-xml2csv"
Fort,Maharashtra,Yavatmal,Fort,20.78447,78.673578,,,"ASI monument register via Bhuvan (ISRO), collected by github.com/answerquest/asi-monuments-xml2csv"
Temple of Goddess Pandhardevi,Maharashtra,Yavatmal,Temple,20.115017,78.655264,,,"ASI monument register via Bhuvan (ISRO), collected by github.com/answerquest/asi-monuments-xml2csv"
Mahadev Temple,Maharashtra,Yavatmal,Temple,20.169356,78.059085,,,"ASI monument register via Bhuvan (ISRO), collected by github.com/answerquest/asi-monuments-xml2csv"
Mahadev Temple,Maharashtra,Yavatmal,Temple,20.57456,78.267577,,,"ASI monument register via Bhuvan (ISRO), collected by github.com/answerquest/asi-monuments-xml2csv"
Temple of Kamaleshwar,Maharashtra,Yavatmal,Temple,20.217603,77.905442,,,"ASI monument register via Bhuvan (ISRO), collected by github.com/answerquest/asi-monuments-xml2csv"
"Ancient Buddhist remains comprising monastery, stupa, Rock-cut inscription etc.",Maharashtra,Nagpur,,21.396343,79.278177,,,"ASI monument register via Bhuvan (ISRO), collected by github.com/answerquest/asi-monuments-xml2csv"
Stone Circle,Maharashtra,Nagpur,,21.198563,78.999671,,,"ASI monument register via Bhuvan (ISRO), collected by github.com/answerquest/asi-monuments-xml2csv"
Remains of an old fort on the hill,Maharashtra,Nagpur,Fort,20.847652,79.101417,,,"ASI monument register via Bhuvan (ISRO), collected by github.com/answerquest/asi-monuments-xml2csv"
Tank and Mandapa opposite to the Dattatraya's temple.,Maharashtra,Nagpur,Temple,21.39786,79.334882,,,"ASI monument register via Bhuvan (ISRO), collected by github.com/answerquest/asi-monuments-xml2csv"
Kalimata's temple,Maharashtra,Nagpur,Temple,21.406259,79.328086,,,"ASI monument register via Bhuvan (ISRO), collected by github.com/answerquest/asi-monuments-xml2csv"
large temple,Maharashtra,Gadchiroli,Temple,20.421198,79.997589,,,"ASI monument register via Bhuvan (ISRO), collected by github.com/answerquest/asi-monuments-xml2csv"
Moti Samadhi,Maharashtra,Buldhana,,20.009243,76.04877,,,"ASI monument register via Bhuvan (ISRO), collected by github.com/answerquest/asi-monuments-xml2csv"
Square kunda on the east of the town,Maharashtra,Buldhana,,19.981207,76.52423,,,"ASI monument register via Bhuvan (ISRO), collected by github.com/answerquest/asi-monuments-xml2csv"
Lakhuji Jadhavrao's Samadhi,Maharashtra,Buldhana,,19.952016,76.12162,,,"ASI monument register via Bhuvan (ISRO), collected by github.com/answerquest/asi-monuments-xml2csv"
Tank,Maharashtra,Buldhana,,19.958705,76.119086,,,"ASI monument register via Bhuvan (ISRO), collected by github.com/answerquest/asi-monuments-xml2csv"
Remains of the temple close to the south of the village Ganeshpur.,Maharashtra,Gondia,Temple,21.358665,80.393156,,,"ASI monument register via Bhuvan (ISRO), collected by github.com/answerquest/asi-monuments-xml2csv"
Remains of the temple locally known as Nath Bawa,Maharashtra,Gondia,Temple,21.354875,80.393093,,,"ASI monument register via Bhuvan (ISRO), collected by github.com/answerquest/asi-monuments-xml2csv"
Remains of the temple to the north of the village,Maharashtra,Gondia,Temple,21.35423,80.40042,,,"ASI monument register via Bhuvan (ISRO), collected by github.com/answerquest/asi-monuments-xml2csv"
Gaimukh temple and tank,Maharashtra,Buldhana,Temple,19.985675,76.514389,,,"ASI monument register via Bhuvan (ISRO), collected by github.com/answerquest/asi-monuments-xml2csv"
Cromlech known as Tilota (Frying Pan),Maharashtra,Buldhana,,20.884778,79.734805,,,"ASI monument register via Bhuvan (ISRO), collected by github.com/answerquest/asi-monuments-xml2csv"
Fifteen Temples-Kumareshwar Mahadev,Maharashtra,Buldhana,,19.984335,76.51392,,,"ASI monument register via Bhuvan (ISRO), collected by github.com/answerquest/asi-monuments-xml2csv"
Fifteen Temples-Yeghneshwar Mahadev,Maharashtra,Buldhana,,19.982814,76.512265,,,"ASI monument register via Bhuvan (ISRO), collected by github.com/answerquest/asi-monuments-xml2csv"
Fifteen Temples-Bagicha Mandir,Maharashtra,Buldhana,Temple,19.976736,76.513882,,,"ASI monument register via Bhuvan (ISRO), collected by github.com/answerquest/asi-monuments-xml2csv"
Fifteen Temples-Ramgaya,Maharashtra,Buldhana,,19.976415,76.515768,,,"ASI monument register via Bhuvan (ISRO), collected by github.com/answerquest/asi-monuments-xml2csv"
Fifteen Temples-Mahadev Ramgaya,Maharashtra,Buldhana,,19.976547,76.515686,,,"ASI monument register via Bhuvan (ISRO), collected by github.com/answerquest/asi-monuments-xml2csv"
Fifteen Temples-Bagh mandir,Maharashtra,Buldhana,Temple,19.971649,76.51238,,,"ASI monument register via Bhuvan (ISRO), collected by github.com/answerquest/asi-monuments-xml2csv"
Fifteen Temples-Mor mandir,Maharashtra,Buldhana,Temple,19.97094,76.510458,,,"ASI monument register via Bhuvan (ISRO), collected by github.com/answerquest/asi-monuments-xml2csv"
Fifteen Temples-Kamalja mata mandir,Maharashtra,Buldhana,Temple,19.971367,76.506027,,,"ASI monument register via Bhuvan (ISRO), collected by github.com/answerquest/asi-monuments-xml2csv"
Fifteen Temples-Ambharkhana mandir,Maharashtra,Buldhana,Temple,19.975865,76.502715,,,"ASI monument register via Bhuvan (ISRO), collected by github.com/answerquest/asi-monuments-xml2csv"
Fifteen Temples-Mundamahadev,Maharashtra,Buldhana,,19.980709,76.504056,,,"ASI monument register via Bhuvan (ISRO), collected by github.com/answerquest/asi-monuments-xml2csv"
Fifteen Temples-Mahadev Temple,Maharashtra,Buldhana,Temple,19.982419,76.507637,,,"ASI monument register via Bhuvan (ISRO), collected by github.com/answerquest/asi-monuments-xml2csv"
Fifteen Temples-Mahadev (Chopda),Maharashtra,Buldhana,,19.980343,76.511076,,,"ASI monument register via Bhuvan (ISRO), collected by github.com/answerquest/asi-monuments-xml2csv"
Fifteen Temples-Peer ki chatri,Maharashtra,Buldhana,,19.980371,76.512633,,,"ASI monument register via Bhuvan (ISRO), collected by github.com/answerquest/asi-monuments-xml2csv"
Fifteen Temples-Paaphereshwar,Maharashtra,Buldhana,,19.984832,76.514897,,,"ASI monument register via Bhuvan (ISRO), collected by github.com/answerquest/asi-monuments-xml2csv"
Fort wall-Chandrapur,Maharashtra,Chandrapur,Fort,19.957508,79.295453,,,"ASI monument register via Bhuvan (ISRO), collected by github.com/answerquest/asi-monuments-xml2csv"
Stone Circle - Takalghat,Maharashtra,Nagpur,,20.916705,78.951142,,,"ASI monument register via Bhuvan (ISRO), collected by github.com/answerquest/asi-monuments-xml2csv"
All the remains of the circumambulation wall of Pauni Fort,Maharashtra,Bhandara,Fort,20.78622,79.633917,,,"ASI monument register via Bhuvan (ISRO), collected by github.com/answerquest/asi-monuments-xml2csv"
Ruined Shiva temple (Arbhar Temple),Chhatisgarh,JanjgirChampa,Temple,21.953175,83.024856,,,"ASI monument register via Bhuvan (ISRO), collected by github.com/answerquest/asi-monuments-xml2csv"
Chaiturgarh (Close to Bagdara)  (Chaiturgarh/Lafa Fort),Chhatisgarh,Korba,Fort,22.510278,82.271389,,,"ASI monument register via Bhuvan (ISRO), collected by github.com/answerquest/asi-monuments-xml2csv"
Larger of the two Temples (Old Vaishnava Temple),Chhatisgarh,JanjgirChampa,Temple,22.005949,82.572171,,,"ASI monument register via Bhuvan (ISRO), collected by github.com/answerquest/asi-monuments-xml2csv"
Small Temple  (Small Vaishnava Temple),Chhatisgarh,JanjgirChampa,Temple,22.006246,82.572157,,,"ASI monument register via Bhuvan (ISRO), collected by github.com/answerquest/asi-monuments-xml2csv"
Kashigarh Fort (Kushigarh Fort),Chhatisgarh,JanjgirChampa,Fort,21.852521,82.785207,,,"ASI monument register via Bhuvan (ISRO), collected by github.com/answerquest/asi-monuments-xml2csv"
The brick temple of Savari south ( Savari Temple),Chhatisgarh,JanjgirChampa,Temple,21.74063,82.578032,,,"ASI monument register via Bhuvan (ISRO), collected by github.com/answerquest/asi-monuments-xml2csv"
The small brick Temple north of the village (Andal Dewal Temple),Chhatisgarh,JanjgirChampa,Temple,21.746736,82.579556,,,"ASI monument register via Bhuvan (ISRO), collected by github.com/answerquest/asi-monuments-xml2csv"
Kotagarh (Kotagarh Fort),Chhatisgarh,JanjgirChampa,Fort,22.050278,82.434444,,,"ASI monument register via Bhuvan (ISRO), collected by github.com/answerquest/asi-monuments-xml2csv"
Kotmi Fort,Chhatisgarh,JanjgirChampa,Fort,22.028611,82.3425,,,"ASI monument register via Bhuvan (ISRO), collected by github.com/answerquest/asi-monuments-xml2csv"
Malhar Fort,Chhatisgarh,Bilaspur,Fort,21.8975,82.276944,,,"ASI monument register via Bhuvan (ISRO), collected by github.com/answerquest/asi-monuments-xml2csv"
Patalesvara Mahadev temple -1,Chhatisgarh,Bilaspur,Temple,21.895278,82.279722,,,"ASI monument register via Bhuvan (ISRO), collected by github.com/answerquest/asi-monuments-xml2csv"
Bhima kichak,Chhatisgarh,Bilaspur,,21.893056,82.277778,,,"ASI monument register via Bhuvan (ISRO), collected by github.com/answerquest/asi-monuments-xml2csv"
Mahadeo Temple,Chhatisgarh,Korba,Temple,22.373162,82.323514,,,"ASI monument register via Bhuvan (ISRO), collected by github.com/answerquest/asi-monuments-xml2csv"
The (Stone) doorway etc built into the ruined wall  (Ratanpur Fort),Chhatisgarh,Bilaspur,Fort,22.28437,82.167222,,,"ASI monument register via Bhuvan (ISRO), collected by github.com/answerquest/asi-monuments-xml2csv"
Kanthi Dewal Temple,Chhatisgarh,Bilaspur,Temple,22.289167,82.16,,,"ASI monument register via Bhuvan (ISRO), collected by github.com/answerquest/asi-monuments-xml2csv"
The Pail inscription Stone at Semersal (Pali inscription),Chhatisgarh,Mungeli,,22.166883,81.789839,,,"ASI monument register via Bhuvan (ISRO), collected by github.com/answerquest/asi-monuments-xml2csv"
Old Temple (The Sheorinarayan temple),Chhatisgarh,Janjgir-Champa,Temple,21.719353,82.590112,,,"ASI monument register via Bhuvan (ISRO), collected by github.com/answerquest/asi-monuments-xml2csv"
Half ruined temple of Keshava Narayan (Keshavanarayan Temple),Chhatisgarh,Janjgir-Champa,Temple,21.719277,82.590224,,,"ASI monument register via Bhuvan (ISRO), collected by github.com/answerquest/asi-monuments-xml2csv"
The Remains of a very ancient temple and mounds  (Mahadev temple),Chhatisgarh,Korba,Temple,22.574992,82.422327,,,"ASI monument register via Bhuvan (ISRO), collected by github.com/answerquest/asi-monuments-xml2csv"
Jogimara caves,Chhatisgarh,Sarguja,,22.898289,82.929264,,,"ASI monument register via Bhuvan (ISRO), collected by github.com/answerquest/asi-monuments-xml2csv"
Sitabengra caves,Chhatisgarh,Sarguja,,22.898204,82.929531,,,"ASI monument register via Bhuvan (ISRO), collected by github.com/answerquest/asi-monuments-xml2csv"
Ancient Sculpture in Danteswari temple,Chhatisgarh,South Bastar Dantewada,Temple,19.136195,81.378056,,,"ASI monument register via Bhuvan (ISRO), collected by github.com/answerquest/asi-monuments-xml2csv"
Chandraditya temple,Chhatisgarh,South Bastar Dantewada,Temple,19.137222,81.382778,,,"ASI monument register via Bhuvan (ISRO), collected by github.com/answerquest/asi-monuments-xml2csv"
Ganesh statues,Chhatisgarh,South Bastar Dantewada,,19.134036,81.373606,,,"ASI monument register via Bhuvan (ISRO), collected by github.com/answerquest/asi-monuments-xml2csv"
Mama Bhanja temple,Chhatisgarh,South Bastar Dantewada,Temple,19.137573,81.373538,,,"ASI monument register via Bhuvan (ISRO), collected by github.com/answerquest/asi-monuments-xml2csv"
Mahadeo  temple,Chhatisgarh,Bastar Jagdalpur,Temple,19.212127,81.932704,,,"ASI monument register via Bhuvan (ISRO), collected by github.com/answerquest/asi-monuments-xml2csv"
Bhairam Dev temple (Ardhanarishawara Image),Chhatisgarh,Bastar Jagdalpur,Temple,18.995421,81.057494,,,"ASI monument register via Bhuvan (ISRO), collected by github.com/answerquest/asi-monuments-xml2csv"
Danteswari Devi Temple with Bhairambaba Temple,Chhatisgarh,Bijapur,Temple,18.896604,81.344948,,,"ASI monument register via Bhuvan (ISRO), collected by github.com/answerquest/asi-monuments-xml2csv"
Kama Memorial or Urasgatta post,Chhatisgarh,Bastar Jagdalpur,,18.997257,81.734554,,,"ASI monument register via Bhuvan (ISRO), collected by github.com/answerquest/asi-monuments-xml2csv"
Megalithic site containing Urskals,Chhatisgarh,South Bastar Dantewada,,18.811779,81.310397,,,"ASI monument register via Bhuvan (ISRO), collected by github.com/answerquest/asi-monuments-xml2csv"
Brick mounds,Chhatisgarh,Kondagaon,,20.072099,81.554963,,,"ASI monument register via Bhuvan (ISRO), collected by github.com/answerquest/asi-monuments-xml2csv"
Narayan temple,Chhatisgarh,Bastar,Temple,19.199606,81.740269,,,"ASI monument register via Bhuvan (ISRO), collected by github.com/answerquest/asi-monuments-xml2csv"
Karli Mahadev temple,Chhatisgarh,South Bastar Dantewada,Temple,18.976667,81.303611,,,"ASI monument register via Bhuvan (ISRO), collected by github.com/answerquest/asi-monuments-xml2csv"
Bhand Dewal (An old ruined Jain Temple),Chhatisgarh,Raipur,Temple,21.195184,81.969524,,,"ASI monument register via Bhuvan (ISRO), collected by github.com/answerquest/asi-monuments-xml2csv"
Old Ruined Sand Stone Temple (Shiva temple in Sand Stone),Chhatisgarh,Durg,Temple,21.21881,81.473424,,,"ASI monument register via Bhuvan (ISRO), collected by github.com/answerquest/asi-monuments-xml2csv"
Old Temple of Sita Devi and Satti Pillar,Chhatisgarh,Bametara,Temple,21.669919,81.408341,,,"ASI monument register via Bhuvan (ISRO), collected by github.com/answerquest/asi-monuments-xml2csv"
Old Temple near Gandai (Old Temple) Shiva Temple,Chhatisgarh,Rajnandgaon,Temple,21.665,81.106667,,,"ASI monument register via Bhuvan (ISRO), collected by github.com/answerquest/asi-monuments-xml2csv"
The Temple of Mahadeo including the Matha of Bairagi and Mandap,Chhatisgarh,Balodabazar-Bhatapara,Temple,21.576136,82.370337,,,"ASI monument register via Bhuvan (ISRO), collected by github.com/answerquest/asi-monuments-xml2csv"
Temple belonging to Mahantlal Das dedicated to Surya,Chhatisgarh,Balodabazar-Bhatapara,Temple,21.576186,82.370409,,,"ASI monument register via Bhuvan (ISRO), collected by github.com/answerquest/asi-monuments-xml2csv"
Group of temples known as Rajiv Lochana or Rajim Temples,Chhatisgarh,Gariaband,,20.963981,81.877485,,,"ASI monument register via Bhuvan (ISRO), collected by github.com/answerquest/asi-monuments-xml2csv"
Ramachandra Temple (Temple of Ramchandra),Chhatisgarh,Gariaband,Temple,20.963178,81.878836,,,"ASI monument register via Bhuvan (ISRO), collected by github.com/answerquest/asi-monuments-xml2csv"
Sita Baree,Chhatisgarh,Gariaband,,20.9631,81.876451,,,"ASI monument register via Bhuvan (ISRO), collected by github.com/answerquest/asi-monuments-xml2csv"
Monuments and Temples  of Lakshmana and old sites,Chhatisgarh,Mahasamund,,21.353156,82.186736,,,"ASI monument register via Bhuvan (ISRO), collected by github.com/answerquest/asi-monuments-xml2csv"
Area around Sirpur village -  Rama temple,Chhatisgarh,Mahasamund,Temple,21.351673,82.187961,,,"ASI monument register via Bhuvan (ISRO), collected by github.com/answerquest/asi-monuments-xml2csv"
Area around Sirpur village -Shiv Temple No.1,Chhatisgarh,Mahasamund,Temple,21.356028,82.188103,,,"ASI monument register via Bhuvan (ISRO), collected by github.com/answerquest/asi-monuments-xml2csv"
Area around Sirpur village -Excavated Market Area,Chhatisgarh,Mahasamund,,21.35007,82.183252,,,"ASI monument register via Bhuvan (ISRO), collected by github.com/answerquest/asi-monuments-xml2csv"
Area around Sirpur village -SRP-31,Chhatisgarh,Mahasamund,,21.350875,82.183167,,,"ASI monument register via Bhuvan (ISRO), collected by github.com/answerquest/asi-monuments-xml2csv"
Area around Sirpur village -SRP-32,Chhatisgarh,Mahasamund,,21.349662,82.184954,,,"ASI monument register via Bhuvan (ISRO), collected by github.com/answerquest/asi-monuments-xml2csv"
Area around Sirpur village -SRP-33,Chhatisgarh,Mahasamund,,21.348918,82.18509,,,"ASI monument register via Bhuvan (ISRO), collected by github.com/answerquest/asi-monuments-xml2csv"
Area around Sirpur village -SRP-29,Chhatisgarh,Mahasamund,,21.349053,82.182142,,,"ASI monument register via Bhuvan (ISRO), collected by github.com/answerquest/asi-monuments-xml2csv"
Area around Sirpur village -SRP-27,Chhatisgarh,Mahasamund,,21.349536,82.181442,,,"ASI monument register via Bhuvan (ISRO), collected by github.com/answerquest/asi-monuments-xml2csv"
Area around Sirpur village -SRP-25,Chhatisgarh,Mahasamund,,21.349278,82.181458,,,"ASI monument register via Bhuvan (ISRO), collected by github.com/answerquest/asi-monuments-xml2csv"
Area around Sirpur village -SRP-22,Chhatisgarh,Mahasamund,,21.347203,82.185807,,,"ASI monument register via Bhuvan (ISRO), collected by github.com/answerquest/asi-monuments-xml2csv"
Area around Sirpur village -Chandi Mandir,Chhatisgarh,Mahasamund,Temple,21.352643,82.183933,,,"ASI monument register via Bhuvan (ISRO), collected by github.com/answerquest/asi-monuments-xml2csv"
Area around Sirpur village -Excavate Monastry near raikera tank,Chhatisgarh,Mahasamund,,21.34675,82.191617,,,"ASI monument register via Bhuvan (ISRO), collected by github.com/answerquest/asi-monuments-xml2csv"
Excavated Buddha vihar (Vedshala) in the east of Raikera Tank,Chhatisgarh,Mahasamund,,21.347642,82.192108,,,"ASI monument register via Bhuvan (ISRO), collected by github.com/answerquest/asi-monuments-xml2csv"
Area around Sirpur village -Excavated Stupa,Chhatisgarh,Mahasamund,,21.349489,82.191407,,,"ASI monument register via Bhuvan (ISRO), collected by github.com/answerquest/asi-monuments-xml2csv"
Area around Sirpur village -Tivar Dev Vihar,Chhatisgarh,Mahasamund,,21.345153,82.184912,,,"ASI monument register via Bhuvan (ISRO), collected by github.com/answerquest/asi-monuments-xml2csv"
Area around Sirpur village -Harsh Gupta Vihar,Chhatisgarh,Mahasamund,,21.34542,82.18509,,,"ASI monument register via Bhuvan (ISRO), collected by github.com/answerquest/asi-monuments-xml2csv"
Area around Sirpur village -Sasai Vihar,Chhatisgarh,Mahasamund,,21.345525,82.186306,,,"ASI monument register via Bhuvan (ISRO), collected by github.com/answerquest/asi-monuments-xml2csv"
Area around Sirpur village -Shiva Temple No.3,Chhatisgarh,Mahasamund,Temple,21.344783,82.1873,,,"ASI monument register via Bhuvan (ISRO), collected by github.com/answerquest/asi-monuments-xml2csv"
Area around Sirpur village -Baleshwar Mahadev Temple Complex,Chhatisgarh,Mahasamund,Temple,21.346283,82.183581,,,"ASI monument register via Bhuvan (ISRO), collected by github.com/answerquest/asi-monuments-xml2csv"
Area around Sirpur village -Surang Tila,Chhatisgarh,Mahasamund,,21.346525,82.182192,,,"ASI monument register via Bhuvan (ISRO), collected by github.com/answerquest/asi-monuments-xml2csv"
Area around Sirpur village -Palace Complex,Chhatisgarh,Mahasamund,Palace / Haveli,21.344228,82.177733,,,"ASI monument register via Bhuvan (ISRO), collected by github.com/answerquest/asi-monuments-xml2csv"
Area around Sirpur village -Excavated monastry near school,Chhatisgarh,Mahasamund,,21.343178,82.179327,,,"ASI monument register via Bhuvan (ISRO), collected by github.com/answerquest/asi-monuments-xml2csv"
Area around Sirpur village -Padampani Vihar,Chhatisgarh,Mahasamund,,21.341694,82.181489,,,"ASI monument register via Bhuvan (ISRO), collected by github.com/answerquest/asi-monuments-xml2csv"
Area around Sirpur village -SRP-13,Chhatisgarh,Mahasamund,,21.341786,82.178689,,,"ASI monument register via Bhuvan (ISRO), collected by github.com/answerquest/asi-monuments-xml2csv"
Area around Sirpur village -Shiv Temple No.2,Chhatisgarh,Mahasamund,Temple,21.339869,82.181872,,,"ASI monument register via Bhuvan (ISRO), collected by github.com/answerquest/asi-monuments-xml2csv"
Area around Sirpur village -Shiv Temple No.6,Chhatisgarh,Mahasamund,Temple,21.342511,82.177689,,,"ASI monument register via Bhuvan (ISRO), collected by github.com/answerquest/asi-monuments-xml2csv"
Area around Sirpur village -Shiv Temple No. 4,Chhatisgarh,Mahasamund,Temple,21.340483,82.180953,,,"ASI monument register via Bhuvan (ISRO), collected by github.com/answerquest/asi-monuments-xml2csv"
Area around Sirpur village -SRP-16,Chhatisgarh,Mahasamund,,21.339722,82.179986,,,"ASI monument register via Bhuvan (ISRO), collected by github.com/answerquest/asi-monuments-xml2csv"
Area around Sirpur village -SRP-21,Chhatisgarh,Mahasamund,,21.339469,82.187178,,,"ASI monument register via Bhuvan (ISRO), collected by github.com/answerquest/asi-monuments-xml2csv"
Area around Sirpur village -SRP-17,Chhatisgarh,Mahasamund,,21.342511,82.183186,,,"ASI monument register via Bhuvan (ISRO), collected by github.com/answerquest/asi-monuments-xml2csv"
Area around Sirpur village -SRP-26,Chhatisgarh,Mahasamund,,21.340313,82.182491,,,"ASI monument register via Bhuvan (ISRO), collected by github.com/answerquest/asi-monuments-xml2csv"
Area around Sirpur village -SRP-28,Chhatisgarh,Mahasamund,,21.350056,82.181064,,,"ASI monument register via Bhuvan (ISRO), collected by github.com/answerquest/asi-monuments-xml2csv"
Excavated Structure in front of Vihar Complex,Chhatisgarh,Mahasamund,,21.345428,82.184356,,,"ASI monument register via Bhuvan (ISRO), collected by github.com/answerquest/asi-monuments-xml2csv"
Brick mounds,Chhatisgarh,Kondagaon,,20.071053,81.555229,,,"ASI monument register via Bhuvan (ISRO), collected by github.com/answerquest/asi-monuments-xml2csv"
Megalithic site containing Urskals,Chhatisgarh,South Bastar Dantewada,,18.815384,81.310644,,,"ASI monument register via Bhuvan (ISRO), collected by github.com/answerquest/asi-monuments-xml2csv"
Temple (Shiva Temple),Chhatisgarh,Bilaspur,Temple,22.211425,81.872717,,,"ASI monument register via Bhuvan (ISRO), collected by github.com/answerquest/asi-monuments-xml2csv"
Temple (Mahadev Temple),Chhatisgarh,Bilaspur,Temple,22.069052,82.258297,,,"ASI monument register via Bhuvan (ISRO), collected by github.com/answerquest/asi-monuments-xml2csv"
A.Â Â Â Â Â  Asoka Pillar,Uttar Pradesh,Allahabad,,25.431285,81.86186,,,"ASI monument register via Bhuvan (ISRO), collected by github.com/answerquest/asi-monuments-xml2csv"
B.Â Â Â Â Â  Zanana palace (Situated in Allahabad fort),Uttar Pradesh,Allahabad,Fort,25.433335,81.863117,,,"ASI monument register via Bhuvan (ISRO), collected by github.com/answerquest/asi-monuments-xml2csv"
Cemeteries at Kydganj,Uttar Pradesh,Allahabad,,25.433968,81.84998,,,"ASI monument register via Bhuvan (ISRO), collected by github.com/answerquest/asi-monuments-xml2csv"
KhusruBagh- Enclosure wall & Gateway of,Uttar Pradesh,Allahabad,,25.440053,81.820814,,,"ASI monument register via Bhuvan (ISRO), collected by github.com/answerquest/asi-monuments-xml2csv"
KhusruBagh- Tomb of BibiTambolan.,Uttar Pradesh,Allahabad,Monument / Tomb,25.442451,81.819754,,,"ASI monument register via Bhuvan (ISRO), collected by github.com/answerquest/asi-monuments-xml2csv"
KhusruBagh Tomb of Sultan Khusru.,Uttar Pradesh,Allahabad,Monument / Tomb,25.442361,81.822169,,,"ASI monument register via Bhuvan (ISRO), collected by github.com/answerquest/asi-monuments-xml2csv"
KhusruBagh Tomb of Sultan Khusruâs Mother,Uttar Pradesh,Allahabad,Monument / Tomb,25.442368,81.82091,,,"ASI monument register via Bhuvan (ISRO), collected by github.com/answerquest/asi-monuments-xml2csv"
KhusruBagh Tomb of Sultan Khusruâs Sister,Uttar Pradesh,Allahabad,Monument / Tomb,25.442319,81.821531,,,"ASI monument register via Bhuvan (ISRO), collected by github.com/answerquest/asi-monuments-xml2csv"
Suryanarayana Temple,Karnataka,Bellary,Temple,14.9946,75.793762,,,"ASI monument register via Bhuvan (ISRO), collected by github.com/answerquest/asi-monuments-xml2csv"
Kalleswara Swamy Temple,Karnataka,Bellary,Temple,15.022927,75.931171,,,"ASI monument register via Bhuvan (ISRO), collected by github.com/answerquest/asi-monuments-xml2csv"
Kallesvara Temple,Karnataka,Bellary,Temple,14.954979,75.756083,,,"ASI monument register via Bhuvan (ISRO), collected by github.com/answerquest/asi-monuments-xml2csv"
Mohammadan Tomb and Dargah on the road to Hospet from Kamalapuram,Karnataka,Bellary,Monument / Tomb,15.310851,76.448969,,,"ASI monument register via Bhuvan (ISRO), collected by github.com/answerquest/asi-monuments-xml2csv"
"Hampi Ruins, Ananthasayana Temple",Karnataka,Bellary,Temple,15.278074,76.407429,,,"ASI monument register via Bhuvan (ISRO), collected by github.com/answerquest/asi-monuments-xml2csv"
Virupaksha Temple Complex,Karnataka,Bellary,Temple,15.335376,76.460001,,,"ASI monument register via Bhuvan (ISRO), collected by github.com/answerquest/asi-monuments-xml2csv"
Ganagitti Jain Temple,Karnataka,Bellary,Temple,15.313687,76.478235,,,"ASI monument register via Bhuvan (ISRO), collected by github.com/answerquest/asi-monuments-xml2csv"
Group of Jaina Temple on the Hill (Hemakuta),Karnataka,Bellary,Temple,15.33402,76.459584,,,"ASI monument register via Bhuvan (ISRO), collected by github.com/answerquest/asi-monuments-xml2csv"
Monolithic Bull,Karnataka,Bellary,,15.333923,76.46737,,,"ASI monument register via Bhuvan (ISRO), collected by github.com/answerquest/asi-monuments-xml2csv"
Kadalekalu Ganesha Temple,Karnataka,Bellary,Temple,15.333082,76.461172,,,"ASI monument register via Bhuvan (ISRO), collected by github.com/answerquest/asi-monuments-xml2csv"
Sasivekalu Ganesha Temple,Karnataka,Bellary,Temple,15.331677,76.459946,,,"ASI monument register via Bhuvan (ISRO), collected by github.com/answerquest/asi-monuments-xml2csv"
Vishnupada Temple,Karnataka,Bellary,Temple,15.331397,76.460194,,,"ASI monument register via Bhuvan (ISRO), collected by github.com/answerquest/asi-monuments-xml2csv"
Krishna Temple,Karnataka,Bellary,Temple,15.330471,76.460438,,,"ASI monument register via Bhuvan (ISRO), collected by github.com/answerquest/asi-monuments-xml2csv"
Narasimha Statue,Karnataka,Bellary,,15.329309,76.458991,,,"ASI monument register via Bhuvan (ISRO), collected by github.com/answerquest/asi-monuments-xml2csv"
Linga Temple near Narasimha Statue (Badavilinga Temple),Karnataka,Bellary,Temple,15.329517,76.459114,,,"ASI monument register via Bhuvan (ISRO), collected by github.com/answerquest/asi-monuments-xml2csv"
Saraswathi Temple,Karnataka,Bellary,Temple,15.327923,76.461177,,,"ASI monument register via Bhuvan (ISRO), collected by github.com/answerquest/asi-monuments-xml2csv"
Group of Sati Memorials and Chandikeswara Temple,Karnataka,Bellary,Temple,15.326608,76.459855,,,"ASI monument register via Bhuvan (ISRO), collected by github.com/answerquest/asi-monuments-xml2csv"
Achyutaraya Temple,Karnataka,Bellary,Temple,15.332114,76.470156,,,"ASI monument register via Bhuvan (ISRO), collected by github.com/answerquest/asi-monuments-xml2csv"
Ruined Tank adjoining the Soolai Bazaar,Karnataka,Bellary,,15.3352,76.469593,,,"ASI monument register via Bhuvan (ISRO), collected by github.com/answerquest/asi-monuments-xml2csv"
Vishnu Temple No: 1 close to north end of Soolai Bazaar,Karnataka,Bellary,Temple,15.336415,76.469779,,,"ASI monument register via Bhuvan (ISRO), collected by github.com/answerquest/asi-monuments-xml2csv"
Vishnu Temple No: 2 Close to the Vishnu Temple No: 1,Karnataka,Bellary,Temple,15.336696,76.470797,,,"ASI monument register via Bhuvan (ISRO), collected by github.com/answerquest/asi-monuments-xml2csv"
Jain Temple on Hillside close to Vishnu Temple (Narasimha Temple),Karnataka,Bellary,Temple,15.337348,76.471631,,,"ASI monument register via Bhuvan (ISRO), collected by github.com/answerquest/asi-monuments-xml2csv"
Vittala Temple,Karnataka,Bellary,Temple,15.342488,76.475469,,,"ASI monument register via Bhuvan (ISRO), collected by github.com/answerquest/asi-monuments-xml2csv"
Old Shiva Temple on the north east side of Vittala Temple,Karnataka,Bellary,Temple,15.344223,76.47639,,,"ASI monument register via Bhuvan (ISRO), collected by github.com/answerquest/asi-monuments-xml2csv"
Vishnu Temple No: 3 facing south gateway of Vittala Temple,Karnataka,Bellary,Temple,15.341488,76.475506,,,"ASI monument register via Bhuvan (ISRO), collected by github.com/answerquest/asi-monuments-xml2csv"
King's Balance,Karnataka,Bellary,,15.341155,76.474233,,,"ASI monument register via Bhuvan (ISRO), collected by github.com/answerquest/asi-monuments-xml2csv"
Queen Victoriaâs Memorial,Uttar Pradesh,Allahabad,,25.453669,81.849212,,,"ASI monument register via Bhuvan (ISRO), collected by github.com/answerquest/asi-monuments-xml2csv"
Small High Mound,Uttar Pradesh,Allahabad,,25.254243,81.715774,,,"ASI monument register via Bhuvan (ISRO), collected by github.com/answerquest/asi-monuments-xml2csv"
Two Storied mandapa,Karnataka,Bellary,,15.340816,76.473907,,,"ASI monument register via Bhuvan (ISRO), collected by github.com/answerquest/asi-monuments-xml2csv"
Ruined Gateway with Lofty Pillars to the west of Vittala Temple,Karnataka,Bellary,Temple,15.34181,76.474486,,,"ASI monument register via Bhuvan (ISRO), collected by github.com/answerquest/asi-monuments-xml2csv"
Mandapa in a field close to Talarigatta road,Karnataka,Bellary,,15.340032,76.48491,,,"ASI monument register via Bhuvan (ISRO), collected by github.com/answerquest/asi-monuments-xml2csv"
Inscribed Vishnu Temple near Vittala Temple,Karnataka,Bellary,Temple,15.342913,76.474347,,,"ASI monument register via Bhuvan (ISRO), collected by github.com/answerquest/asi-monuments-xml2csv"
Soolai well/Kuparamavatika (stepped Well),Karnataka,Bellary,,15.284086,76.426504,,,"ASI monument register via Bhuvan (ISRO), collected by github.com/answerquest/asi-monuments-xml2csv"
GopalakrishnaSwamy Temple,Karnataka,Bellary,Temple,15.043872,76.352931,,,"ASI monument register via Bhuvan (ISRO), collected by github.com/answerquest/asi-monuments-xml2csv"
Siva Temple,Karnataka,Bellary,Temple,15.043531,76.355404,,,"ASI monument register via Bhuvan (ISRO), collected by github.com/answerquest/asi-monuments-xml2csv"
Tipu Sultan's Upper Fort and Citadel at Nagalacheruva,Karnataka,Bellary,Fort,15.148392,76.910541,,,"ASI monument register via Bhuvan (ISRO), collected by github.com/answerquest/asi-monuments-xml2csv"
Parvati and Kartikeya Temple,Karnataka,Bellary,Temple,15.011427,76.564424,,,"ASI monument register via Bhuvan (ISRO), collected by github.com/answerquest/asi-monuments-xml2csv"
Ashokan Inscriptions (Rock Edicts),Karnataka,Bellary,,15.520095,76.833604,,,"ASI monument register via Bhuvan (ISRO), collected by github.com/answerquest/asi-monuments-xml2csv"
Ashokan Inscriptions (Rock Edicts),Karnataka,Bellary,,15.519959,76.832424,,,"ASI monument register via Bhuvan (ISRO), collected by github.com/answerquest/asi-monuments-xml2csv"
Inscription of Ashoka (Rock Edicts),Karnataka,Bellary,,15.547299,76.832796,,,"ASI monument register via Bhuvan (ISRO), collected by github.com/answerquest/asi-monuments-xml2csv"
Kalleswara Swamy Temple,Karnataka,Bellary,Temple,14.923358,75.828812,,,"ASI monument register via Bhuvan (ISRO), collected by github.com/answerquest/asi-monuments-xml2csv"
Saraswathy Temple,Karnataka,Bellary,Temple,15.310605,76.429467,,,"ASI monument register via Bhuvan (ISRO), collected by github.com/answerquest/asi-monuments-xml2csv"
Mallikarjuna Swamy Temple,Karnataka,Bellary,Temple,14.784353,75.702349,,,"ASI monument register via Bhuvan (ISRO), collected by github.com/answerquest/asi-monuments-xml2csv"
NarasimhaSwamy Temple,Karnataka,Bellary,Temple,15.005517,75.790911,,,"ASI monument register via Bhuvan (ISRO), collected by github.com/answerquest/asi-monuments-xml2csv"
Kallesvara Temple,Karnataka,Bellary,Temple,14.902334,76.176342,,,"ASI monument register via Bhuvan (ISRO), collected by github.com/answerquest/asi-monuments-xml2csv"
KalleswaraSwamy Temple,Karnataka,Bellary,Temple,14.809818,75.690409,,,"ASI monument register via Bhuvan (ISRO), collected by github.com/answerquest/asi-monuments-xml2csv"
Pattabhirama Temple,Karnataka,Bellary,Temple,15.305917,76.48278,,,"ASI monument register via Bhuvan (ISRO), collected by github.com/answerquest/asi-monuments-xml2csv"
Two Small ShivaTemples  with Inscription to the east of Pattabhirama Temple,Karnataka,Bellary,Temple,15.302836,76.494547,,,"ASI monument register via Bhuvan (ISRO), collected by github.com/answerquest/asi-monuments-xml2csv"
Ruined Tank to north east of Pattabhirama Temple,Karnataka,Bellary,Temple,15.306357,76.485649,,,"ASI monument register via Bhuvan (ISRO), collected by github.com/answerquest/asi-monuments-xml2csv"
Domed Gateway to the east of the Citadel,Karnataka,Bellary,,15.309654,76.485719,,,"ASI monument register via Bhuvan (ISRO), collected by github.com/answerquest/asi-monuments-xml2csv"
Bhima's Gateway to east of Ganagitti Jain Temple,Karnataka,Bellary,Temple,15.312998,76.480428,,,"ASI monument register via Bhuvan (ISRO), collected by github.com/answerquest/asi-monuments-xml2csv"
Large Under Ground Temple,Karnataka,Bellary,Temple,15.318079,76.464104,,,"ASI monument register via Bhuvan (ISRO), collected by github.com/answerquest/asi-monuments-xml2csv"
Mohammadan Watch Tower in Dannaika's Enclosure,Karnataka,Bellary,,15.31898,76.466292,,,"ASI monument register via Bhuvan (ISRO), collected by github.com/answerquest/asi-monuments-xml2csv"
HazaraRamachandra Temple,Karnataka,Bellary,Temple,15.318041,76.468853,,,"ASI monument register via Bhuvan (ISRO), collected by github.com/answerquest/asi-monuments-xml2csv"
Large Stone Trough,Karnataka,Bellary,,15.317319,76.469135,,,"ASI monument register via Bhuvan (ISRO), collected by github.com/answerquest/asi-monuments-xml2csv"
Basement of King's Audience Hall,Karnataka,Bellary,,15.316675,76.469218,,,"ASI monument register via Bhuvan (ISRO), collected by github.com/answerquest/asi-monuments-xml2csv"
Stone Aqueduct and Small Under Ground Shrine Chamber,Karnataka,Bellary,,15.316049,76.469682,,,"ASI monument register via Bhuvan (ISRO), collected by github.com/answerquest/asi-monuments-xml2csv"
Old Water Supply Scheme,Karnataka,Bellary,,15.314324,76.473997,,,"ASI monument register via Bhuvan (ISRO), collected by github.com/answerquest/asi-monuments-xml2csv"
Large Public Bath or Tank,Karnataka,Bellary,,15.314543,76.470484,,,"ASI monument register via Bhuvan (ISRO), collected by github.com/answerquest/asi-monuments-xml2csv"
Octagonal Water Pavilion,Karnataka,Bellary,,15.314514,76.467927,,,"ASI monument register via Bhuvan (ISRO), collected by github.com/answerquest/asi-monuments-xml2csv"
Bhojanasala or Pilgrims feeding place near the Octagonal pavilion on the Hampi road,Karnataka,Bellary,,15.314116,76.46869,,,"ASI monument register via Bhuvan (ISRO), collected by github.com/answerquest/asi-monuments-xml2csv"
Queen's Bath,Karnataka,Bellary,,15.31367,76.472685,,,"ASI monument register via Bhuvan (ISRO), collected by github.com/answerquest/asi-monuments-xml2csv"
Water Tower of the city of Vijayanagara,Karnataka,Bellary,,15.313543,76.473608,,,"ASI monument register via Bhuvan (ISRO), collected by github.com/answerquest/asi-monuments-xml2csv"
Chandrasekara Temple,Karnataka,Bellary,Temple,15.3139,76.474398,,,"ASI monument register via Bhuvan (ISRO), collected by github.com/answerquest/asi-monuments-xml2csv"
Octagonal Bath,Karnataka,Bellary,,15.315732,76.475695,,,"ASI monument register via Bhuvan (ISRO), collected by github.com/answerquest/asi-monuments-xml2csv"
RaghunathaSwamy Temple,Karnataka,Bellary,Temple,15.324759,76.487837,,,"ASI monument register via Bhuvan (ISRO), collected by github.com/answerquest/asi-monuments-xml2csv"
Lotus Mahal Pavilion,Karnataka,Bellary,Palace / Haveli,15.320532,76.471384,,,"ASI monument register via Bhuvan (ISRO), collected by github.com/answerquest/asi-monuments-xml2csv"
Guard's House in Zanana Enclosure (Treasury Building),Karnataka,Bellary,,15.321453,76.47033,,,"ASI monument register via Bhuvan (ISRO), collected by github.com/answerquest/asi-monuments-xml2csv"
Large Stone Door,Karnataka,Bellary,,15.316784,76.471174,,,"ASI monument register via Bhuvan (ISRO), collected by github.com/answerquest/asi-monuments-xml2csv"
Band Tower in Dannaika's Enclosure,Karnataka,Bellary,,15.31718,76.467045,,,"ASI monument register via Bhuvan (ISRO), collected by github.com/answerquest/asi-monuments-xml2csv"
Elephant's Stable,Karnataka,Bellary,,15.32133,76.472802,,,"ASI monument register via Bhuvan (ISRO), collected by github.com/answerquest/asi-monuments-xml2csv"
Jain Temple with Inscriptions north east of Elephant's Stable,Karnataka,Bellary,Temple,15.320911,76.474093,,,"ASI monument register via Bhuvan (ISRO), collected by github.com/answerquest/asi-monuments-xml2csv"
Mosque in Dannaika's Enclosure,Karnataka,Bellary,,15.317271,76.467304,,,"ASI monument register via Bhuvan (ISRO), collected by github.com/answerquest/asi-monuments-xml2csv"
Ruined Car street in front of Hazara Rama Temple,Karnataka,Bellary,Temple,15.318346,76.470135,,,"ASI monument register via Bhuvan (ISRO), collected by github.com/answerquest/asi-monuments-xml2csv"
Fort and Gateway on the Talarigatta road,Karnataka,Bellary,Fort,15.336909,76.48631,,,"ASI monument register via Bhuvan (ISRO), collected by github.com/answerquest/asi-monuments-xml2csv"
Ranga Temple,Karnataka,Bellary,Temple,15.319656,76.471951,,,"ASI monument register via Bhuvan (ISRO), collected by github.com/answerquest/asi-monuments-xml2csv"
Throne Platform,Karnataka,Bellary,,15.316213,76.470936,,,"ASI monument register via Bhuvan (ISRO), collected by github.com/answerquest/asi-monuments-xml2csv"
South east Watch Tower in Zanana Enclosure,Karnataka,Bellary,,15.320126,76.471892,,,"ASI monument register via Bhuvan (ISRO), collected by github.com/answerquest/asi-monuments-xml2csv"
Basement of large Ruined Building opposite to Muhammadan Mosque and also The platform north east of Dannaika's Enclosure,Karnataka,Bellary,,15.318794,76.46751,,,"ASI monument register via Bhuvan (ISRO), collected by github.com/answerquest/asi-monuments-xml2csv"
Basement of the Palace near small Under Ground Shrine Chamber,Karnataka,Bellary,Palace / Haveli,15.315779,76.469911,,,"ASI monument register via Bhuvan (ISRO), collected by github.com/answerquest/asi-monuments-xml2csv"
Basement of a Palace in Dannaika's Enclosure,Karnataka,Bellary,Palace / Haveli,15.317347,76.46655,,,"ASI monument register via Bhuvan (ISRO), collected by github.com/answerquest/asi-monuments-xml2csv"
Basement of Queen’s Palace in Zanana Enclosure,Karnataka,Bellary,Palace / Haveli,15.321131,76.470929,,,"ASI monument register via Bhuvan (ISRO), collected by github.com/answerquest/asi-monuments-xml2csv"
Guard's House close to Elephant's Stable,Karnataka,Bellary,,15.32186,76.472299,,,"ASI monument register via Bhuvan (ISRO), collected by github.com/answerquest/asi-monuments-xml2csv"
North Watch Tower in Zanana Enclosure,Karnataka,Bellary,,15.321664,76.470837,,,"ASI monument register via Bhuvan (ISRO), collected by github.com/answerquest/asi-monuments-xml2csv"
Walls and Gate ways of Zanana Enclosure,Karnataka,Bellary,,15.320704,76.472151,,,"ASI monument register via Bhuvan (ISRO), collected by github.com/answerquest/asi-monuments-xml2csv"
Walls and Gate ways of Zanana Enclosure,Karnataka,Bellary,,15.320652,76.470182,,,"ASI monument register via Bhuvan (ISRO), collected by github.com/answerquest/asi-monuments-xml2csv"
Water Pavilion in Zanana Enclosure,Karnataka,Bellary,,15.320747,76.471253,,,"ASI monument register via Bhuvan (ISRO), collected by github.com/answerquest/asi-monuments-xml2csv"
Ruined Buildings of minor importance,Karnataka,Bellary,,15.32137,76.474516,,,"ASI monument register via Bhuvan (ISRO), collected by github.com/answerquest/asi-monuments-xml2csv"
Two Pillars and Group of Mortar wheels outside Zanana Enclosure,Karnataka,Bellary,,15.320202,76.469494,,,"ASI monument register via Bhuvan (ISRO), collected by github.com/answerquest/asi-monuments-xml2csv"
Chandragupta Basti,Karnataka,Hassan,,12.861723,76.486813,,,"ASI monument register via Bhuvan (ISRO), collected by github.com/answerquest/asi-monuments-xml2csv"
Akkana Basti,Karnataka,Hassan,,12.859598,76.488911,,,"ASI monument register via Bhuvan (ISRO), collected by github.com/answerquest/asi-monuments-xml2csv"
Parsvanatha Basti,Karnataka,Hassan,,12.861648,76.486988,,,"ASI monument register via Bhuvan (ISRO), collected by github.com/answerquest/asi-monuments-xml2csv"
Chavundaraya Basti,Karnataka,Hassan,,12.862023,76.48702,,,"ASI monument register via Bhuvan (ISRO), collected by github.com/answerquest/asi-monuments-xml2csv"
Somesvara Temple,Karnataka,Kolar,Temple,13.137467,78.138152,,,"ASI monument register via Bhuvan (ISRO), collected by github.com/answerquest/asi-monuments-xml2csv"
Bhoganandishwara Temple,Karnataka,Kolar,Temple,13.386971,77.698739,,,"ASI monument register via Bhuvan (ISRO), collected by github.com/answerquest/asi-monuments-xml2csv"
Panchakuta Basti,Karnataka,Mandya,,12.867764,76.633636,,,"ASI monument register via Bhuvan (ISRO), collected by github.com/answerquest/asi-monuments-xml2csv"
Lakshminarasihmaswamy Temple,Karnataka,Mandya,Temple,12.364974,77.062294,,,"ASI monument register via Bhuvan (ISRO), collected by github.com/answerquest/asi-monuments-xml2csv"
Harihareswara Temple,Karnataka,Davangere,Temple,14.512332,75.802056,,,"ASI monument register via Bhuvan (ISRO), collected by github.com/answerquest/asi-monuments-xml2csv"
"Hill, Fort and Ruined Palace",Karnataka,Davangere,Fort,14.559488,76.049025,,,"ASI monument register via Bhuvan (ISRO), collected by github.com/answerquest/asi-monuments-xml2csv"
Malik Rihan Darga,Karnataka,Tumkur,,13.734981,76.908257,,,"ASI monument register via Bhuvan (ISRO), collected by github.com/answerquest/asi-monuments-xml2csv"
Onnakesava Temple,Karnataka,Tumkur,Temple,13.087068,76.691008,,,"ASI monument register via Bhuvan (ISRO), collected by github.com/answerquest/asi-monuments-xml2csv"
Keadresvara temple,Karnataka,Tumkur,Temple,13.088204,76.693815,,,"ASI monument register via Bhuvan (ISRO), collected by github.com/answerquest/asi-monuments-xml2csv"
Seventeen Jaina tombs at Mudabidri,Karnataka,Udupi,,13.074989,75.005808,,,"ASI monument register via Bhuvan (ISRO), collected by github.com/answerquest/asi-monuments-xml2csv"
Seventeen Jaina tombs at Mudabidri,Karnataka,Udupi,,13.075542,75.006077,,,"ASI monument register via Bhuvan (ISRO), collected by github.com/answerquest/asi-monuments-xml2csv"
Seventeen Jaina tombs at Mudabidri,Karnataka,Udupi,,13.075152,75.007176,,,"ASI monument register via Bhuvan (ISRO), collected by github.com/answerquest/asi-monuments-xml2csv"
Seventeen Jaina tombs at Mudabidri,Karnataka,Udupi,,13.075958,75.006042,,,"ASI monument register via Bhuvan (ISRO), collected by github.com/answerquest/asi-monuments-xml2csv"
Inner Courtyard of Chowtar's Palace at Mudabidri,Karnataka,Udupip,Palace / Haveli,13.071834,74.996055,,,"ASI monument register via Bhuvan (ISRO), collected by github.com/answerquest/asi-monuments-xml2csv"
"Kathale Basti consisting of two small ruined stone built Jaina Mandapas, a little Siva Temple containing a linga and a small Oblong Stone-built Temple",Karnataka,Udupi,Temple,13.470199,74.75222,,,"ASI monument register via Bhuvan (ISRO), collected by github.com/answerquest/asi-monuments-xml2csv"
Juma Masjid,Karnataka,Tumkur,,13.743196,76.906104,,,"ASI monument register via Bhuvan (ISRO), collected by github.com/answerquest/asi-monuments-xml2csv"
Sultan Battery,Karnataka,South Kanara,,12.889611,74.821223,,,"ASI monument register via Bhuvan (ISRO), collected by github.com/answerquest/asi-monuments-xml2csv"
Mallikarjuna & Ramesvara Temple,Karnataka,Shimoga,Temple,14.190691,75.085418,,,"ASI monument register via Bhuvan (ISRO), collected by github.com/answerquest/asi-monuments-xml2csv"
Shivappa Naik's Fort,Karnataka,Shimoga,Fort,13.821216,75.034645,,,"ASI monument register via Bhuvan (ISRO), collected by github.com/answerquest/asi-monuments-xml2csv"
Jaina Temple (Shanthinatha Basadi),Karnataka,Shimoga,Temple,14.484565,75.265841,,,"ASI monument register via Bhuvan (ISRO), collected by github.com/answerquest/asi-monuments-xml2csv"
Trimurthinarayana Temple,Karnataka,Shimoga,Temple,14.48673,75.266193,,,"ASI monument register via Bhuvan (ISRO), collected by github.com/answerquest/asi-monuments-xml2csv"
Someshvara Temple,Karnataka,Shimoga,Temple,14.486731,75.268266,,,"ASI monument register via Bhuvan (ISRO), collected by github.com/answerquest/asi-monuments-xml2csv"
Devaganga Ponds at Basavanabayane,Karnataka,Shimoga,,13.84162,75.027432,,,"ASI monument register via Bhuvan (ISRO), collected by github.com/answerquest/asi-monuments-xml2csv"
Aghoreshvara Temple,Karnataka,Shimoga,Temple,14.13525,75.02268,,,"ASI monument register via Bhuvan (ISRO), collected by github.com/answerquest/asi-monuments-xml2csv"
Fort,Karnataka,Davangere,Fort,14.022156,75.921577,,,"ASI monument register via Bhuvan (ISRO), collected by github.com/answerquest/asi-monuments-xml2csv"
Bhimesvara Temple,Karnataka,Davangere,Temple,14.744164,75.896297,,,"ASI monument register via Bhuvan (ISRO), collected by github.com/answerquest/asi-monuments-xml2csv"
Musafirkhana and Honda,Karnataka,Davangere,,14.166633,76.005094,,,"ASI monument register via Bhuvan (ISRO), collected by github.com/answerquest/asi-monuments-xml2csv"
Gomatesvara Statue,Karnataka,Hassan,,12.854218,76.484675,,,"ASI monument register via Bhuvan (ISRO), collected by github.com/answerquest/asi-monuments-xml2csv"
Inscriptions,Karnataka,Hassan,,12.861513,76.486884,,,"ASI monument register via Bhuvan (ISRO), collected by github.com/answerquest/asi-monuments-xml2csv"
Ramalingesvara Temples and Inscriptions,Karnataka,Kolar,,13.10645,78.326599,,,"ASI monument register via Bhuvan (ISRO), collected by github.com/answerquest/asi-monuments-xml2csv"
Kolaramma Temple,Karnataka,Kolar,Temple,13.138428,78.138668,,,"ASI monument register via Bhuvan (ISRO), collected by github.com/answerquest/asi-monuments-xml2csv"
Lakshminarayana Temple,Karnataka,Mandya,Temple,12.642448,76.478679,,,"ASI monument register via Bhuvan (ISRO), collected by github.com/answerquest/asi-monuments-xml2csv"
Ancient Jaina Vestiges,Karnataka,Mandya,,12.511255,77.124948,,,"ASI monument register via Bhuvan (ISRO), collected by github.com/answerquest/asi-monuments-xml2csv"
Kalleswara Swami Temple,Karnataka,Davangere,Temple,14.847759,75.984676,,,"ASI monument register via Bhuvan (ISRO), collected by github.com/answerquest/asi-monuments-xml2csv"
Sri Vijayanarayana Temple,Karnataka,Chamarajanagar,Temple,11.808358,76.689403,,,"ASI monument register via Bhuvan (ISRO), collected by github.com/answerquest/asi-monuments-xml2csv"
Gaurisvara Temple,Karnataka,Chamarajanagar,Temple,12.047029,77.029545,,,"ASI monument register via Bhuvan (ISRO), collected by github.com/answerquest/asi-monuments-xml2csv"
Fort,Karnataka,Bangalore,Fort,13.249569,77.708366,,,"ASI monument register via Bhuvan (ISRO), collected by github.com/answerquest/asi-monuments-xml2csv"
Tipu Sultan's Birth Palace,Karnataka,Bangalore,Palace / Haveli,13.246238,77.707163,,,"ASI monument register via Bhuvan (ISRO), collected by github.com/answerquest/asi-monuments-xml2csv"
Pre-Historic Site,Karnataka,Bangalore,,13.288461,77.629858,,,"ASI monument register via Bhuvan (ISRO), collected by github.com/answerquest/asi-monuments-xml2csv"
Ramesvara Temple,Karnataka,Chamarajanagar,Temple,11.803342,76.859362,,,"ASI monument register via Bhuvan (ISRO), collected by github.com/answerquest/asi-monuments-xml2csv"
Amristesvara Temple,Karnataka,Chikmagalur,Temple,13.74148,75.853686,,,"ASI monument register via Bhuvan (ISRO), collected by github.com/answerquest/asi-monuments-xml2csv"
Viranarayana Temple,Karnataka,Chikmagalur,Temple,13.282073,75.995475,,,"ASI monument register via Bhuvan (ISRO), collected by github.com/answerquest/asi-monuments-xml2csv"
Vidyasankara Temple,Karnataka,Chikmagalur,Temple,13.415773,75.251429,,,"ASI monument register via Bhuvan (ISRO), collected by github.com/answerquest/asi-monuments-xml2csv"
Kesava Temple and Inscriptions,Karnataka,Hassan,Temple,13.162867,75.860356,,,"ASI monument register via Bhuvan (ISRO), collected by github.com/answerquest/asi-monuments-xml2csv"
Channakesva Temple,Karnataka,Hassan,Temple,13.374884,76.12941,,,"ASI monument register via Bhuvan (ISRO), collected by github.com/answerquest/asi-monuments-xml2csv"
Isvara Temple,Karnataka,Hassan,Temple,13.318418,76.259999,,,"ASI monument register via Bhuvan (ISRO), collected by github.com/answerquest/asi-monuments-xml2csv"
Lakshmi Devi Temple,Karnataka,Hassan,Temple,13.095854,76.004012,,,"ASI monument register via Bhuvan (ISRO), collected by github.com/answerquest/asi-monuments-xml2csv"
Adinatha Basti,Karnataka,Hassan,,13.208575,75.995039,,,"ASI monument register via Bhuvan (ISRO), collected by github.com/answerquest/asi-monuments-xml2csv"
Parsvanatha Basti,Karnataka,Hassan,,13.208657,75.994835,,,"ASI monument register via Bhuvan (ISRO), collected by github.com/answerquest/asi-monuments-xml2csv"
Santhinatha Basti,Karnataka,Hassan,,13.208635,75.995195,,,"ASI monument register via Bhuvan (ISRO), collected by github.com/answerquest/asi-monuments-xml2csv"
Kedaresvara Temple,Karnataka,Hassan,Temple,13.20887,75.998598,,,"ASI monument register via Bhuvan (ISRO), collected by github.com/answerquest/asi-monuments-xml2csv"
Kalyani Tank,Karnataka,Hassan,,13.199096,76.002982,,,"ASI monument register via Bhuvan (ISRO), collected by github.com/answerquest/asi-monuments-xml2csv"
Hoysalesvara Temple,Karnataka,Hassan,Temple,13.212583,75.9941,,,"ASI monument register via Bhuvan (ISRO), collected by github.com/answerquest/asi-monuments-xml2csv"
Buchesvara Temple,Karnataka,Hassan,Temple,13.053106,76.176834,,,"ASI monument register via Bhuvan (ISRO), collected by github.com/answerquest/asi-monuments-xml2csv"
Fort and Dungeons,Karnataka,Hassan,Fort,12.917373,75.758402,,,"ASI monument register via Bhuvan (ISRO), collected by github.com/answerquest/asi-monuments-xml2csv"
Lakshminarasimha Temple,Karnataka,Hassan,Temple,13.010955,76.475045,,,"ASI monument register via Bhuvan (ISRO), collected by github.com/answerquest/asi-monuments-xml2csv"
Sadasiva Temple,Karnataka,Hassan,Temple,13.011645,76.477054,,,"ASI monument register via Bhuvan (ISRO), collected by github.com/answerquest/asi-monuments-xml2csv"
Nagesvara and Chennakesava Temple,Karnataka,Hassan,Temple,12.901663,76.142341,,,"ASI monument register via Bhuvan (ISRO), collected by github.com/answerquest/asi-monuments-xml2csv"
Keshava Temple,Karnataka,Mysore,Temple,12.275737,76.881556,,,"ASI monument register via Bhuvan (ISRO), collected by github.com/answerquest/asi-monuments-xml2csv"
Gumbaj containing tomb of TipuSultan,Karnataka,Mandya,Monument / Tomb,12.41004,76.71394,,,"ASI monument register via Bhuvan (ISRO), collected by github.com/answerquest/asi-monuments-xml2csv"
Daria Daulat Bagh,Karnataka,Mandya,,12.420026,76.696869,,,"ASI monument register via Bhuvan (ISRO), collected by github.com/answerquest/asi-monuments-xml2csv"
Juma Masjid (Masjid-E-Ala),Karnataka,Mandya,,12.422425,76.688952,,,"ASI monument register via Bhuvan (ISRO), collected by github.com/answerquest/asi-monuments-xml2csv"
Thomas Inman's Dungeon,Karnataka,Mandya,,12.424597,76.690869,,,"ASI monument register via Bhuvan (ISRO), collected by github.com/answerquest/asi-monuments-xml2csv"
Spot where Tipu's Body was found,Karnataka,Mandya,,12.425166,76.687853,,,"ASI monument register via Bhuvan (ISRO), collected by github.com/answerquest/asi-monuments-xml2csv"
Ancient Palace site and Remains,Karnataka,Mandya,Palace / Haveli,12.425583,76.684125,,,"ASI monument register via Bhuvan (ISRO), collected by github.com/answerquest/asi-monuments-xml2csv"
Sri Kanthirava Statue in Narasimha Temple,Karnataka,Mandya,Temple,12.424316,76.681676,,,"ASI monument register via Bhuvan (ISRO), collected by github.com/answerquest/asi-monuments-xml2csv"
Obelisk Monuments and Fort walls near the Breach,Karnataka,Mandya,Fort,12.425444,76.674062,,,"ASI monument register via Bhuvan (ISRO), collected by github.com/answerquest/asi-monuments-xml2csv"
Saumyakeshava Temple,Karnataka,Mandya,Temple,12.819699,76.753578,,,"ASI monument register via Bhuvan (ISRO), collected by github.com/answerquest/asi-monuments-xml2csv"
Narayanaswamy Temple,Karnataka,Mandya,Temple,12.660234,76.647458,,,"ASI monument register via Bhuvan (ISRO), collected by github.com/answerquest/asi-monuments-xml2csv"
Mallikarjuna Temple,Karnataka,Mandya,Temple,12.710224,76.816956,,,"ASI monument register via Bhuvan (ISRO), collected by github.com/answerquest/asi-monuments-xml2csv"
Sri Srikanteshvara Temple,Karnataka,Mysore,Temple,12.11897,76.692453,,,"ASI monument register via Bhuvan (ISRO), collected by github.com/answerquest/asi-monuments-xml2csv"
Vaidyeshwara Temple,Karnataka,Mysore,Temple,12.179305,77.026482,,,"ASI monument register via Bhuvan (ISRO), collected by github.com/answerquest/asi-monuments-xml2csv"
Kirtinarayana Temple,Karnataka,Mysore,Temple,12.179635,77.024411,,,"ASI monument register via Bhuvan (ISRO), collected by github.com/answerquest/asi-monuments-xml2csv"
Nambi Narayana Temple,Karnataka,Mandya,Temple,12.557032,76.641833,,,"ASI monument register via Bhuvan (ISRO), collected by github.com/answerquest/asi-monuments-xml2csv"
Sidlu Mallikarjuna Temple,Karnataka,Mysore,Temple,12.453769,76.116026,,,"ASI monument register via Bhuvan (ISRO), collected by github.com/answerquest/asi-monuments-xml2csv"
Sidlu Mallikarjuna Temple,Karnataka,Mysore,Temple,12.460363,76.108182,,,"ASI monument register via Bhuvan (ISRO), collected by github.com/answerquest/asi-monuments-xml2csv"
Kedaresvara Temple,Karnataka,Shimoga,Temple,14.393927,75.244264,,,"ASI monument register via Bhuvan (ISRO), collected by github.com/answerquest/asi-monuments-xml2csv"
Tripurantesvara Temple,Karnataka,Shimoga,Temple,14.400079,75.242877,,,"ASI monument register via Bhuvan (ISRO), collected by github.com/answerquest/asi-monuments-xml2csv"
Bherundeshvara Temple,Karnataka,Shimoga,Temple,14.399894,75.2396,,,"ASI monument register via Bhuvan (ISRO), collected by github.com/answerquest/asi-monuments-xml2csv"
Somanathaswamy Temple,Karnataka,Shimoga,Temple,14.399202,75.240458,,,"ASI monument register via Bhuvan (ISRO), collected by github.com/answerquest/asi-monuments-xml2csv"
Pranavesvara Temple,Karnataka,Shimoga,Temple,14.422565,75.25324,,,"ASI monument register via Bhuvan (ISRO), collected by github.com/answerquest/asi-monuments-xml2csv"
Kaitabhesvara Temple,Karnataka,Shimoga,Temple,14.575674,75.147387,,,"ASI monument register via Bhuvan (ISRO), collected by github.com/answerquest/asi-monuments-xml2csv"
Rameshwara Temple,Karnataka,Shimoga,Temple,14.007805,75.674737,,,"ASI monument register via Bhuvan (ISRO), collected by github.com/answerquest/asi-monuments-xml2csv"
Rameswara Temple,Karnataka,Shimoga,Temple,14.224241,75.01648,,,"ASI monument register via Bhuvan (ISRO), collected by github.com/answerquest/asi-monuments-xml2csv"
Parshwanatha Basadi,Karnataka,Shimoga,,14.574051,75.136358,,,"ASI monument register via Bhuvan (ISRO), collected by github.com/answerquest/asi-monuments-xml2csv"
Rameshwara Temple,Karnataka,Shimoga,Temple,14.575207,75.136398,,,"ASI monument register via Bhuvan (ISRO), collected by github.com/answerquest/asi-monuments-xml2csv"
Channigaraya Temple,Karnataka,Tumkur,Temple,13.252128,76.615473,,,"ASI monument register via Bhuvan (ISRO), collected by github.com/answerquest/asi-monuments-xml2csv"
Fort,Karnataka,Tumkur,Fort,13.65549,77.206361,,,"ASI monument register via Bhuvan (ISRO), collected by github.com/answerquest/asi-monuments-xml2csv"
Chaturmukha Temple,Karnataka,Udupi,Temple,13.20865,75.004878,,,"ASI monument register via Bhuvan (ISRO), collected by github.com/answerquest/asi-monuments-xml2csv"
Jaina statue of Gomateswara,Karnataka,Udupi,,13.203927,75.005477,,,"ASI monument register via Bhuvan (ISRO), collected by github.com/answerquest/asi-monuments-xml2csv"
Ananthapadmanabha temple with ancient 'Dalans' in ruins around,Karnataka,Udupi,Temple,13.213182,75.003843,,,"ASI monument register via Bhuvan (ISRO), collected by github.com/answerquest/asi-monuments-xml2csv"
Fort and Large Masonry Elephants,Karnataka,Coorg (Kodagu),Fort,12.421038,75.738346,,,"ASI monument register via Bhuvan (ISRO), collected by github.com/answerquest/asi-monuments-xml2csv"
Raja's Seat,Karnataka,Coorg (Kodagu),,12.414229,75.736853,,,"ASI monument register via Bhuvan (ISRO), collected by github.com/answerquest/asi-monuments-xml2csv"
Three stone built Jaina Temples standing in a Courtyard with an inscription,Karnataka,Coorg (Kodagu),,12.691721,75.919196,,,"ASI monument register via Bhuvan (ISRO), collected by github.com/answerquest/asi-monuments-xml2csv"
Fortress & Temples on the hill,Karnataka,Chitradurga,,14.21584,76.395919,,,"ASI monument register via Bhuvan (ISRO), collected by github.com/answerquest/asi-monuments-xml2csv"
Pre-Historic Site,Karnataka,Chitradurga,,14.213699,76.386393,,,"ASI monument register via Bhuvan (ISRO), collected by github.com/answerquest/asi-monuments-xml2csv"
Pre-Historic Site,Karnataka,Bangalore,,12.926699,77.28623,,,"ASI monument register via Bhuvan (ISRO), collected by github.com/answerquest/asi-monuments-xml2csv"
Prehistoric Site,Karnataka,Kolar,,13.046083,78.246692,,,"ASI monument register via Bhuvan (ISRO), collected by github.com/answerquest/asi-monuments-xml2csv"
Sri Arkesvara Temple,Karnataka,Chamarajanagar,Temple,11.968066,76.987765,,,"ASI monument register via Bhuvan (ISRO), collected by github.com/answerquest/asi-monuments-xml2csv"
Great Manastambha at Hariyangadi (otherwise called Haliyangadi,Karnataka,Udupi,,13.206038,74.986818,,,"ASI monument register via Bhuvan (ISRO), collected by github.com/answerquest/asi-monuments-xml2csv"
Old Dungeon Fort & Gates,Karnataka,Bangalore,Fort,12.963017,77.575734,,,"ASI monument register via Bhuvan (ISRO), collected by github.com/answerquest/asi-monuments-xml2csv"
Tipu Sultan's Palace,Karnataka,Bangalore,Palace / Haveli,12.959438,77.573706,,,"ASI monument register via Bhuvan (ISRO), collected by github.com/answerquest/asi-monuments-xml2csv"
Sri Ranganatha Svami Temple,Karnataka,Mandya,Temple,12.424965,76.679362,,,"ASI monument register via Bhuvan (ISRO), collected by github.com/answerquest/asi-monuments-xml2csv"
Colonel Bailey's Dungeon,Karnataka,Mandya,,12.426736,76.678875,,,"ASI monument register via Bhuvan (ISRO), collected by github.com/answerquest/asi-monuments-xml2csv"
Inscibed Pillar,Karnataka,Shimoga,,14.422528,75.253171,,,"ASI monument register via Bhuvan (ISRO), collected by github.com/answerquest/asi-monuments-xml2csv"
Lakshmikanta Temple,Karnataka,Mysore,Temple,11.978472,76.474944,,,"ASI monument register via Bhuvan (ISRO), collected by github.com/answerquest/asi-monuments-xml2csv"
Basati's and Inscriptions,Karnataka,Shimoga,,13.863598,75.205368,,,"ASI monument register via Bhuvan (ISRO), collected by github.com/answerquest/asi-monuments-xml2csv"
Palace site Outside the Fort,Karnataka,Shimoga,Fort,13.823922,75.034688,,,"ASI monument register via Bhuvan (ISRO), collected by github.com/answerquest/asi-monuments-xml2csv"
Haider Ali's Birth Place,Karnataka,Kolar,,12.904783,78.12781,,,"ASI monument register via Bhuvan (ISRO), collected by github.com/answerquest/asi-monuments-xml2csv"
Jaina Basti with Brahmadeva Pillar,Karnataka,Shimoga,,13.667026,75.285305,,,"ASI monument register via Bhuvan (ISRO), collected by github.com/answerquest/asi-monuments-xml2csv"
Stambha in Front of the Kotakeri Jaina Basti,Karnataka,South Kanara,,13.09506,74.792985,,,"ASI monument register via Bhuvan (ISRO), collected by github.com/answerquest/asi-monuments-xml2csv"
Ashokan Inscription,Karnataka,Chitradurga,,14.813838,76.806368,,,"ASI monument register via Bhuvan (ISRO), collected by github.com/answerquest/asi-monuments-xml2csv"
Pre-Historic Site,Karnataka,Chitradurga,,14.806951,76.816798,,,"ASI monument register via Bhuvan (ISRO), collected by github.com/answerquest/asi-monuments-xml2csv"
Inscripiton and Jatingi Ramesvara Temple,Karnataka,Chitradurga,Temple,14.850105,76.79029,,,"ASI monument register via Bhuvan (ISRO), collected by github.com/answerquest/asi-monuments-xml2csv"
Akka Tangi Temple & Ashokan Inscription Emmethammana Gundu,Karnataka,Chitradurga,Temple,14.80831,76.802196,,,"ASI monument register via Bhuvan (ISRO), collected by github.com/answerquest/asi-monuments-xml2csv"
Akka Tangi Temple & Ashokan Inscription Emmethammana Gundu,Karnataka,Chitradurga,Temple,14.813725,76.799695,,,"ASI monument register via Bhuvan (ISRO), collected by github.com/answerquest/asi-monuments-xml2csv"
Shahji's Tomb,Karnataka,Davangere,Monument / Tomb,14.046593,76.001427,,,"ASI monument register via Bhuvan (ISRO), collected by github.com/answerquest/asi-monuments-xml2csv"
Temples and Inscriptions,Karnataka,Shimoga,,14.474205,75.111638,,,"ASI monument register via Bhuvan (ISRO), collected by github.com/answerquest/asi-monuments-xml2csv"
Inscribed Pillar,Karnataka,Shimoga,,14.483919,75.322925,,,"ASI monument register via Bhuvan (ISRO), collected by github.com/answerquest/asi-monuments-xml2csv"
Temples and Inscriptions,Karnataka,South Kanara,,14.443556,75.149994,,,"ASI monument register via Bhuvan (ISRO), collected by github.com/answerquest/asi-monuments-xml2csv"
Temples and Inscriptions,Karnataka,South Kanara,,14.443756,75.149046,,,"ASI monument register via Bhuvan (ISRO), collected by github.com/answerquest/asi-monuments-xml2csv"
Temples and Inscriptions,Karnataka,South Kanara,,14.443644,75.147746,,,"ASI monument register via Bhuvan (ISRO), collected by github.com/answerquest/asi-monuments-xml2csv"
Vedic burial mound,Bihar,West Champaran,,26.980276,84.396729,,,"ASI monument register via Bhuvan (ISRO), collected by github.com/answerquest/asi-monuments-xml2csv"
Fort ruins,Bihar,East Champaran,Fort,26.458946,84.959747,,,"ASI monument register via Bhuvan (ISRO), collected by github.com/answerquest/asi-monuments-xml2csv"
Buddhist stupa,Bihar,East Champaran,,26.334696,84.854637,,,"ASI monument register via Bhuvan (ISRO), collected by github.com/answerquest/asi-monuments-xml2csv"
"Ancestral house of Dr. Rajendra Prasad, the first president of india",Bihar,Siwan,,26.193203,84.254616,,,"ASI monument register via Bhuvan (ISRO), collected by github.com/answerquest/asi-monuments-xml2csv"
Ancient mound,Bihar,Buxar,,25.574612,83.96978,,,"ASI monument register via Bhuvan (ISRO), collected by github.com/answerquest/asi-monuments-xml2csv"
Tomb of Shamsher Khan,Bihar,Aurangabad,Monument / Tomb,25.090433,84.459534,,,"ASI monument register via Bhuvan (ISRO), collected by github.com/answerquest/asi-monuments-xml2csv"
Ashokan column,Bihar,Muzaffarpur,,26.013926,85.109428,,,"ASI monument register via Bhuvan (ISRO), collected by github.com/answerquest/asi-monuments-xml2csv"
Relic stupa (excavated remains of stupa),Bihar,Vaishali,,25.995602,85.117767,,,"ASI monument register via Bhuvan (ISRO), collected by github.com/answerquest/asi-monuments-xml2csv"
Mound known as Raja Vishal ka garh,Bihar,Vaishali,Fort,25.987291,85.126862,,,"ASI monument register via Bhuvan (ISRO), collected by github.com/answerquest/asi-monuments-xml2csv"
Jami mosque(Juma mosque),Bihar,Vaishali,,25.687494,85.197884,,,"ASI monument register via Bhuvan (ISRO), collected by github.com/answerquest/asi-monuments-xml2csv"
Ancient mounds and ruined brick walls together with adjacent land comprising part of survey plot no. 608 & 611,Bihar,Patna,,25.64761,84.872284,,,"ASI monument register via Bhuvan (ISRO), collected by github.com/answerquest/asi-monuments-xml2csv"
Ancient mounds and ruined brick walls together with adjacent land comprising part of survey plot no. 399,Bihar,Patna,,25.64661,84.870758,,,"ASI monument register via Bhuvan (ISRO), collected by github.com/answerquest/asi-monuments-xml2csv"
The Tank,Bihar,Patna,,25.640253,84.873367,,,"ASI monument register via Bhuvan (ISRO), collected by github.com/answerquest/asi-monuments-xml2csv"
Remains of wooden foundations and ancient Mauryan wall,Bihar,Patna,,25.609299,85.186211,,,"ASI monument register via Bhuvan (ISRO), collected by github.com/answerquest/asi-monuments-xml2csv"
The supposed site of the palace of Ashoka,Bihar,Patna,Palace / Haveli,25.599422,85.18486,,,"ASI monument register via Bhuvan (ISRO), collected by github.com/answerquest/asi-monuments-xml2csv"
The grove known as the Bulandibagh,Bihar,Patna,,25.602652,85.180084,,,"ASI monument register via Bhuvan (ISRO), collected by github.com/answerquest/asi-monuments-xml2csv"
"Mir Ashraf's mosque, Ablution tank and Pucca well",Bihar,Patna,,25.591684,85.228043,,,"ASI monument register via Bhuvan (ISRO), collected by github.com/answerquest/asi-monuments-xml2csv"
Sculptures and images,Bihar,Patna,,25.48076,84.862954,,,"ASI monument register via Bhuvan (ISRO), collected by github.com/answerquest/asi-monuments-xml2csv"
Tomb at Bakhtiyar Khan,Bihar,Kaimur,Monument / Tomb,25.030872,83.48848,,,"ASI monument register via Bhuvan (ISRO), collected by github.com/answerquest/asi-monuments-xml2csv"
Temple of Mundeshwari Devi,Bihar,Kaimur,Temple,24.983609,83.564697,,,"ASI monument register via Bhuvan (ISRO), collected by github.com/answerquest/asi-monuments-xml2csv"
Tomb of Sher Shah Suri,Bihar,Rohtas,Monument / Tomb,24.948326,84.009071,,,"ASI monument register via Bhuvan (ISRO), collected by github.com/answerquest/asi-monuments-xml2csv"
Tomb of Hasan Sur Shah,Bihar,Rohtas,Monument / Tomb,24.948666,84.014481,,,"ASI monument register via Bhuvan (ISRO), collected by github.com/answerquest/asi-monuments-xml2csv"
Ancient Buddhistic images and sculptures colectted underneath a shed,Bihar,Jahanabad,,25.065921,84.88955,,,"ASI monument register via Bhuvan (ISRO), collected by github.com/answerquest/asi-monuments-xml2csv"
Shiva Temple,Bihar,Gaya,Temple,24.933743,84.771637,,,"ASI monument register via Bhuvan (ISRO), collected by github.com/answerquest/asi-monuments-xml2csv"
Sculptures of various Hindu deities carved on the northern and eastern faces of some rocks of Kauadol hill,Bihar,Gaya,,24.995127,85.027802,,,"ASI monument register via Bhuvan (ISRO), collected by github.com/answerquest/asi-monuments-xml2csv"
"The whole of the ancient ruins on which there are a colossal statue of Buddha, a few loose sculptures and thirteen sandstone pillar",Bihar,Gaya,,24.99358,85.027725,,,"ASI monument register via Bhuvan (ISRO), collected by github.com/answerquest/asi-monuments-xml2csv"
Sculptures of four Hindu deities one on each side of an oblong isolated bolder to the east of Kauadol hill,Bihar,Gaya,,24.992391,85.028798,,,"ASI monument register via Bhuvan (ISRO), collected by github.com/answerquest/asi-monuments-xml2csv"
Sculptures of various Hindu deities carved on the southern and eastern faces of some rocks and boulder of Kauadol hill,Bihar,Gaya,,24.99188,85.028221,,,"ASI monument register via Bhuvan (ISRO), collected by github.com/answerquest/asi-monuments-xml2csv"
Sculptures of various Hindu deities carved on the face of an isolated round boulder separated by a distance of 12 feet from the south-eastern corner  of Kauadol hill,Bihar,Gaya,,24.991878,85.028578,,,"ASI monument register via Bhuvan (ISRO), collected by github.com/answerquest/asi-monuments-xml2csv"
Visva Jhopa cave,Bihar,Jahanabad,,25.005509,85.065842,,,"ASI monument register via Bhuvan (ISRO), collected by github.com/answerquest/asi-monuments-xml2csv"
Tomb of Malik Ibrahim Bayu,Bihar,Nalanda,Monument / Tomb,25.20525,85.504364,,,"ASI monument register via Bhuvan (ISRO), collected by github.com/answerquest/asi-monuments-xml2csv"
"All mounds, structures and buildings enclosed in the acquired area (Excavated remains)",Bihar,Nalanda,,25.136187,85.443558,,,"ASI monument register via Bhuvan (ISRO), collected by github.com/answerquest/asi-monuments-xml2csv"
Ancient mound,Bihar,Nalanda,,25.133541,85.442902,,,"ASI monument register via Bhuvan (ISRO), collected by github.com/answerquest/asi-monuments-xml2csv"
Ancient remains known as garh,Bihar,Nalanda,Fort,25.022753,85.521805,,,"ASI monument register via Bhuvan (ISRO), collected by github.com/answerquest/asi-monuments-xml2csv"
The area generally known as garh,Bihar,Gaya,Fort,24.828754,85.25367,,,"ASI monument register via Bhuvan (ISRO), collected by github.com/answerquest/asi-monuments-xml2csv"
Ashoka inscription on the Chandan shahid hill,Bihar,Rohtas,,24.94146,84.038213,,,"ASI monument register via Bhuvan (ISRO), collected by github.com/answerquest/asi-monuments-xml2csv"
Three rock incriptions adjasent to Tara Chandi temple,Bihar,Rohtas,Temple,24.921312,84.047586,,,"ASI monument register via Bhuvan (ISRO), collected by github.com/answerquest/asi-monuments-xml2csv"
Gopi cave,Bihar,Jahanabad,,25.009117,85.078415,,,"ASI monument register via Bhuvan (ISRO), collected by github.com/answerquest/asi-monuments-xml2csv"
Statue of Buddha,Bihar,Nalanda,,25.123484,85.428932,,,"ASI monument register via Bhuvan (ISRO), collected by github.com/answerquest/asi-monuments-xml2csv"
Ancient stupa and other remains locally known as Sujata garh,Bihar,Gaya,Fort,24.698078,85.003624,,,"ASI monument register via Bhuvan (ISRO), collected by github.com/answerquest/asi-monuments-xml2csv"
Rohtas garh fort,Bihar,Rohtas,Fort,24.623386,83.917686,,,"ASI monument register via Bhuvan (ISRO), collected by github.com/answerquest/asi-monuments-xml2csv"
Ancient site of Vikramshila Monastry,Bihar,Bhagalpur,,25.325169,87.284447,,,"ASI monument register via Bhuvan (ISRO), collected by github.com/answerquest/asi-monuments-xml2csv"
Patalpuri cave and land adjoining bateshwar cave on patharghatta hill,Bihar,Bhagalpur,,25.329363,87.260941,,,"ASI monument register via Bhuvan (ISRO), collected by github.com/answerquest/asi-monuments-xml2csv"
Ancient monolithic pillar known as Lat,Bihar,Jahanabad,,25.096266,85.162247,,,"ASI monument register via Bhuvan (ISRO), collected by github.com/answerquest/asi-monuments-xml2csv"
Rock Temple,Bihar,Bhagalpur,Temple,25.261768,87.220589,,,"ASI monument register via Bhuvan (ISRO), collected by github.com/answerquest/asi-monuments-xml2csv"
Kanhaiya ji ka mandir,Bihar,Kishanganj,Temple,26.36834,87.963547,,,"ASI monument register via Bhuvan (ISRO), collected by github.com/answerquest/asi-monuments-xml2csv"
Ancient Buddhistic images and other images and sculptures colected underneath a shed,Bihar,Gaya,,24.618182,84.735847,,,"ASI monument register via Bhuvan (ISRO), collected by github.com/answerquest/asi-monuments-xml2csv"
Rock sculptures at Patharghatta,Bihar,Bhagalpur,,25.329655,87.2612,,,"ASI monument register via Bhuvan (ISRO), collected by github.com/answerquest/asi-monuments-xml2csv"
Ancient mound in the valley known as Hansra Kol,Bihar,Gaya,,24.770278,85.218333,,,"ASI monument register via Bhuvan (ISRO), collected by github.com/answerquest/asi-monuments-xml2csv"
Ancient mound in the hill known as Sobhnath,Bihar,Gaya,,24.769194,85.218529,,,"ASI monument register via Bhuvan (ISRO), collected by github.com/answerquest/asi-monuments-xml2csv"
(i) All ancient structures and other monuments or remains and all artificial caves and mounds containing ancient remains within the limit of the said ancient city of Manjhi. (ii) Remains of the ancient city Manjhi,Bihar,Saran,,25.835278,84.574722,,,"ASI monument register via Bhuvan (ISRO), collected by github.com/answerquest/asi-monuments-xml2csv"
Karan Chaupar cave,Bihar,Jahanabad,,25.005888,85.062994,,,"ASI monument register via Bhuvan (ISRO), collected by github.com/answerquest/asi-monuments-xml2csv"
Sudama cave,Bihar,Jahanabad,,25.005813,85.062779,,,"ASI monument register via Bhuvan (ISRO), collected by github.com/answerquest/asi-monuments-xml2csv"
All ancient structures and other monuments or remains within the areas enclosed by the said walls of old & new rajgriha (Giriyak Stupa),Bihar,Nalanda,,25.025148,85.512955,,,"ASI monument register via Bhuvan (ISRO), collected by github.com/answerquest/asi-monuments-xml2csv"
All ancient structures and other monuments or remains within the areas enclosed by the said walls of old & new rajgriha(Stupa on Hill),Bihar,Nalanda,,25.005451,85.450485,,,"ASI monument register via Bhuvan (ISRO), collected by github.com/answerquest/asi-monuments-xml2csv"
All ancient structures and other monuments or remains within the areas enclosed by the said walls of old & new rajgriha(Gridhkuta Stupa),Bihar,Nalanda,,25.001745,85.446487,,,"ASI monument register via Bhuvan (ISRO), collected by github.com/answerquest/asi-monuments-xml2csv"
All ancient structures and other monuments or remains within the areas enclosed by the said walls of old & new rajgriha (Jivkamra Van),Bihar,Nalanda,,24.995422,85.435486,,,"ASI monument register via Bhuvan (ISRO), collected by github.com/answerquest/asi-monuments-xml2csv"
All ancient structures and other monuments or remains within the areas enclosed by the said walls of old & new rajgriha (Bimbisar Jail),Bihar,Nalanda,,24.99486,85.429146,,,"ASI monument register via Bhuvan (ISRO), collected by github.com/answerquest/asi-monuments-xml2csv"
All ancient structures and other monuments or remains within the areas enclosed by the said walls of old & new rajgriha (Newly Ex. Stupa),Bihar,Nalanda,,24.98246,85.430382,,,"ASI monument register via Bhuvan (ISRO), collected by github.com/answerquest/asi-monuments-xml2csv"
All ancient structures and other monuments or remains within the areas enclosed by the said walls of old & new rajgriha (Chariot Wheel Mark),Bihar,Nalanda,,24.984766,85.431305,,,"ASI monument register via Bhuvan (ISRO), collected by github.com/answerquest/asi-monuments-xml2csv"
Remains of ancient fort or garh locally known as Raja Bali ka garh,Bihar,Madhubani,Fort,26.459717,86.322586,,,"ASI monument register via Bhuvan (ISRO), collected by github.com/answerquest/asi-monuments-xml2csv"
All ancient structures and other monuments or remains within the areas enclosed by the said walls of old & new rajgriha (Maniyar Math),Bihar,Nalanda,Temple,25.001911,85.422356,,,"ASI monument register via Bhuvan (ISRO), collected by github.com/answerquest/asi-monuments-xml2csv"
All ancient structures and other monuments or remains within the areas enclosed by the said walls of old & new rajgriha (Son Bhandar),Bihar,Nalanda,,25.004044,85.41684,,,"ASI monument register via Bhuvan (ISRO), collected by github.com/answerquest/asi-monuments-xml2csv"
All ancient structures and other monuments or remains within the areas enclosed by the said walls of old & new rajgriha (JARASANDH KA Akhara),Bihar,Nalanda,,24.999182,85.412048,,,"ASI monument register via Bhuvan (ISRO), collected by github.com/answerquest/asi-monuments-xml2csv"
All ancient structures and other monuments or remains within the areas enclosed by the said walls of old & new rajgriha (Mahadeo Temple),Bihar,Nalanda,Temple,25.006361,85.411888,,,"ASI monument register via Bhuvan (ISRO), collected by github.com/answerquest/asi-monuments-xml2csv"
All ancient structures and other monuments or remains within the areas enclosed by the said walls of old & new rajgriha (Jain Temple),Bihar,Nalanda,Temple,25.006895,85.411659,,,"ASI monument register via Bhuvan (ISRO), collected by github.com/answerquest/asi-monuments-xml2csv"
Tomb of Shah Makhdum Daulah Maneri and Ibrahim Khan,Bihar,Patna,Monument / Tomb,25.64156,84.873787,,,"ASI monument register via Bhuvan (ISRO), collected by github.com/answerquest/asi-monuments-xml2csv"
Rampart of the fort and ruined fortress (Ruined fortress),Bihar,West Champaran,Fort,26.986667,84.394167,,,"ASI monument register via Bhuvan (ISRO), collected by github.com/answerquest/asi-monuments-xml2csv"
Rampart of the fort and ruined fortress (Rampart),Bihar,West Champaran,Fort,26.982537,84.395264,,,"ASI monument register via Bhuvan (ISRO), collected by github.com/answerquest/asi-monuments-xml2csv"
Ashokan column known as Laur pillar,Bihar,East Champaran,,26.550272,84.647461,,,"ASI monument register via Bhuvan (ISRO), collected by github.com/answerquest/asi-monuments-xml2csv"
Walls of the two ancient cities known as old and new rajgriha,Bihar,Nalanda,,25.021159,85.417943,,,"ASI monument register via Bhuvan (ISRO), collected by github.com/answerquest/asi-monuments-xml2csv"
All ancient structures and all artificial caves and mounds containing ancient remains which are situated within a distance of half a mile of said ancient cities known as old and new Rajgriha (Venu Van),Bihar,Nalanda,,25.015555,85.417834,,,"ASI monument register via Bhuvan (ISRO), collected by github.com/answerquest/asi-monuments-xml2csv"
All ancient structures and all artificial caves and mounds containing ancient remains which are situated within a distance of half a mile of said ancient cities known as old and new Rajgriha (Bhim Baithaka),Bihar,Nalanda,,25.012174,85.417874,,,"ASI monument register via Bhuvan (ISRO), collected by github.com/answerquest/asi-monuments-xml2csv"
All ancient structures and all artificial caves and mounds containing ancient remains which are situated within a distance of half a mile of said ancient cities known as old and new Rajgriha (Saptparni Caves),Bihar,Nalanda,,25.007106,85.410795,,,"ASI monument register via Bhuvan (ISRO), collected by github.com/answerquest/asi-monuments-xml2csv"
All ancient structures and all artificial caves and mounds containing ancient remains which are situated within a distance of half a mile of said ancient cities known as old and new Rajgriha (Ajatshatru Stupa),Bihar,Nalanda,,25.017735,85.420995,,,"ASI monument register via Bhuvan (ISRO), collected by github.com/answerquest/asi-monuments-xml2csv"
All ancient structures and all artificial caves and mounds containing ancient remains which are situated within a distance of half a mile of said ancient cities known as old and new Rajgriha (Ashoka stupa),Bihar,Nalanda,,25.020149,85.414886,,,"ASI monument register via Bhuvan (ISRO), collected by github.com/answerquest/asi-monuments-xml2csv"
All ancient structures and all artificial caves and mounds containing ancient remains which are situated within a distance of half a mile of said ancient cities known as old and new Rajgriha (Stupa),Bihar,Nalanda,,25.017209,85.419932,,,"ASI monument register via Bhuvan (ISRO), collected by github.com/answerquest/asi-monuments-xml2csv"
All ancient structures and all artificial caves and mounds containing ancient remains which are situated within a distance of half a mile of said ancient cities known as old and new Rajgriha (Stupa),Bihar,Nalanda,,25.022084,85.412624,,,"ASI monument register via Bhuvan (ISRO), collected by github.com/answerquest/asi-monuments-xml2csv"
All ancient structures and all artificial caves and mounds containing ancient remains which are situated within a distance of half a mile of said ancient cities known as old and new Rajgriha (Stupa),Bihar,Nalanda,,25.021931,85.413559,,,"ASI monument register via Bhuvan (ISRO), collected by github.com/answerquest/asi-monuments-xml2csv"
All ancient structures and all artificial caves and mounds containing ancient remains which are situated within a distance of half a mile of said ancient cities known as old and new Rajgriha (Stupa),Bihar,Nalanda,,25.019431,85.419714,,,"ASI monument register via Bhuvan (ISRO), collected by github.com/answerquest/asi-monuments-xml2csv"
Lomas rishi cave,Bihar,Jahanabad,,25.005679,85.063009,,,"ASI monument register via Bhuvan (ISRO), collected by github.com/answerquest/asi-monuments-xml2csv"
Vadathika cave,Bihar,Jahanabad,,25.011238,85.076904,,,"ASI monument register via Bhuvan (ISRO), collected by github.com/answerquest/asi-monuments-xml2csv"
Vapiyaka cave,Bihar,Jahanabad,,25.011199,85.076936,,,"ASI monument register via Bhuvan (ISRO), collected by github.com/answerquest/asi-monuments-xml2csv"
Mounds known as the five stupas or panch pahari,Bihar,Patna,,25.582593,85.192571,,,"ASI monument register via Bhuvan (ISRO), collected by github.com/answerquest/asi-monuments-xml2csv"
The mound or stupa known as Chhoti Pahari,Bihar,Patna,,25.588264,85.193614,,,"ASI monument register via Bhuvan (ISRO), collected by github.com/answerquest/asi-monuments-xml2csv"
Two large mounds called Garha & Garhi,Uttar Pradesh,Allahabad,,25.306559,81.78691,,,"ASI monument register via Bhuvan (ISRO), collected by github.com/answerquest/asi-monuments-xml2csv"
Benisagar Tank and remains of temple and sculptures in survey plot no.322,Jharkhand,West Singhbhum,Temple,21.987338,85.88925,,,"ASI monument register via Bhuvan (ISRO), collected by github.com/answerquest/asi-monuments-xml2csv"
"An ancient stone temple with Shiva lingam,",Jharkhand,Lohardaga,Temple,23.453811,84.746772,,,"ASI monument register via Bhuvan (ISRO), collected by github.com/answerquest/asi-monuments-xml2csv"
Jami Masjid,Jharkhand,Sahebganj,,25.073856,87.77755,,,"ASI monument register via Bhuvan (ISRO), collected by github.com/answerquest/asi-monuments-xml2csv"
Baradari building with probable underground cell,Jharkhand,Sahebganj,,25.075489,87.779714,,,"ASI monument register via Bhuvan (ISRO), collected by github.com/answerquest/asi-monuments-xml2csv"
"Ancient mound locally known as Kulugarha, Bansput  together with adjacent land, Survey plot No. 1095 and 1096",Jharkhand,Saraikela Kharswan,,22.759192,86.132583,,,"ASI monument register via Bhuvan (ISRO), collected by github.com/answerquest/asi-monuments-xml2csv"
"Site of an old fort,",Jharkhand,East Singhbhum,Fort,22.628564,86.388064,,,"ASI monument register via Bhuvan (ISRO), collected by github.com/answerquest/asi-monuments-xml2csv"
"Asura site,",Jharkhand,Khunti,,23.056547,85.274477,,,"ASI monument register via Bhuvan (ISRO), collected by github.com/answerquest/asi-monuments-xml2csv"
"Asura site, Saridkel",Jharkhand,Khunti,,23.045531,85.334969,,,"ASI monument register via Bhuvan (ISRO), collected by github.com/answerquest/asi-monuments-xml2csv"
"Asura site,",Jharkhand,Khunti,,23.043411,85.253433,,,"ASI monument register via Bhuvan (ISRO), collected by github.com/answerquest/asi-monuments-xml2csv"
"Asura site,(Goratoli)",Jharkhand,Khunti,,22.97882,85.309318,,,"ASI monument register via Bhuvan (ISRO), collected by github.com/answerquest/asi-monuments-xml2csv"
"Asura site,",Jharkhand,Khunti,,22.9904,85.278614,,,"ASI monument register via Bhuvan (ISRO), collected by github.com/answerquest/asi-monuments-xml2csv"
Temples at   Haradih,Jharkhand,Ranchi,,23.146467,85.694317,,,"ASI monument register via Bhuvan (ISRO), collected by github.com/answerquest/asi-monuments-xml2csv"
Kayatha temple,Jharkhand,Ramgarh,Temple,23.617207,85.544615,,,"ASI monument register via Bhuvan (ISRO), collected by github.com/answerquest/asi-monuments-xml2csv"
Benisagar Tank and remains of temple and sculptures in survey plot no.322,Jharkhand,West Singhbhum,Temple,21.985178,85.890392,,,"ASI monument register via Bhuvan (ISRO), collected by github.com/answerquest/asi-monuments-xml2csv"
"An ancient stone temple with Shiva lingam, Khekparta,",Jharkhand,Lohardaga,Temple,23.45261,84.747587,,,"ASI monument register via Bhuvan (ISRO), collected by github.com/answerquest/asi-monuments-xml2csv"
"An ancient stone temple with Shiva lingam, Khekparta,",Jharkhand,Lohardaga,Temple,23.452797,84.74695,,,"ASI monument register via Bhuvan (ISRO), collected by github.com/answerquest/asi-monuments-xml2csv"
"Asura site,",Jharkhand,Khunti,,23.055608,85.274673,,,"ASI monument register via Bhuvan (ISRO), collected by github.com/answerquest/asi-monuments-xml2csv"
"Asura site,",Jharkhand,Khunti,,23.055917,85.275191,,,"ASI monument register via Bhuvan (ISRO), collected by github.com/answerquest/asi-monuments-xml2csv"
Large stone dwelling house of Alha & Udal,Uttar Pradesh,Allahabad,,25.314184,81.71502,,,"ASI monument register via Bhuvan (ISRO), collected by github.com/answerquest/asi-monuments-xml2csv"
Standing figure identified as Buddha Asvaghosha (SrigariDavi),Uttar Pradesh,Allahabad,,25.317556,81.792403,,,"ASI monument register via Bhuvan (ISRO), collected by github.com/answerquest/asi-monuments-xml2csv"
Inscription of three lines of the Indo-Scythian period,Uttar Pradesh,Allahabad,,25.194119,81.739088,,,"ASI monument register via Bhuvan (ISRO), collected by github.com/answerquest/asi-monuments-xml2csv"
Megalithic cists and cairns circles.,Tamil Nadu,Kanchipuram,,12.655916,79.645368,,,"ASI monument register via Bhuvan (ISRO), collected by github.com/answerquest/asi-monuments-xml2csv"
Megalithic cists and cairns,Tamil Nadu,Kanchipuram,,12.912558,79.945414,,,"ASI monument register via Bhuvan (ISRO), collected by github.com/answerquest/asi-monuments-xml2csv"
Megalithic cist,Tamil Nadu,Kanchipuram,,12.96388,80.114249,,,"ASI monument register via Bhuvan (ISRO), collected by github.com/answerquest/asi-monuments-xml2csv"
Megalithic cists and cairns,Tamil Nadu,Kanchipuram,,12.688354,80.087845,,,"ASI monument register via Bhuvan (ISRO), collected by github.com/answerquest/asi-monuments-xml2csv"
Megalithic cists and cairns with stone circles,Tamil Nadu,Kanchipuram,,12.763884,79.972678,,,"ASI monument register via Bhuvan (ISRO), collected by github.com/answerquest/asi-monuments-xml2csv"
Megalithic cists and cairns,Tamil Nadu,Perambalur,,11.130499,78.889046,,,"ASI monument register via Bhuvan (ISRO), collected by github.com/answerquest/asi-monuments-xml2csv"
Megalithic cists and cairns,Tamil Nadu,Perambalur,,11.134092,78.890875,,,"ASI monument register via Bhuvan (ISRO), collected by github.com/answerquest/asi-monuments-xml2csv"
"Prehistoric burial site, stone circle, and menhirs",Tamil Nadu,Pudukkottai,,10.44652,78.699056,,,"ASI monument register via Bhuvan (ISRO), collected by github.com/answerquest/asi-monuments-xml2csv"
Prehistoric burial site,Tamil Nadu,Pudukkottai,,10.460176,78.7637,,,"ASI monument register via Bhuvan (ISRO), collected by github.com/answerquest/asi-monuments-xml2csv"
Dolmens,Tamil Nadu,Pudukkottai,,10.507935,78.86213,,,"ASI monument register via Bhuvan (ISRO), collected by github.com/answerquest/asi-monuments-xml2csv"
Prehistoric dolmens,Tamil Nadu,Pudukkottai,,10.496637,78.906725,,,"ASI monument register via Bhuvan (ISRO), collected by github.com/answerquest/asi-monuments-xml2csv"
Prehistoric dolmens,Tamil Nadu,Pudukkottai,,10.487096,78.917832,,,"ASI monument register via Bhuvan (ISRO), collected by github.com/answerquest/asi-monuments-xml2csv"
Prehistoric dolmens,Tamil Nadu,Pudukkottai,,10.442019,78.600615,,,"ASI monument register via Bhuvan (ISRO), collected by github.com/answerquest/asi-monuments-xml2csv"
Prehistoric burial site,Tamil Nadu,Pudukkottai,,10.468775,78.847993,,,"ASI monument register via Bhuvan (ISRO), collected by github.com/answerquest/asi-monuments-xml2csv"
Prehistoric burial site,Tamil Nadu,Pudukkottai,,10.487628,78.771151,,,"ASI monument register via Bhuvan (ISRO), collected by github.com/answerquest/asi-monuments-xml2csv"
Cairns and urns,Tamil Nadu,Pudukkottai,,10.299012,79.077846,,,"ASI monument register via Bhuvan (ISRO), collected by github.com/answerquest/asi-monuments-xml2csv"
North Eastern corner of the outer rampart of the old fort at Arcot,Tamil Nadu,Vellore,Fort,12.900298,79.346925,,,"ASI monument register via Bhuvan (ISRO), collected by github.com/answerquest/asi-monuments-xml2csv"
Delhi gate,Tamil Nadu,Vellore,,12.907387,79.337886,,,"ASI monument register via Bhuvan (ISRO), collected by github.com/answerquest/asi-monuments-xml2csv"
Masjid and two ponds in the west of the citadel,Tamil Nadu,Vellore,,12.900856,79.33508,,,"ASI monument register via Bhuvan (ISRO), collected by github.com/answerquest/asi-monuments-xml2csv"
Virgin group containing many barrows.,Tamil Nadu,Tiruvallur,,13.197557,80.166716,,,"ASI monument register via Bhuvan (ISRO), collected by github.com/answerquest/asi-monuments-xml2csv"
Virgin group containing many barrows.,Tamil Nadu,Tiruvallur,,13.203729,80.164682,,,"ASI monument register via Bhuvan (ISRO), collected by github.com/answerquest/asi-monuments-xml2csv"
Two lion pillars in the Vahanamantapam of the Subramanya temple,Tamil Nadu,Pudukkottai,Temple,10.602803,78.546136,,,"ASI monument register via Bhuvan (ISRO), collected by github.com/answerquest/asi-monuments-xml2csv"
Chandramalleswarar Temple,Tamil Nadu,Tiruvannamalai,Temple,12.830954,79.519997,,,"ASI monument register via Bhuvan (ISRO), collected by github.com/answerquest/asi-monuments-xml2csv"
Tirupuleswarar Temple,Tamil Nadu,Kanchipuram,Temple,12.488529,80.130148,,,"ASI monument register via Bhuvan (ISRO), collected by github.com/answerquest/asi-monuments-xml2csv"
Uttaadaniswara Temple,Tamil Nadu,Pudukkottai,Temple,10.403188,78.61149,,,"ASI monument register via Bhuvan (ISRO), collected by github.com/answerquest/asi-monuments-xml2csv"
Old Town Wall,Tamil Nadu,Chennai,,13.103893,80.288541,,,"ASI monument register via Bhuvan (ISRO), collected by github.com/answerquest/asi-monuments-xml2csv"
Rock cut beds under natural rock shelter in Ammanamalai or Samanarmalai,Tamil Nadu,Madurai,,9.926346,78.040788,,,"ASI monument register via Bhuvan (ISRO), collected by github.com/answerquest/asi-monuments-xml2csv"
Rock cut bas-relief of Jain images with inscriptions in Vatteluthu in Ammanamalai or Samanarmalai,Tamil Nadu,Madurai,,9.922651,78.046824,,,"ASI monument register via Bhuvan (ISRO), collected by github.com/answerquest/asi-monuments-xml2csv"
Group of cairns,Tamil Nadu,Kanchipuram,,12.927556,80.171984,,,"ASI monument register via Bhuvan (ISRO), collected by github.com/answerquest/asi-monuments-xml2csv"
Megalithic cists and cairns,Tamil Nadu,Kanchipuram,,12.900324,80.089461,,,"ASI monument register via Bhuvan (ISRO), collected by github.com/answerquest/asi-monuments-xml2csv"
Jami Masjid,Uttar Pradesh,Budaun,,28.038972,79.121667,,,"ASI monument register via Bhuvan (ISRO), collected by github.com/answerquest/asi-monuments-xml2csv"
Megalithic cists,Tamil Nadu,Kanchipuram,,12.896242,80.086763,,,"ASI monument register via Bhuvan (ISRO), collected by github.com/answerquest/asi-monuments-xml2csv"
Sri  Apath Sahayeswara Temple and gate way with horses,Tamil Nadu,Villupuram,Temple,11.747031,79.378372,,,"ASI monument register via Bhuvan (ISRO), collected by github.com/answerquest/asi-monuments-xml2csv"
Megalithic cists and cairns with stone circles,Tamil Nadu,Kanchipuram,,12.865884,80.080387,,,"ASI monument register via Bhuvan (ISRO), collected by github.com/answerquest/asi-monuments-xml2csv"
"Huge stone figures of a lion, elephant and a bull",Tamil Nadu,Kanchipuram,,12.619557,80.192167,,,"ASI monument register via Bhuvan (ISRO), collected by github.com/answerquest/asi-monuments-xml2csv"
Kotikal Mantapa,Tamil Nadu,Kanchipuram,,12.619547,80.192344,,,"ASI monument register via Bhuvan (ISRO), collected by github.com/answerquest/asi-monuments-xml2csv"
Two rock-cut cave Temples at the northeast corner of the Koneri Pallam Tank,Tamil Nadu,Kanchipuram,,12.618777,80.191254,,,"ASI monument register via Bhuvan (ISRO), collected by github.com/answerquest/asi-monuments-xml2csv"
Unfinished Ratha and stone couch,Tamil Nadu,Kanchipuram,,12.617481,80.192105,,,"ASI monument register via Bhuvan (ISRO), collected by github.com/answerquest/asi-monuments-xml2csv"
Unfinished Excavations Near Triple Celled Rock Cut Shrine,Tamil Nadu,Kanchipuram,,12.615507,80.192043,,,"ASI monument register via Bhuvan (ISRO), collected by github.com/answerquest/asi-monuments-xml2csv"
Megalithic cists and cairns with stone circles,Tamil Nadu,Kanchipuram,,12.899246,79.960213,,,"ASI monument register via Bhuvan (ISRO), collected by github.com/answerquest/asi-monuments-xml2csv"
Dolmens near machur reserved forest,Tamil Nadu,Dindigul,,10.272872,77.606799,,,"ASI monument register via Bhuvan (ISRO), collected by github.com/answerquest/asi-monuments-xml2csv"
Dolmens near machur reserved forest,Tamil Nadu,Dindigul,,10.272998,77.607157,,,"ASI monument register via Bhuvan (ISRO), collected by github.com/answerquest/asi-monuments-xml2csv"
Dolmens,Tamil Nadu,Dindigul,,10.287366,77.629146,,,"ASI monument register via Bhuvan (ISRO), collected by github.com/answerquest/asi-monuments-xml2csv"
Dolmens near talayar river on top of the hill,Tamil Nadu,Dindigul,,10.267168,77.501358,,,"ASI monument register via Bhuvan (ISRO), collected by github.com/answerquest/asi-monuments-xml2csv"
Megalithic cists and cairns with stone circles,Tamil Nadu,Kanchipuram,,12.877805,80.017517,,,"ASI monument register via Bhuvan (ISRO), collected by github.com/answerquest/asi-monuments-xml2csv"
Megalithic cists and cairns with stone circles,Tamil Nadu,Kanchipuram,,12.870453,80.015799,,,"ASI monument register via Bhuvan (ISRO), collected by github.com/answerquest/asi-monuments-xml2csv"
Megalithic cists and cairns with stone circles,Tamil Nadu,Kanchipuram,,12.828968,80.064406,,,"ASI monument register via Bhuvan (ISRO), collected by github.com/answerquest/asi-monuments-xml2csv"
Megalithic cists and cairns,Tamil Nadu,Kanchipuram,,12.867288,80.078376,,,"ASI monument register via Bhuvan (ISRO), collected by github.com/answerquest/asi-monuments-xml2csv"
Rajendracholiswaram Temple,Tamil Nadu,Pudukkottai,Temple,10.276802,78.538316,,,"ASI monument register via Bhuvan (ISRO), collected by github.com/answerquest/asi-monuments-xml2csv"
Lesser Siva Temple,Tamil Nadu,Kanchipuram,Temple,12.849745,79.858634,,,"ASI monument register via Bhuvan (ISRO), collected by github.com/answerquest/asi-monuments-xml2csv"
Venkatesaperumal Temple,Tamil Nadu,Kanchipuram,Temple,12.762927,79.860567,,,"ASI monument register via Bhuvan (ISRO), collected by github.com/answerquest/asi-monuments-xml2csv"
Aleva shore Temple,Tamil Nadu,Kanchipuram,Temple,12.616449,80.199358,,,"ASI monument register via Bhuvan (ISRO), collected by github.com/answerquest/asi-monuments-xml2csv"
Iravatanesvara Temple,Tamil Nadu,Kanchipuram,Temple,12.845389,79.704887,,,"ASI monument register via Bhuvan (ISRO), collected by github.com/answerquest/asi-monuments-xml2csv"
Piravathaneswara Temple,Tamil Nadu,Kanchipuram,Temple,12.845454,79.706029,,,"ASI monument register via Bhuvan (ISRO), collected by github.com/answerquest/asi-monuments-xml2csv"
Nitiswaraswami Temple,Tamil Nadu,Cuddalore,Temple,11.40196,79.406934,,,"ASI monument register via Bhuvan (ISRO), collected by github.com/answerquest/asi-monuments-xml2csv"
Jain Temple,Tamil Nadu,Erode,Temple,11.249704,77.502964,,,"ASI monument register via Bhuvan (ISRO), collected by github.com/answerquest/asi-monuments-xml2csv"
Tiger headed rock-cut Temple,Tamil Nadu,Kanchipuram,Temple,12.655896,80.209106,,,"ASI monument register via Bhuvan (ISRO), collected by github.com/answerquest/asi-monuments-xml2csv"
Rock cut Siva Temples with three lingas,Tamil Nadu,Kanchipuram,,12.657873,80.209626,,,"ASI monument register via Bhuvan (ISRO), collected by github.com/answerquest/asi-monuments-xml2csv"
"Two inscribed rocks, one having six and the other fifty lines of ancient Tamil inscriptions with remains of other ancient buildings",Tamil Nadu,Kanchipuram,,12.659021,80.209644,,,"ASI monument register via Bhuvan (ISRO), collected by github.com/answerquest/asi-monuments-xml2csv"
"Two inscribed rocks, one having six and the other fifty lines of ancient Tamil inscriptions with remains of other ancient buildings",Tamil Nadu,Kanchipuram,,12.659119,80.210572,,,"ASI monument register via Bhuvan (ISRO), collected by github.com/answerquest/asi-monuments-xml2csv"
Dolotsava mandapa,Tamil Nadu,Kanchipuram,,12.617177,80.194095,,,"ASI monument register via Bhuvan (ISRO), collected by github.com/answerquest/asi-monuments-xml2csv"
Eight stone images on a masonry Platform known as the “Seven pidaris”,Tamil Nadu,Kanchipuram,,12.620232,80.1949,,,"ASI monument register via Bhuvan (ISRO), collected by github.com/answerquest/asi-monuments-xml2csv"
Mukundanayanar Temple (half buried in sand to the north of the village),Tamil Nadu,Kanchipuram,Temple,12.627149,80.194894,,,"ASI monument register via Bhuvan (ISRO), collected by github.com/answerquest/asi-monuments-xml2csv"
Vaikuntaperumal temple with adjacent land comprised in part of survey plot No.878/286,Tamil Nadu,Kanchipuram,Temple,12.615255,79.758267,,,"ASI monument register via Bhuvan (ISRO), collected by github.com/answerquest/asi-monuments-xml2csv"
Two Jain Tirthankara images in a coconut plantation,Tamil Nadu,Pudukkottai,,10.464057,78.695936,,,"ASI monument register via Bhuvan (ISRO), collected by github.com/answerquest/asi-monuments-xml2csv"
Mennandar Pillayar Temple,Tamil Nadu,Pudukkottai,Temple,10.191052,78.843911,,,"ASI monument register via Bhuvan (ISRO), collected by github.com/answerquest/asi-monuments-xml2csv"
Fort,Tamil Nadu,Vellore,Fort,12.920448,79.128514,,,"ASI monument register via Bhuvan (ISRO), collected by github.com/answerquest/asi-monuments-xml2csv"
Jalakanteswara Temple,Tamil Nadu,Vellore,Temple,12.922342,79.129183,,,"ASI monument register via Bhuvan (ISRO), collected by github.com/answerquest/asi-monuments-xml2csv"
Old mosque in the fort,Tamil Nadu,Vellore,Fort,12.920087,79.129247,,,"ASI monument register via Bhuvan (ISRO), collected by github.com/answerquest/asi-monuments-xml2csv"
Outside the fort;- (1) Pattabirama            Temple  (2) Twelve-pillared                 Mandapa,Tamil Nadu,Villupuram,Fort,12.234347,79.40299,,,"ASI monument register via Bhuvan (ISRO), collected by github.com/answerquest/asi-monuments-xml2csv"
Outside the fort;- (1) Pattabirama            Temple  (2) Twelve-pillared                 Mandapa,Tamil Nadu,Villupuram,Fort,12.23448,79.404065,,,"ASI monument register via Bhuvan (ISRO), collected by github.com/answerquest/asi-monuments-xml2csv"
Brihadiswara Temple,Tamil Nadu,Perambalur,Temple,11.206454,79.448827,,,"ASI monument register via Bhuvan (ISRO), collected by github.com/answerquest/asi-monuments-xml2csv"
Town gate way,Tamil Nadu,Nagapattinam,,11.026021,79.851966,,,"ASI monument register via Bhuvan (ISRO), collected by github.com/answerquest/asi-monuments-xml2csv"
Excavated Ramains of Buddhist Vihara and Temple at Pallavareswaram,Tamil Nadu,Nagapattinam,Temple,11.147529,79.830439,,,"ASI monument register via Bhuvan (ISRO), collected by github.com/answerquest/asi-monuments-xml2csv"
Rock,Tamil Nadu,Karur,,10.89883,78.388961,,,"ASI monument register via Bhuvan (ISRO), collected by github.com/answerquest/asi-monuments-xml2csv"
Sivaganga little fort enclosing the Great Temple,Tamil Nadu,Thanjavur,Fort,10.782788,79.131443,,,"ASI monument register via Bhuvan (ISRO), collected by github.com/answerquest/asi-monuments-xml2csv"
Schwartz (Christ) Church,Tamil Nadu,Thanjavur,,10.785571,79.131207,,,"ASI monument register via Bhuvan (ISRO), collected by github.com/answerquest/asi-monuments-xml2csv"
Tirumalai Nayak’s Palace,Tamil Nadu,Virudhunagar,Palace / Haveli,9.507913,77.632294,,,"ASI monument register via Bhuvan (ISRO), collected by github.com/answerquest/asi-monuments-xml2csv"
Panchanadiswara (Vadugiswara) Temple,Tamil Nadu,Puducherry U.T,Temple,11.918989,79.657054,,,"ASI monument register via Bhuvan (ISRO), collected by github.com/answerquest/asi-monuments-xml2csv"
Todadrinatha Vishnu Temple,Tamil Nadu,Puducherry U.T,Temple,11.927519,79.64762,,,"ASI monument register via Bhuvan (ISRO), collected by github.com/answerquest/asi-monuments-xml2csv"
Moolanathaswamy Temple,Tamil Nadu,Puducherry U.T,Temple,11.807012,79.742253,,,"ASI monument register via Bhuvan (ISRO), collected by github.com/answerquest/asi-monuments-xml2csv"
Old British Infantry Officers Mess (Now housing the Fort Museum) Block No.XXXVI/2,Tamil Nadu,Chennai,Fort,13.080695,80.287544,,,"ASI monument register via Bhuvan (ISRO), collected by github.com/answerquest/asi-monuments-xml2csv"
St. Mary’s Church with tablets laid on the ground and enclosed by a compound and a buried wall,Tamil Nadu,Chennai,,13.078704,80.286524,,,"ASI monument register via Bhuvan (ISRO), collected by github.com/answerquest/asi-monuments-xml2csv"
Clives House built in 1753,Tamil Nadu,Chennai,,13.078703,80.285918,,,"ASI monument register via Bhuvan (ISRO), collected by github.com/answerquest/asi-monuments-xml2csv"
Mahishasura rock standing in the sea north of Shore Temple,Tamil Nadu,Kanchipuram,Temple,12.617286,80.199068,,,"ASI monument register via Bhuvan (ISRO), collected by github.com/answerquest/asi-monuments-xml2csv"
Two small carved rocks to the south of the shore temple,Tamil Nadu,Kanchipuram,Temple,12.614437,80.197941,,,"ASI monument register via Bhuvan (ISRO), collected by github.com/answerquest/asi-monuments-xml2csv"
Ruined Dutch Fort and cemetery,Tamil Nadu,Kanchipuram,Fort,12.525657,80.163588,,,"ASI monument register via Bhuvan (ISRO), collected by github.com/answerquest/asi-monuments-xml2csv"
"Jain image, stone lion and foundation of a temple",Tamil Nadu,Pudukkottai,Temple,10.672935,78.839146,,,"ASI monument register via Bhuvan (ISRO), collected by github.com/answerquest/asi-monuments-xml2csv"
"Muvarkoil with surrounding sub-Shrines, stone enclosure and stone well on the north-east corner",Tamil Nadu,Pudukkottai,,10.541768,78.519174,,,"ASI monument register via Bhuvan (ISRO), collected by github.com/answerquest/asi-monuments-xml2csv"
Remains of Aivarkovil,Tamil Nadu,Pudukkottai,,10.539592,78.520338,,,"ASI monument register via Bhuvan (ISRO), collected by github.com/answerquest/asi-monuments-xml2csv"
Remains of structural temple and antiquities,Tamil Nadu,Pudukkottai,Temple,10.542118,78.519091,,,"ASI monument register via Bhuvan (ISRO), collected by github.com/answerquest/asi-monuments-xml2csv"
Uttamanathaswami Siva Temple,Tamil Nadu,Pudukkottai,Temple,10.571902,78.784087,,,"ASI monument register via Bhuvan (ISRO), collected by github.com/answerquest/asi-monuments-xml2csv"
Whole of the Siva Temple and the inscribed stone in the front mantapam,Tamil Nadu,Pudukkottai,Temple,10.343575,78.534703,,,"ASI monument register via Bhuvan (ISRO), collected by github.com/answerquest/asi-monuments-xml2csv"
Stone and brick fort,Tamil Nadu,Pudukkottai,Fort,10.247147,78.75286,,,"ASI monument register via Bhuvan (ISRO), collected by github.com/answerquest/asi-monuments-xml2csv"
Stone and brick fort,Tamil Nadu,Pudukkottai,Fort,10.248801,78.751276,,,"ASI monument register via Bhuvan (ISRO), collected by github.com/answerquest/asi-monuments-xml2csv"
Stone and brick fort,Tamil Nadu,Pudukkottai,Fort,10.245722,78.750409,,,"ASI monument register via Bhuvan (ISRO), collected by github.com/answerquest/asi-monuments-xml2csv"
Rock-cut Siva Temple (Sathyyagiriswara shrine),Tamil Nadu,Pudukkottai,Temple,10.247032,78.751568,,,"ASI monument register via Bhuvan (ISRO), collected by github.com/answerquest/asi-monuments-xml2csv"
Rock-cut Vishnu Temple – (Sathyamurti shrine),Tamil Nadu,Pudukkottai,Temple,10.246826,78.751958,,,"ASI monument register via Bhuvan (ISRO), collected by github.com/answerquest/asi-monuments-xml2csv"
Siva Temple,Tamil Nadu,Pudukkottai,Temple,10.462378,78.976367,,,"ASI monument register via Bhuvan (ISRO), collected by github.com/answerquest/asi-monuments-xml2csv"
Svambunathar Temple,Tamil Nadu,Tiruvannamalai,Temple,12.446799,79.519941,,,"ASI monument register via Bhuvan (ISRO), collected by github.com/answerquest/asi-monuments-xml2csv"
Sri Azhagiya Narasimma Perumal Temple,Tamil Nadu,Villupuram,Temple,12.124577,79.492043,,,"ASI monument register via Bhuvan (ISRO), collected by github.com/answerquest/asi-monuments-xml2csv"
Sri Pataleswara Temple,Tamil Nadu,Villupuram,Temple,12.11827,79.481291,,,"ASI monument register via Bhuvan (ISRO), collected by github.com/answerquest/asi-monuments-xml2csv"
"Arikamedu, early historic site",Tamil Nadu,Pondicherry,,11.902669,79.819934,,,"ASI monument register via Bhuvan (ISRO), collected by github.com/answerquest/asi-monuments-xml2csv"
Karuppanaswami rock and Jain sculptures,Tamil Nadu,Theni,,9.811985,77.330213,,,"ASI monument register via Bhuvan (ISRO), collected by github.com/answerquest/asi-monuments-xml2csv"
Dolmens,Tamil Nadu,Pudukkottai,,10.275207,78.779581,,,"ASI monument register via Bhuvan (ISRO), collected by github.com/answerquest/asi-monuments-xml2csv"
Rock cut cave  and inscriptions,Tamil Nadu,Madurai,,9.873988,78.070681,,,"ASI monument register via Bhuvan (ISRO), collected by github.com/answerquest/asi-monuments-xml2csv"
Big gun known as ‘Rajagopal’ in the east rampart and the bastion.,Tamil Nadu,Thanjavur,,10.793529,79.13899,,,"ASI monument register via Bhuvan (ISRO), collected by github.com/answerquest/asi-monuments-xml2csv"
Nithya Kalyanaswami Temple,Tamil Nadu,Kanchipuram,Temple,12.763385,80.241865,,,"ASI monument register via Bhuvan (ISRO), collected by github.com/answerquest/asi-monuments-xml2csv"
Sri  Apath Sahayeswara Temple and gate way with horses,Tamil Nadu,Villupuram,Temple,11.746049,79.376809,,,"ASI monument register via Bhuvan (ISRO), collected by github.com/answerquest/asi-monuments-xml2csv"
Cavern with Panchapandava beds on western slope of the hills and similar beds behind the Sikkandar mosque on the top,Tamil Nadu,Madurai,,9.878145,78.067118,,,"ASI monument register via Bhuvan (ISRO), collected by github.com/answerquest/asi-monuments-xml2csv"
Fort Gateway,Tamil Nadu,Trichy,Fort,10.826652,78.693436,,,"ASI monument register via Bhuvan (ISRO), collected by github.com/answerquest/asi-monuments-xml2csv"
(1) Lower cave (2) Path leading to                     the site in front of the lower cave(3) Path leading to the upper cave (4) Site in front of the lower cave (5) Upper cave,Tamil Nadu,Trichy,,10.828006,78.697129,,,"ASI monument register via Bhuvan (ISRO), collected by github.com/answerquest/asi-monuments-xml2csv"
Siva (Erumbeswaraswami) Temple,Tamil Nadu,Trichy,Temple,10.792491,78.767287,,,"ASI monument register via Bhuvan (ISRO), collected by github.com/answerquest/asi-monuments-xml2csv"
Dutch Cemetery,Tamil Nadu,Tiruvallur,,13.418731,80.315195,,,"ASI monument register via Bhuvan (ISRO), collected by github.com/answerquest/asi-monuments-xml2csv"
Ekambareswarar Temple,Tamil Nadu,Karaikal,Temple,10.934104,79.743202,,,"ASI monument register via Bhuvan (ISRO), collected by github.com/answerquest/asi-monuments-xml2csv"
King’s Barracks Block No.XXV,Tamil Nadu,Chennai,,13.081053,80.286068,,,"ASI monument register via Bhuvan (ISRO), collected by github.com/answerquest/asi-monuments-xml2csv"
"Big Warehouse, south of the Church Library (in Block No.II/7).",Tamil Nadu,Chennai,,13.07837,80.286691,,,"ASI monument register via Bhuvan (ISRO), collected by github.com/answerquest/asi-monuments-xml2csv"
Last house on the left of ‘Snobs Allay’ (oldest house in theFort with carved staircase) – Block No.I/1,Tamil Nadu,Chennai,,13.07789,80.286863,,,"ASI monument register via Bhuvan (ISRO), collected by github.com/answerquest/asi-monuments-xml2csv"
Sarangatheeswara Temple known as Thiruvagneeswaran Temple,Tamil Nadu,Pudukkottai,Temple,10.367508,78.693567,,,"ASI monument register via Bhuvan (ISRO), collected by github.com/answerquest/asi-monuments-xml2csv"
Rock-cut shrine of Pushpavaneswara,Tamil Nadu,Pudukkottai,,10.333823,78.625562,,,"ASI monument register via Bhuvan (ISRO), collected by github.com/answerquest/asi-monuments-xml2csv"
Jain Tirthankara Idol,Tamil Nadu,Pudukkottai,,10.221942,78.801749,,,"ASI monument register via Bhuvan (ISRO), collected by github.com/answerquest/asi-monuments-xml2csv"
Krishna’s Butterball,Tamil Nadu,Kanchipuram,,12.619077,80.192407,,,"ASI monument register via Bhuvan (ISRO), collected by github.com/answerquest/asi-monuments-xml2csv"
Arjuna’s Penance,Tamil Nadu,Kanchipuram,,12.617707,80.192628,,,"ASI monument register via Bhuvan (ISRO), collected by github.com/answerquest/asi-monuments-xml2csv"
Rock-cut Ganesa Temple,Tamil Nadu,Kanchipuram,Temple,12.618405,80.192503,,,"ASI monument register via Bhuvan (ISRO), collected by github.com/answerquest/asi-monuments-xml2csv"
Royagopuram (unfinished),Tamil Nadu,Kanchipuram,,12.61759,80.19232,,,"ASI monument register via Bhuvan (ISRO), collected by github.com/answerquest/asi-monuments-xml2csv"
Dharmaraja’s Rock cut throne,Tamil Nadu,Kanchipuram,,12.614516,80.191603,,,"ASI monument register via Bhuvan (ISRO), collected by github.com/answerquest/asi-monuments-xml2csv"
Iswara Temple,Tamil Nadu,Kanchipuram,Temple,12.615113,80.191403,,,"ASI monument register via Bhuvan (ISRO), collected by github.com/answerquest/asi-monuments-xml2csv"
Krishna Madapa,Tamil Nadu,Kanchipuram,,12.617367,80.192549,,,"ASI monument register via Bhuvan (ISRO), collected by github.com/answerquest/asi-monuments-xml2csv"
Large unfinished rock sculpture similar to Arjuna’s Penance near the light-house,Tamil Nadu,Kanchipuram,,12.615082,80.192279,,,"ASI monument register via Bhuvan (ISRO), collected by github.com/answerquest/asi-monuments-xml2csv"
Mahishamardhani rock cut Mandapa,Tamil Nadu,Kanchipuram,,12.615174,80.191527,,,"ASI monument register via Bhuvan (ISRO), collected by github.com/answerquest/asi-monuments-xml2csv"
"Ramparts, gates bastions, Ravelins with vaulted chambers and water cisterns underneath; moat and defense walls all round with glacis to the extent of the existing barbed wire fence",Tamil Nadu,Chennai,,13.082465,80.285727,,,"ASI monument register via Bhuvan (ISRO), collected by github.com/answerquest/asi-monuments-xml2csv"
Nursing Sister’s House (Block 1/3),Tamil Nadu,Chennai,,13.078303,80.28699,,,"ASI monument register via Bhuvan (ISRO), collected by github.com/answerquest/asi-monuments-xml2csv"
Fort St. George “Arsenal” between Wellesley house and Clive’s House with shells and cannons piled together near the Gateway Block IV/1-12 and 14-18,Tamil Nadu,Chennai,Fort,13.077914,80.286528,,,"ASI monument register via Bhuvan (ISRO), collected by github.com/answerquest/asi-monuments-xml2csv"
"Wellesley House (Built in 1798), Block No.IV/13",Tamil Nadu,Chennai,,13.077738,80.285661,,,"ASI monument register via Bhuvan (ISRO), collected by github.com/answerquest/asi-monuments-xml2csv"
Garrisons Engineer’s Depot  Block No.IV,Tamil Nadu,Chennai,,13.078203,80.284888,,,"ASI monument register via Bhuvan (ISRO), collected by github.com/answerquest/asi-monuments-xml2csv"
Guard Room Block No.V,Tamil Nadu,Chennai,,13.079489,80.285879,,,"ASI monument register via Bhuvan (ISRO), collected by github.com/answerquest/asi-monuments-xml2csv"
Chaplain’s house including portion which the northern side of the Old WallII/1,Tamil Nadu,Chennai,,13.077501,80.28663,,,"ASI monument register via Bhuvan (ISRO), collected by github.com/answerquest/asi-monuments-xml2csv"
Sri  Matangeswara Temple,Tamil Nadu,Kanchipuram,Temple,12.835617,79.708242,,,"ASI monument register via Bhuvan (ISRO), collected by github.com/answerquest/asi-monuments-xml2csv"
Jvarahareshwara Temple,Tamil Nadu,Kanchipuram,Temple,12.842214,79.698783,,,"ASI monument register via Bhuvan (ISRO), collected by github.com/answerquest/asi-monuments-xml2csv"
Vaikunta Perumal Temple,Tamil Nadu,Kanchipuram,Temple,12.837103,79.709816,,,"ASI monument register via Bhuvan (ISRO), collected by github.com/answerquest/asi-monuments-xml2csv"
Kailasanatha Temple,Tamil Nadu,Kanchipuram,Temple,12.842307,79.689679,,,"ASI monument register via Bhuvan (ISRO), collected by github.com/answerquest/asi-monuments-xml2csv"
Whole cave with two Jain figures carved on the rock over it and damaged inscription,Tamil Nadu,Pudukkottai,,10.525758,78.770249,,,"ASI monument register via Bhuvan (ISRO), collected by github.com/answerquest/asi-monuments-xml2csv"
Droupadi’s Bath,Tamil Nadu,Kanchipuram,,12.617642,80.191387,,,"ASI monument register via Bhuvan (ISRO), collected by github.com/answerquest/asi-monuments-xml2csv"
Unfinished Rock cut cave Temple North of Krishna Mantapa,Tamil Nadu,Kanchipuram,Temple,12.617586,80.192579,,,"ASI monument register via Bhuvan (ISRO), collected by github.com/answerquest/asi-monuments-xml2csv"
Stone Sculptures representing group of monkeys,Tamil Nadu,Kanchipuram,,12.617988,80.192725,,,"ASI monument register via Bhuvan (ISRO), collected by github.com/answerquest/asi-monuments-xml2csv"
Madhukesvara Temple,Karnataka,Uttar Kannada,Temple,14.535171,75.01709,,,"ASI monument register via Bhuvan (ISRO), collected by github.com/answerquest/asi-monuments-xml2csv"
Triple celled rock-cut shrine with Gopi’s churn in front of it,Tamil Nadu,Kanchipuram,,12.61984,80.192686,,,"ASI monument register via Bhuvan (ISRO), collected by github.com/answerquest/asi-monuments-xml2csv"
"Rock cut sculptures representing a group of elephants, monkeys and peacock",Tamil Nadu,Kanchipuram,,12.619895,80.192827,,,"ASI monument register via Bhuvan (ISRO), collected by github.com/answerquest/asi-monuments-xml2csv"
Rock-cut Varaha temple containing Varaha and Vamana Incarnations of Vishnu,Tamil Nadu,Kanchipuram,Temple,12.617999,80.192245,,,"ASI monument register via Bhuvan (ISRO), collected by github.com/answerquest/asi-monuments-xml2csv"
Unfinished Excavations South Of Draupadi Rath,Tamil Nadu,Kanchipuram,,12.616559,80.191518,,,"ASI monument register via Bhuvan (ISRO), collected by github.com/answerquest/asi-monuments-xml2csv"
Sanctum of the old Siva Temple,Tamil Nadu,Pudukkottai,Temple,10.206073,78.498697,,,"ASI monument register via Bhuvan (ISRO), collected by github.com/answerquest/asi-monuments-xml2csv"
Megalithic cists and cairns,Tamil Nadu,Kanchipuram,,12.881523,80.104748,,,"ASI monument register via Bhuvan (ISRO), collected by github.com/answerquest/asi-monuments-xml2csv"
Megalithic cists and cairns,Tamil Nadu,Kanchipuram,,12.897024,80.095224,,,"ASI monument register via Bhuvan (ISRO), collected by github.com/answerquest/asi-monuments-xml2csv"
Megalithic cairns with stone circles and sarvophagi,Tamil Nadu,Kanchipuram,,13.014626,80.09708,,,"ASI monument register via Bhuvan (ISRO), collected by github.com/answerquest/asi-monuments-xml2csv"
Jain sculptures and inscriptions on the hill,Tamil Nadu,Vellore,,13.075137,79.262693,,,"ASI monument register via Bhuvan (ISRO), collected by github.com/answerquest/asi-monuments-xml2csv"
Megalithic cists and cairns,Tamil Nadu,Kanchipuram,,12.504147,79.838073,,,"ASI monument register via Bhuvan (ISRO), collected by github.com/answerquest/asi-monuments-xml2csv"
Papanatha Temple,Karnataka,Bagalkot,Temple,15.947539,75.816346,,,"ASI monument register via Bhuvan (ISRO), collected by github.com/answerquest/asi-monuments-xml2csv"
Sangamesvara Temple,Karnataka,Bagalkot,Temple,15.949757,75.816205,,,"ASI monument register via Bhuvan (ISRO), collected by github.com/answerquest/asi-monuments-xml2csv"
Mallikarjun temple,Karnataka,Bagalkot,Temple,15.949341,75.815807,,,"ASI monument register via Bhuvan (ISRO), collected by github.com/answerquest/asi-monuments-xml2csv"
Monolithic stone pillar bearing inscriptions,Karnataka,Bagalkot,,15.949375,75.81632,,,"ASI monument register via Bhuvan (ISRO), collected by github.com/answerquest/asi-monuments-xml2csv"
Kashivisveswar Temple,Karnataka,Bagalkot,Temple,15.949483,75.815853,,,"ASI monument register via Bhuvan (ISRO), collected by github.com/answerquest/asi-monuments-xml2csv"
Kadasiddesvara Temple,Karnataka,Bagalkot,Temple,15.95039,75.816031,,,"ASI monument register via Bhuvan (ISRO), collected by github.com/answerquest/asi-monuments-xml2csv"
Jambulinga Temple,Karnataka,Bagalkot,Temple,15.950112,75.815976,,,"ASI monument register via Bhuvan (ISRO), collected by github.com/answerquest/asi-monuments-xml2csv"
Virupaksha Temple,Karnataka,Bagalkot,Temple,15.949148,75.816134,,,"ASI monument register via Bhuvan (ISRO), collected by github.com/answerquest/asi-monuments-xml2csv"
Galaganth temple,Karnataka,Bagalkot,Temple,15.950064,75.816181,,,"ASI monument register via Bhuvan (ISRO), collected by github.com/answerquest/asi-monuments-xml2csv"
Chandrashekara Temple near Sangamesvara temple,Karnataka,Bagalkot,Temple,15.949904,75.816222,,,"ASI monument register via Bhuvan (ISRO), collected by github.com/answerquest/asi-monuments-xml2csv"
Traymabakeshvara Temple (black marble Isvaralinga),Karnataka,Bagalkot,Temple,16.018099,75.882145,,,"ASI monument register via Bhuvan (ISRO), collected by github.com/answerquest/asi-monuments-xml2csv"
Temple in the fields at north-west corner of the village(local name Chikki Gudi),Karnataka,Bagalkot,Temple,16.022045,75.880218,,,"ASI monument register via Bhuvan (ISRO), collected by github.com/answerquest/asi-monuments-xml2csv"
Veerabhadra Temple (oppsite to Ramalinga Temple),Karnataka,Bagalkot,Temple,16.007246,75.878752,,,"ASI monument register via Bhuvan (ISRO), collected by github.com/answerquest/asi-monuments-xml2csv"
No name close to Virabhadra Temple,Karnataka,Bagalkot,Temple,16.007378,75.878927,,,"ASI monument register via Bhuvan (ISRO), collected by github.com/answerquest/asi-monuments-xml2csv"
Ramalinga Temple,Karnataka,Bagalkot,Temple,16.007249,75.878945,,,"ASI monument register via Bhuvan (ISRO), collected by github.com/answerquest/asi-monuments-xml2csv"
Rachigudi,Karnataka,Bagalkot,,16.018856,75.880094,,,"ASI monument register via Bhuvan (ISRO), collected by github.com/answerquest/asi-monuments-xml2csv"
Vnniavar gudi (Temple),Karnataka,Bagalkot,Temple,16.017703,75.880004,,,"ASI monument register via Bhuvan (ISRO), collected by github.com/answerquest/asi-monuments-xml2csv"
Veniyargudi 3,Karnataka,Bagalkot,,16.017292,75.880386,,,"ASI monument register via Bhuvan (ISRO), collected by github.com/answerquest/asi-monuments-xml2csv"
Veniyargudi 2,Karnataka,Bagalkot,,16.017366,75.880201,,,"ASI monument register via Bhuvan (ISRO), collected by github.com/answerquest/asi-monuments-xml2csv"
Veniyargudi 1,Karnataka,Bagalkot,,16.017394,75.88008,,,"ASI monument register via Bhuvan (ISRO), collected by github.com/answerquest/asi-monuments-xml2csv"
No name but forms part of Veniyargudi,Karnataka,Bagalkot,,16.017597,75.879925,,,"ASI monument register via Bhuvan (ISRO), collected by github.com/answerquest/asi-monuments-xml2csv"
Siva Temple with a large Nandimantapa (locally know as Huchhappayya Math,Karnataka,Bagalkot,Temple,16.017005,75.881427,,,"ASI monument register via Bhuvan (ISRO), collected by github.com/answerquest/asi-monuments-xml2csv"
Matha or have just behind the last Without a shrine (large hall),Karnataka,Bagalkot,,16.017067,75.881218,,,"ASI monument register via Bhuvan (ISRO), collected by github.com/answerquest/asi-monuments-xml2csv"
Maddingudi (Basavanna 2),Karnataka,Bagalkot,,16.018374,75.882437,,,"ASI monument register via Bhuvan (ISRO), collected by github.com/answerquest/asi-monuments-xml2csv"
Maddingudi (Basavanna 1),Karnataka,Bagalkot,,16.018222,75.882442,,,"ASI monument register via Bhuvan (ISRO), collected by github.com/answerquest/asi-monuments-xml2csv"
Inscription in Madhukesvara Temple,Karnataka,Uttar Kannada,Temple,14.535158,75.017334,,,"ASI monument register via Bhuvan (ISRO), collected by github.com/answerquest/asi-monuments-xml2csv"
"Temple and adjoining smaller buildings in Survey No. 66, known as Jyotirlinga Complex Sy No 66",Karnataka,Bagalkot,Temple,16.020476,75.883209,,,"ASI monument register via Bhuvan (ISRO), collected by github.com/answerquest/asi-monuments-xml2csv"
Jyotirlinga Tenmple,Karnataka,Bagalkot,,16.020614,75.883178,,,"ASI monument register via Bhuvan (ISRO), collected by github.com/answerquest/asi-monuments-xml2csv"
Meguti Jaina Temple,Karnataka,Bagalkot,Temple,16.017265,75.883968,,,"ASI monument register via Bhuvan (ISRO), collected by github.com/answerquest/asi-monuments-xml2csv"
Huchimalli Gudi in Sy.No 64,Karnataka,Bagalkot,,16.023819,75.883403,,,"ASI monument register via Bhuvan (ISRO), collected by github.com/answerquest/asi-monuments-xml2csv"
Chaantimath (Murphadryavargudi)-2,Karnataka,Bagalkot,,16.018758,75.881925,,,"ASI monument register via Bhuvan (ISRO), collected by github.com/answerquest/asi-monuments-xml2csv"
Chaantimath (Murphadryavargudi)-1,Karnataka,Bagalkot,,16.018628,75.881845,,,"ASI monument register via Bhuvan (ISRO), collected by github.com/answerquest/asi-monuments-xml2csv"
Karegudi,Karnataka,Bagalkot,,16.018849,75.88455,,,"ASI monument register via Bhuvan (ISRO), collected by github.com/answerquest/asi-monuments-xml2csv"
Bilegudi,Karnataka,Bagalkot,,16.018803,75.884673,,,"ASI monument register via Bhuvan (ISRO), collected by github.com/answerquest/asi-monuments-xml2csv"
Boyagudi,Karnataka,Bagalkot,,16.01514,75.882524,,,"ASI monument register via Bhuvan (ISRO), collected by github.com/answerquest/asi-monuments-xml2csv"
Megalithic cists and cairns,Tamil Nadu,Kanchipuram,,12.50166,79.836995,,,"ASI monument register via Bhuvan (ISRO), collected by github.com/answerquest/asi-monuments-xml2csv"
Temple close to Ladkhan Temple to its north-east corner (localy known as Narayana Temple),Karnataka,Bagalkot,Temple,16.019924,75.881429,,,"ASI monument register via Bhuvan (ISRO), collected by github.com/answerquest/asi-monuments-xml2csv"
Ladkhan Temple,Karnataka,Bagalkot,Temple,16.019853,75.881197,,,"ASI monument register via Bhuvan (ISRO), collected by github.com/answerquest/asi-monuments-xml2csv"
Small temple to southwest of the Great Drga Temple,Karnataka,Bagalkot,Temple,16.020392,75.881618,,,"ASI monument register via Bhuvan (ISRO), collected by github.com/answerquest/asi-monuments-xml2csv"
Great Durga Temple,Karnataka,Bagalkot,Temple,16.020598,75.881886,,,"ASI monument register via Bhuvan (ISRO), collected by github.com/answerquest/asi-monuments-xml2csv"
Gaudergudi 1,Karnataka,Bagalkot,,16.019672,75.88137,,,"ASI monument register via Bhuvan (ISRO), collected by github.com/answerquest/asi-monuments-xml2csv"
Badiger Gudi,Karnataka,Bagalkot,,16.019513,75.880889,,,"ASI monument register via Bhuvan (ISRO), collected by github.com/answerquest/asi-monuments-xml2csv"
Galaganth temple,Karnataka,Bagalkot,Temple,16.009962,75.878913,,,"ASI monument register via Bhuvan (ISRO), collected by github.com/answerquest/asi-monuments-xml2csv"
A temple of Galaganath Group(5),Karnataka,Bagalkot,Temple,16.009554,75.878421,,,"ASI monument register via Bhuvan (ISRO), collected by github.com/answerquest/asi-monuments-xml2csv"
A temple of Galaganath Group(4),Karnataka,Bagalkot,Temple,16.009788,75.878524,,,"ASI monument register via Bhuvan (ISRO), collected by github.com/answerquest/asi-monuments-xml2csv"
A temple of Galaganath Group(3),Karnataka,Bagalkot,Temple,16.010045,75.879024,,,"ASI monument register via Bhuvan (ISRO), collected by github.com/answerquest/asi-monuments-xml2csv"
A temple of Galaganath Group(2),Karnataka,Bagalkot,Temple,16.010169,75.879412,,,"ASI monument register via Bhuvan (ISRO), collected by github.com/answerquest/asi-monuments-xml2csv"
A temple of Galaganath Group(1),Karnataka,Bagalkot,Temple,16.010297,75.879319,,,"ASI monument register via Bhuvan (ISRO), collected by github.com/answerquest/asi-monuments-xml2csv"
Temple of Shiva,Karnataka,Uttar Kannada,Temple,14.559206,74.806124,,,"ASI monument register via Bhuvan (ISRO), collected by github.com/answerquest/asi-monuments-xml2csv"
Virabhadra Temple,Karnataka,Uttar Kannada,Temple,14.228849,74.662786,,,"ASI monument register via Bhuvan (ISRO), collected by github.com/answerquest/asi-monuments-xml2csv"
Varhamanswamy Temple,Karnataka,Uttar Kannada,Temple,14.228885,74.662285,,,"ASI monument register via Bhuvan (ISRO), collected by github.com/answerquest/asi-monuments-xml2csv"
Inscriptions,Karnataka,Uttar Kannada,,14.229336,74.662319,,,"ASI monument register via Bhuvan (ISRO), collected by github.com/answerquest/asi-monuments-xml2csv"
Chaturmukh Basti,Karnataka,Uttar Kannada,,14.228642,74.664834,,,"ASI monument register via Bhuvan (ISRO), collected by github.com/answerquest/asi-monuments-xml2csv"
Tombs on the right side of the Manku Kumta road,Karnataka,Uttar Kannada,,14.429666,74.422126,,,"ASI monument register via Bhuvan (ISRO), collected by github.com/answerquest/asi-monuments-xml2csv"
Figure of a tiger opposite to English School,Karnataka,Uttar Kannada,,14.423328,74.415739,,,"ASI monument register via Bhuvan (ISRO), collected by github.com/answerquest/asi-monuments-xml2csv"
Ambiger Gudi (2),Karnataka,Bagalkot,,16.020944,75.880498,,,"ASI monument register via Bhuvan (ISRO), collected by github.com/answerquest/asi-monuments-xml2csv"
Ambiger Gudi (1),Karnataka,Bagalkot,,16.020941,75.880332,,,"ASI monument register via Bhuvan (ISRO), collected by github.com/answerquest/asi-monuments-xml2csv"
Chandranath Basti,Karnataka,Uttar Kannada,,14.030596,74.6322,,,"ASI monument register via Bhuvan (ISRO), collected by github.com/answerquest/asi-monuments-xml2csv"
"Virabhadra Temple, inscriptions and ancient site",Karnataka,Uttar Kannada,Temple,14.557408,74.985341,,,"ASI monument register via Bhuvan (ISRO), collected by github.com/answerquest/asi-monuments-xml2csv"
The Jain Basti of Parsvanath  (locally know as Ratnatraya Basti),Karnataka,Uttar Kannada,,14.360539,74.791624,,,"ASI monument register via Bhuvan (ISRO), collected by github.com/answerquest/asi-monuments-xml2csv"
Inscriptions,Karnataka,Uttar Kannada,,14.36061,74.791637,,,"ASI monument register via Bhuvan (ISRO), collected by github.com/answerquest/asi-monuments-xml2csv"
Three European graves,Karnataka,Uttar Kannada,,13.983666,74.547529,,,"ASI monument register via Bhuvan (ISRO), collected by github.com/answerquest/asi-monuments-xml2csv"
Joshi Shankarnarayan Devashtan,Karnataka,Uttar Kannada,,13.983451,74.562767,,,"ASI monument register via Bhuvan (ISRO), collected by github.com/answerquest/asi-monuments-xml2csv"
Jettappa Nayakan Chandranathesvara Basti,Karnataka,Uttar Kannada,,13.986821,74.555601,,,"ASI monument register via Bhuvan (ISRO), collected by github.com/answerquest/asi-monuments-xml2csv"
Caved bed stoad of stone existing in a small chamber in the south side of the compound of Madhkesvara Temple,Karnataka,Uttar Kannada,Temple,14.534994,75.017232,,,"ASI monument register via Bhuvan (ISRO), collected by github.com/answerquest/asi-monuments-xml2csv"
Mahadev Temple,Karnataka,Koppal,Temple,15.444897,75.967535,,,"ASI monument register via Bhuvan (ISRO), collected by github.com/answerquest/asi-monuments-xml2csv"
Kadambesvara Temple,Karnataka,Haveri,Temple,14.420587,75.516344,,,"ASI monument register via Bhuvan (ISRO), collected by github.com/answerquest/asi-monuments-xml2csv"
Sarvesvara Temple,Karnataka,Haveri,Temple,14.830718,75.279964,,,"ASI monument register via Bhuvan (ISRO), collected by github.com/answerquest/asi-monuments-xml2csv"
Siddeshwar Temple,Karnataka,Haveri,Temple,14.790688,75.410677,,,"ASI monument register via Bhuvan (ISRO), collected by github.com/answerquest/asi-monuments-xml2csv"
Tarakeshwara Temple,Karnataka,Haveri,Temple,14.765107,75.123797,,,"ASI monument register via Bhuvan (ISRO), collected by github.com/answerquest/asi-monuments-xml2csv"
Mukteshwara Temple,Karnataka,Haveri,Temple,14.797977,75.665259,,,"ASI monument register via Bhuvan (ISRO), collected by github.com/answerquest/asi-monuments-xml2csv"
Kalmeshwar Temple,Karnataka,Haveri,Temple,14.761953,75.219548,,,"ASI monument register via Bhuvan (ISRO), collected by github.com/answerquest/asi-monuments-xml2csv"
Muskin Bhavi,Karnataka,Gadag,,15.393138,75.7204,,,"ASI monument register via Bhuvan (ISRO), collected by github.com/answerquest/asi-monuments-xml2csv"
Manikesvara Temple at Muskinbhavi,Karnataka,Gadag,Temple,15.393046,75.720234,,,"ASI monument register via Bhuvan (ISRO), collected by github.com/answerquest/asi-monuments-xml2csv"
Nanesvara Temple,Karnataka,Gadag,Temple,15.3874,75.716494,,,"ASI monument register via Bhuvan (ISRO), collected by github.com/answerquest/asi-monuments-xml2csv"
Kasivisvesvara Temple,Karnataka,Gadag,Temple,15.387485,75.716948,,,"ASI monument register via Bhuvan (ISRO), collected by github.com/answerquest/asi-monuments-xml2csv"
Jaina Basti,Karnataka,Gadag,,15.389577,75.714148,,,"ASI monument register via Bhuvan (ISRO), collected by github.com/answerquest/asi-monuments-xml2csv"
Somesvara Temple,Karnataka,Gadag,Temple,15.428873,75.626671,,,"ASI monument register via Bhuvan (ISRO), collected by github.com/answerquest/asi-monuments-xml2csv"
Somesvara Temple,Karnataka,Gadag,Temple,15.302167,75.771035,,,"ASI monument register via Bhuvan (ISRO), collected by github.com/answerquest/asi-monuments-xml2csv"
Doddabasappa Temple,Karnataka,Gadag,Temple,15.302494,75.771683,,,"ASI monument register via Bhuvan (ISRO), collected by github.com/answerquest/asi-monuments-xml2csv"
Inscribed memorial stones in awalled enclouser,Karnataka,Gadag,,15.444031,75.645774,,,"ASI monument register via Bhuvan (ISRO), collected by github.com/answerquest/asi-monuments-xml2csv"
Barid Shahi Tomb - Amir Barid,Karnataka,Bidar,Monument / Tomb,17.91339,77.504367,,,"ASI monument register via Bhuvan (ISRO), collected by github.com/answerquest/asi-monuments-xml2csv"
Basavanna Devi temple,Karnataka,Dharwad,Temple,15.096695,74.929794,,,"ASI monument register via Bhuvan (ISRO), collected by github.com/answerquest/asi-monuments-xml2csv"
Two fort gates (inner and outer),Karnataka,Dharwad,Fort,15.464278,75.012606,,,"ASI monument register via Bhuvan (ISRO), collected by github.com/answerquest/asi-monuments-xml2csv"
Amritesvar Temple,Karnataka,Dharwad,Temple,15.42365,75.432678,,,"ASI monument register via Bhuvan (ISRO), collected by github.com/answerquest/asi-monuments-xml2csv"
Sankarlinga temple,Karnataka,Dharwad,Temple,15.399125,75.087323,,,"ASI monument register via Bhuvan (ISRO), collected by github.com/answerquest/asi-monuments-xml2csv"
Banashankaridevi Temple,Karnataka,Dharwad,Temple,15.399037,75.087257,,,"ASI monument register via Bhuvan (ISRO), collected by github.com/answerquest/asi-monuments-xml2csv"
Haft Gumbaz Griyasuddin tomb,Karnataka,Gulabarga,Monument / Tomb,17.342385,76.845386,,,"ASI monument register via Bhuvan (ISRO), collected by github.com/answerquest/asi-monuments-xml2csv"
Madarasa Mahmud Gawan,Karnataka,Bidar,,17.914725,77.53007,,,"ASI monument register via Bhuvan (ISRO), collected by github.com/answerquest/asi-monuments-xml2csv"
Two fort gates (inner and outer),Karnataka,Dharwad,Fort,15.463968,75.012068,,,"ASI monument register via Bhuvan (ISRO), collected by github.com/answerquest/asi-monuments-xml2csv"
Barid Shahi TomB - Ali Barid,Karnataka,Bidar,Monument / Tomb,17.919549,77.504724,,,"ASI monument register via Bhuvan (ISRO), collected by github.com/answerquest/asi-monuments-xml2csv"
Barid Shahi Tomb - Kasim Barid,Karnataka,Bidar,Monument / Tomb,17.919969,77.503277,,,"ASI monument register via Bhuvan (ISRO), collected by github.com/answerquest/asi-monuments-xml2csv"
Carved stones near the temple of the Gramdeva,Karnataka,Uttar Kannada,Temple,14.340182,74.88319,,,"ASI monument register via Bhuvan (ISRO), collected by github.com/answerquest/asi-monuments-xml2csv"
Temple on the North of Durga Temple (Nadur Temple),Karnataka,Bagalkot,Temple,16.02009,75.881443,,,"ASI monument register via Bhuvan (ISRO), collected by github.com/answerquest/asi-monuments-xml2csv"
Isvara,Karnataka,Bagalkot,,16.01916,75.88408,,,"ASI monument register via Bhuvan (ISRO), collected by github.com/answerquest/asi-monuments-xml2csv"
Isvaralinga 3,Karnataka,Bagalkot,,16.019885,75.883481,,,"ASI monument register via Bhuvan (ISRO), collected by github.com/answerquest/asi-monuments-xml2csv"
Isvaralinga 1,Karnataka,Bagalkot,,16.020227,75.883502,,,"ASI monument register via Bhuvan (ISRO), collected by github.com/answerquest/asi-monuments-xml2csv"
Isvaralinga 2,Karnataka,Bagalkot,,16.02008,75.883527,,,"ASI monument register via Bhuvan (ISRO), collected by github.com/answerquest/asi-monuments-xml2csv"
silahara inscription (Saka 178) in Basavesvara Temple,Karnataka,Belgaum,Temple,16.689357,74.759529,,,"ASI monument register via Bhuvan (ISRO), collected by github.com/answerquest/asi-monuments-xml2csv"
Inscription of Sadashivadevaraya of Vijaynagar in Mallikarjun temple,Karnataka,Belgaum,Temple,15.88674,74.92985,,,"ASI monument register via Bhuvan (ISRO), collected by github.com/answerquest/asi-monuments-xml2csv"
Ratta inscription at the water fall near Somesvara temple (Saka 902),Karnataka,Belgaum,Temple,15.861289,74.973324,,,"ASI monument register via Bhuvan (ISRO), collected by github.com/answerquest/asi-monuments-xml2csv"
Two Stroyard jaina temple and cave t Meguti hill,Karnataka,Bagalkot,Temple,16.017644,75.884192,,,"ASI monument register via Bhuvan (ISRO), collected by github.com/answerquest/asi-monuments-xml2csv"
Jahan Begum Tomb,Karnataka,Bijapur,Monument / Tomb,16.827785,75.774944,,,"ASI monument register via Bhuvan (ISRO), collected by github.com/answerquest/asi-monuments-xml2csv"
Two Ratha inscription of Cheiftains one of which is dtd Saka 1086 in ancient Siva Temple.,Karnataka,Belgaum,Temple,15.818207,74.859173,,,"ASI monument register via Bhuvan (ISRO), collected by github.com/answerquest/asi-monuments-xml2csv"
Kannada (15th Cent A.D) inscription in the ancient Isvara temple.,Karnataka,Belgaum,Temple,15.579122,74.738062,,,"ASI monument register via Bhuvan (ISRO), collected by github.com/answerquest/asi-monuments-xml2csv"
Western chalukya inscription of Somesvaradeva II (Saka 997) in ShankaraDeva Temple.,Karnataka,Belgaum,Temple,15.698737,74.736086,,,"ASI monument register via Bhuvan (ISRO), collected by github.com/answerquest/asi-monuments-xml2csv"
Sangeeth and Nari Mahal,Karnataka,Bijapur,Palace / Haveli,16.827787,75.657637,,,"ASI monument register via Bhuvan (ISRO), collected by github.com/answerquest/asi-monuments-xml2csv"
Ancient Site,Karnataka,Gulabarga,,17.215361,76.164819,,,"ASI monument register via Bhuvan (ISRO), collected by github.com/answerquest/asi-monuments-xml2csv"
Ancient excavated site remains of Buddhist stupa,Karnataka,Gulabarga,,16.835709,76.93443,,,"ASI monument register via Bhuvan (ISRO), collected by github.com/answerquest/asi-monuments-xml2csv"
Veerabhadra Temple in Hangal Fort,Karnataka,Haveri,Fort,14.759433,75.127064,,,"ASI monument register via Bhuvan (ISRO), collected by github.com/answerquest/asi-monuments-xml2csv"
Pre-Historic Site,Karnataka,Koppal,,15.417294,76.44916,,,"ASI monument register via Bhuvan (ISRO), collected by github.com/answerquest/asi-monuments-xml2csv"
Rock edicts of Ashoka on the hillock known as Gavinath,Karnataka,Koppal,,15.337684,76.162376,,,"ASI monument register via Bhuvan (ISRO), collected by github.com/answerquest/asi-monuments-xml2csv"
Ancient Mound,Karnataka,Koppal,,15.341657,76.130098,,,"ASI monument register via Bhuvan (ISRO), collected by github.com/answerquest/asi-monuments-xml2csv"
Rock edicts of Ashoka],Karnataka,Raichur,,15.957312,76.641232,,,"ASI monument register via Bhuvan (ISRO), collected by github.com/answerquest/asi-monuments-xml2csv"
Stones (veeragals),Karnataka,Uttar Kannada,,14.330951,74.840454,,,"ASI monument register via Bhuvan (ISRO), collected by github.com/answerquest/asi-monuments-xml2csv"
All four water pavilions,Karnataka,Bijapur,,16.820436,75.88923,,,"ASI monument register via Bhuvan (ISRO), collected by github.com/answerquest/asi-monuments-xml2csv"
All four water pavilions,Karnataka,Bijapur,,16.819391,75.890156,,,"ASI monument register via Bhuvan (ISRO), collected by github.com/answerquest/asi-monuments-xml2csv"
All four water pavilions,Karnataka,Bijapur,,16.816867,75.893,,,"ASI monument register via Bhuvan (ISRO), collected by github.com/answerquest/asi-monuments-xml2csv"
Water pavilions in S.No 318,Karnataka,Bijapur,,16.818842,75.890664,,,"ASI monument register via Bhuvan (ISRO), collected by github.com/answerquest/asi-monuments-xml2csv"
Yusuf's old Jami Masjid,Karnataka,Bijapur,,16.822534,75.723671,,,"ASI monument register via Bhuvan (ISRO), collected by github.com/answerquest/asi-monuments-xml2csv"
Well at Ibrahimpur,Karnataka,Bijapur,,16.8035,75.729381,,,"ASI monument register via Bhuvan (ISRO), collected by github.com/answerquest/asi-monuments-xml2csv"
Sikandher Shah's Tomb,Karnataka,Bijapur,Monument / Tomb,16.831178,75.714329,,,"ASI monument register via Bhuvan (ISRO), collected by github.com/answerquest/asi-monuments-xml2csv"
Mulla Mosque,Karnataka,Bijapur,,16.837378,75.709361,,,"ASI monument register via Bhuvan (ISRO), collected by github.com/answerquest/asi-monuments-xml2csv"
Mubarak Khan's Mahal,Karnataka,Bijapur,Palace / Haveli,16.817561,75.730353,,,"ASI monument register via Bhuvan (ISRO), collected by github.com/answerquest/asi-monuments-xml2csv"
Moats of the fort wall,Karnataka,Bijapur,Fort,16.83421,75.736271,,,"ASI monument register via Bhuvan (ISRO), collected by github.com/answerquest/asi-monuments-xml2csv"
Nav Gumbaz,Karnataka,Bijapur,,16.826094,75.726336,,,"ASI monument register via Bhuvan (ISRO), collected by github.com/answerquest/asi-monuments-xml2csv"
Jumma Masjid,Karnataka,Bijapur,,16.821961,75.728545,,,"ASI monument register via Bhuvan (ISRO), collected by github.com/answerquest/asi-monuments-xml2csv"
Jod Gumbaj,Karnataka,Bijapur,,16.825051,75.712329,,,"ASI monument register via Bhuvan (ISRO), collected by github.com/answerquest/asi-monuments-xml2csv"
Hyder (Ujpli) Buruj,Karnataka,Bijapur,,16.832624,75.711619,,,"ASI monument register via Bhuvan (ISRO), collected by github.com/answerquest/asi-monuments-xml2csv"
Haji Hassan Saheb's tomb,Karnataka,Bijapur,Monument / Tomb,16.823049,75.734731,,,"ASI monument register via Bhuvan (ISRO), collected by github.com/answerquest/asi-monuments-xml2csv"
Ibrahim I Jami Masjid,Karnataka,Bijapur,,16.820727,75.715895,,,"ASI monument register via Bhuvan (ISRO), collected by github.com/answerquest/asi-monuments-xml2csv"
water pavillions,Karnataka,Bijapur,,16.825811,75.718228,,,"ASI monument register via Bhuvan (ISRO), collected by github.com/answerquest/asi-monuments-xml2csv"
Sat Mahal (Sat Manjil),Karnataka,Bijapur,Palace / Haveli,16.82547,75.717336,,,"ASI monument register via Bhuvan (ISRO), collected by github.com/answerquest/asi-monuments-xml2csv"
Makka Masjid,Karnataka,Bijapur,,16.825261,75.719976,,,"ASI monument register via Bhuvan (ISRO), collected by github.com/answerquest/asi-monuments-xml2csv"
Dam of Ramalinga temple with two outlet (masonry water) channels running at right angles to the north and adjoining gateway at the extreme east end,Karnataka,Bijapur,Temple,16.854046,75.686922,,,"ASI monument register via Bhuvan (ISRO), collected by github.com/answerquest/asi-monuments-xml2csv"
Dakhni Idgah,Karnataka,Bijapur,,16.831473,75.711888,,,"ASI monument register via Bhuvan (ISRO), collected by github.com/answerquest/asi-monuments-xml2csv"
Ali Shahid Pir's masjid,Karnataka,Bijapur,,16.821647,75.723036,,,"ASI monument register via Bhuvan (ISRO), collected by github.com/answerquest/asi-monuments-xml2csv"
Ali II Rouza (Barakaman),Karnataka,Bijapur,,16.830387,75.718265,,,"ASI monument register via Bhuvan (ISRO), collected by github.com/answerquest/asi-monuments-xml2csv"
Ali I  Rouza,Karnataka,Bijapur,,16.819434,75.713945,,,"ASI monument register via Bhuvan (ISRO), collected by github.com/answerquest/asi-monuments-xml2csv"
Green Stone Tomb,Karnataka,Bijapur,Monument / Tomb,16.819006,75.714007,,,"ASI monument register via Bhuvan (ISRO), collected by github.com/answerquest/asi-monuments-xml2csv"
Ain-ul-mulk's tomb,Karnataka,Bijapur,Monument / Tomb,16.834655,75.76847,,,"ASI monument register via Bhuvan (ISRO), collected by github.com/answerquest/asi-monuments-xml2csv"
The Mint,Uttar Pradesh,Agra,,27.098594,77.667672,,,"ASI monument register via Bhuvan (ISRO), collected by github.com/answerquest/asi-monuments-xml2csv"
Mosque No 366,Karnataka,Bijapur,,16.827069,75.77482,,,"ASI monument register via Bhuvan (ISRO), collected by github.com/answerquest/asi-monuments-xml2csv"
Mahal (Idgah near the Ain Ulmul Kha's tomb,Karnataka,Bijapur,Palace / Haveli,16.826523,75.772572,,,"ASI monument register via Bhuvan (ISRO), collected by github.com/answerquest/asi-monuments-xml2csv"
Jaina Cave (mena basti),Karnataka,Bagalkot,,16.012895,75.887924,,,"ASI monument register via Bhuvan (ISRO), collected by github.com/answerquest/asi-monuments-xml2csv"
"Western Chalukyan inscription (Saka 992, Fragmentry) in the Virabhadradeva Temple",Karnataka,Belgaum,Temple,15.715643,74.915527,,,"ASI monument register via Bhuvan (ISRO), collected by github.com/answerquest/asi-monuments-xml2csv"
Sri Ramadeva Temple,Karnataka,Bijapur,Temple,16.472192,76.307258,,,"ASI monument register via Bhuvan (ISRO), collected by github.com/answerquest/asi-monuments-xml2csv"
Two inscribed stones leaning against Shankarlinga temple to the left of the main Entrance,Karnataka,Gadag,Temple,15.517431,75.555827,,,"ASI monument register via Bhuvan (ISRO), collected by github.com/answerquest/asi-monuments-xml2csv"
Shantappa Naik Tirumala Devasthan,Karnataka,Uttar Kannada,,13.983286,74.564256,,,"ASI monument register via Bhuvan (ISRO), collected by github.com/answerquest/asi-monuments-xml2csv"
Stone inscription inside the Shankarlinga temple,Karnataka,Gadag,Temple,15.722124,75.383515,,,"ASI monument register via Bhuvan (ISRO), collected by github.com/answerquest/asi-monuments-xml2csv"
Chandramouleshwar Temple,Karnataka,Dharwad,Temple,15.376786,75.11644,,,"ASI monument register via Bhuvan (ISRO), collected by github.com/answerquest/asi-monuments-xml2csv"
Sankarlinga temple including inscriptions,Karnataka,Bijapur,Temple,17.102127,75.856121,,,"ASI monument register via Bhuvan (ISRO), collected by github.com/answerquest/asi-monuments-xml2csv"
Masjid,Karnataka,Bijapur,,16.765104,75.675574,,,"ASI monument register via Bhuvan (ISRO), collected by github.com/answerquest/asi-monuments-xml2csv"
Ancient Hindu temple of Dattatreya,Karnataka,Bijapur,Temple,16.93588,76.072341,,,"ASI monument register via Bhuvan (ISRO), collected by github.com/answerquest/asi-monuments-xml2csv"
Bidar Fort,Karnataka,Bidar,Fort,17.923675,77.527157,,,"ASI monument register via Bhuvan (ISRO), collected by github.com/answerquest/asi-monuments-xml2csv"
Jaina Temple of Muktesvara,Karnataka,Belgaum,Temple,15.76291,74.895445,,,"ASI monument register via Bhuvan (ISRO), collected by github.com/answerquest/asi-monuments-xml2csv"
Ruined 11th Century temple,Karnataka,Belgaum,Temple,16.201114,74.747157,,,"ASI monument register via Bhuvan (ISRO), collected by github.com/answerquest/asi-monuments-xml2csv"
Ratta inscription (Saka 1075) in Mahalingeshwar Temple,Karnataka,Belgaum,Temple,16.19099,74.777589,,,"ASI monument register via Bhuvan (ISRO), collected by github.com/answerquest/asi-monuments-xml2csv"
Three group of Dolmens,Karnataka,Belgaum,,16.189597,74.748224,,,"ASI monument register via Bhuvan (ISRO), collected by github.com/answerquest/asi-monuments-xml2csv"
Inscriptions on two Pillars of Panchlingesvara temple,Karnataka,Belgaum,Temple,15.796133,75.191195,,,"ASI monument register via Bhuvan (ISRO), collected by github.com/answerquest/asi-monuments-xml2csv"
Panchligesvara Temple,Karnataka,Belgaum,Temple,15.796136,75.191142,,,"ASI monument register via Bhuvan (ISRO), collected by github.com/answerquest/asi-monuments-xml2csv"
Ratta inscription (Saka 1127) in ancient Jaina Basti,Karnataka,Belgaum,,16.264646,74.869493,,,"ASI monument register via Bhuvan (ISRO), collected by github.com/answerquest/asi-monuments-xml2csv"
"Group of temples at Halashi, (Suvarneshvara Temple),",Karnataka,Belgaum,Temple,15.540672,74.593509,,,"ASI monument register via Bhuvan (ISRO), collected by github.com/answerquest/asi-monuments-xml2csv"
"Rameshvara Temple,",Karnataka,Belgaum,Temple,15.53104,74.57391,,,"ASI monument register via Bhuvan (ISRO), collected by github.com/answerquest/asi-monuments-xml2csv"
Kalameshvara Temple,Karnataka,Belgaum,Temple,15.541735,74.591342,,,"ASI monument register via Bhuvan (ISRO), collected by github.com/answerquest/asi-monuments-xml2csv"
Bhu Varaha Temple),Karnataka,Belgaum,Temple,15.54082,74.589417,,,"ASI monument register via Bhuvan (ISRO), collected by github.com/answerquest/asi-monuments-xml2csv"
Two Kadamba inscriptions dated Kaliyuga 4270 & 4272 in the temple of Narasimha,Karnataka,Belgaum,Temple,15.540826,74.589333,,,"ASI monument register via Bhuvan (ISRO), collected by github.com/answerquest/asi-monuments-xml2csv"
"Temple known as Bastigudi with 4 Kadamaba inscription, two of which are dated Kaliyuga 4275 (1174 A.D)",Karnataka,Belgaum,Temple,15.570498,74.752419,,,"ASI monument register via Bhuvan (ISRO), collected by github.com/answerquest/asi-monuments-xml2csv"
safa masjid,Karnataka,Belgaum,,15.857354,74.524124,,,"ASI monument register via Bhuvan (ISRO), collected by github.com/answerquest/asi-monuments-xml2csv"
Remains of an old hindu temple near the barracks.,Karnataka,Belgaum,Temple,15.857058,74.525793,,,"ASI monument register via Bhuvan (ISRO), collected by github.com/answerquest/asi-monuments-xml2csv"
Old Jain Temple outside the commissariat storryard.,Karnataka,Belgaum,Temple,15.858414,74.521901,,,"ASI monument register via Bhuvan (ISRO), collected by github.com/answerquest/asi-monuments-xml2csv"
Old Jain Temple in the corner of the commissariat storryard (Kamal Basti),Karnataka,Belgaum,Temple,15.857897,74.521504,,,"ASI monument register via Bhuvan (ISRO), collected by github.com/answerquest/asi-monuments-xml2csv"
Naganatha temple near Shivayogmandir,Karnataka,Bagalkot,Temple,15.903,75.738788,,,"ASI monument register via Bhuvan (ISRO), collected by github.com/answerquest/asi-monuments-xml2csv"
Old Jaina temple on the top of a hill lacally known as Melgudi,Karnataka,Bagalkot,Temple,16.200799,75.847645,,,"ASI monument register via Bhuvan (ISRO), collected by github.com/answerquest/asi-monuments-xml2csv"
Dolmens,Karnataka,Bagalkot,,16.016076,75.884759,,,"ASI monument register via Bhuvan (ISRO), collected by github.com/answerquest/asi-monuments-xml2csv"
Northern fort and temple        (Northern fort),Karnataka,Bagalkot,Fort,15.923173,75.684021,,,"ASI monument register via Bhuvan (ISRO), collected by github.com/answerquest/asi-monuments-xml2csv"
temple on the knoll under the bastion of the northern fort,Karnataka,Bagalkot,Fort,15.923626,75.681604,,,"ASI monument register via Bhuvan (ISRO), collected by github.com/answerquest/asi-monuments-xml2csv"
Southren fort and the old gun,Karnataka,Bagalkot,Fort,15.91789,75.684289,,,"ASI monument register via Bhuvan (ISRO), collected by github.com/answerquest/asi-monuments-xml2csv"
Relief sculptures on the behind the Bhutanath Temple,Karnataka,Bagalkot,Temple,15.920338,75.688117,,,"ASI monument register via Bhuvan (ISRO), collected by github.com/answerquest/asi-monuments-xml2csv"
Large seated remains in a natural cavern under the cliff to the south east of the Bhutabnath temples (koshtaraya cave),Karnataka,Bagalkot,,15.919978,75.6888,,,"ASI monument register via Bhuvan (ISRO), collected by github.com/answerquest/asi-monuments-xml2csv"
Jaina and Vaishnava Caves,Karnataka,Bagalkot,,15.918115,75.684119,,,"ASI monument register via Bhuvan (ISRO), collected by github.com/answerquest/asi-monuments-xml2csv"
Lkulisha temple behind Bhutanath group containing a nude seated image in the shrine,Karnataka,Bagalkot,Temple,15.920829,75.68777,,,"ASI monument register via Bhuvan (ISRO), collected by github.com/answerquest/asi-monuments-xml2csv"
Group of temples on the north side of the lake towards east end,Karnataka,Bagalkot,,15.921292,75.686966,,,"ASI monument register via Bhuvan (ISRO), collected by github.com/answerquest/asi-monuments-xml2csv"
Bhutanath Group of temples on the east margin of the tank,Karnataka,Bagalkot,,15.920678,75.687628,,,"ASI monument register via Bhuvan (ISRO), collected by github.com/answerquest/asi-monuments-xml2csv"
Gaudergudi 2,Karnataka,Bagalkot,,16.019347,75.881301,,,"ASI monument register via Bhuvan (ISRO), collected by github.com/answerquest/asi-monuments-xml2csv"
Gardigudi,Karnataka,Bagalkot,,16.018709,75.884832,,,"ASI monument register via Bhuvan (ISRO), collected by github.com/answerquest/asi-monuments-xml2csv"
Gauder Ishvargudi,Karnataka,Bagalkot,,16.015623,75.882046,,,"ASI monument register via Bhuvan (ISRO), collected by github.com/answerquest/asi-monuments-xml2csv"
Basavanna,Karnataka,Bagalkot,,16.015568,75.880059,,,"ASI monument register via Bhuvan (ISRO), collected by github.com/answerquest/asi-monuments-xml2csv"
The north fort and temples (lower Shivalaya),Karnataka,Bagalkot,Fort,15.921484,75.683266,,,"ASI monument register via Bhuvan (ISRO), collected by github.com/answerquest/asi-monuments-xml2csv"
The north fort and temples (Upper Shivalaya),Karnataka,Bagalkot,Fort,15.9223,75.683938,,,"ASI monument register via Bhuvan (ISRO), collected by github.com/answerquest/asi-monuments-xml2csv"
Nagareswar temple of Aravattu Kambadagudi,Karnataka,Haveri,Temple,14.925849,75.249827,,,"ASI monument register via Bhuvan (ISRO), collected by github.com/answerquest/asi-monuments-xml2csv"
Huchchappayya  temple  in S.No 270,Karnataka,Bagalkot,Temple,16.012946,75.880269,,,"ASI monument register via Bhuvan (ISRO), collected by github.com/answerquest/asi-monuments-xml2csv"
Ibrahim Barid Tomb,Karnataka,Bidar,Monument / Tomb,17.928338,77.503063,,,"ASI monument register via Bhuvan (ISRO), collected by github.com/answerquest/asi-monuments-xml2csv"
Khan Jhan Barid Tomb,Karnataka,Bidar,Monument / Tomb,17.924662,77.504434,,,"ASI monument register via Bhuvan (ISRO), collected by github.com/answerquest/asi-monuments-xml2csv"
Stone bearing Inscriptions,Karnataka,Bagalkot,,15.905883,75.931123,,,"ASI monument register via Bhuvan (ISRO), collected by github.com/answerquest/asi-monuments-xml2csv"
Stone bearing Inscriptions,Karnataka,Bagalkot,,15.90571,75.931696,,,"ASI monument register via Bhuvan (ISRO), collected by github.com/answerquest/asi-monuments-xml2csv"
Rock edicts of Ashoka on the hillock known as  Palkigundu,Karnataka,Koppal,,15.345443,76.136906,,,"ASI monument register via Bhuvan (ISRO), collected by github.com/answerquest/asi-monuments-xml2csv"
Afzulkhans Cenetaph,Karnataka,Bijapur,,16.84436,75.678244,,,"ASI monument register via Bhuvan (ISRO), collected by github.com/answerquest/asi-monuments-xml2csv"
Naganatha near Jain Temple,Karnataka,Gadag,Temple,15.390154,75.714321,,,"ASI monument register via Bhuvan (ISRO), collected by github.com/answerquest/asi-monuments-xml2csv"
Gates and walls of the city & citadels,Karnataka,Bijapur,,16.823703,75.717744,,,"ASI monument register via Bhuvan (ISRO), collected by github.com/answerquest/asi-monuments-xml2csv"
Gates and walls of the city & citadels,Karnataka,Bijapur,,16.823452,75.719195,,,"ASI monument register via Bhuvan (ISRO), collected by github.com/answerquest/asi-monuments-xml2csv"
All four water pavilions,Karnataka,Bijapur,,16.815898,75.889565,,,"ASI monument register via Bhuvan (ISRO), collected by github.com/answerquest/asi-monuments-xml2csv"
Fortwalls,Karnataka,Bijapur,,16.834911,75.638203,,,"ASI monument register via Bhuvan (ISRO), collected by github.com/answerquest/asi-monuments-xml2csv"
Small pavilion in front of Arash Mahal,Karnataka,Bijapur,Palace / Haveli,16.827324,75.721353,,,"ASI monument register via Bhuvan (ISRO), collected by github.com/answerquest/asi-monuments-xml2csv"
Shah Navaz Khna's tomb,Karnataka,Bijapur,Monument / Tomb,16.843104,75.702641,,,"ASI monument register via Bhuvan (ISRO), collected by github.com/answerquest/asi-monuments-xml2csv"
Mosque at Gol Gumbaz,Karnataka,Bijapur,,16.830272,75.735028,,,"ASI monument register via Bhuvan (ISRO), collected by github.com/answerquest/asi-monuments-xml2csv"
Ibrahim Rouza,Karnataka,Bijapur,,16.827001,75.702637,,,"ASI monument register via Bhuvan (ISRO), collected by github.com/answerquest/asi-monuments-xml2csv"
Ikhalas Khan's Mosque,Karnataka,Bijapur,,16.816778,75.722094,,,"ASI monument register via Bhuvan (ISRO), collected by github.com/answerquest/asi-monuments-xml2csv"
Hasan Guljar's tomb with mable tomb stone near Ramlinga Tank,Karnataka,Bijapur,Monument / Tomb,16.85565,75.690598,,,"ASI monument register via Bhuvan (ISRO), collected by github.com/answerquest/asi-monuments-xml2csv"
Gol Gumbaz,Karnataka,Bijapur,,16.829997,75.736064,,,"ASI monument register via Bhuvan (ISRO), collected by github.com/answerquest/asi-monuments-xml2csv"
Mehtar Mahal,Karnataka,Bijapur,Palace / Haveli,16.822968,75.72217,,,"ASI monument register via Bhuvan (ISRO), collected by github.com/answerquest/asi-monuments-xml2csv"
Sonheri Masjid,Karnataka,Bijapur,,16.851897,75.700067,,,"ASI monument register via Bhuvan (ISRO), collected by github.com/answerquest/asi-monuments-xml2csv"
Hermitage in the natural cavern to the east of the lake,Karnataka,Bagalkot,,15.920109,75.691416,,,"ASI monument register via Bhuvan (ISRO), collected by github.com/answerquest/asi-monuments-xml2csv"
Gates and walls of the city & citadels,Karnataka,Bijapur,,16.814673,75.716649,,,"ASI monument register via Bhuvan (ISRO), collected by github.com/answerquest/asi-monuments-xml2csv"
Gates and walls of the city & citadels,Karnataka,Bijapur,,16.834327,75.735997,,,"ASI monument register via Bhuvan (ISRO), collected by github.com/answerquest/asi-monuments-xml2csv"
Gates and walls of the city & citadels,Karnataka,Bijapur,,16.833688,75.709999,,,"ASI monument register via Bhuvan (ISRO), collected by github.com/answerquest/asi-monuments-xml2csv"
Gates and walls of the city & citadels,Karnataka,Bijapur,,16.838508,75.715286,,,"ASI monument register via Bhuvan (ISRO), collected by github.com/answerquest/asi-monuments-xml2csv"
Extensive Mound,Uttar Pradesh,Farrukhabad,,27.0,78.0,,,"ASI monument register via Bhuvan (ISRO), collected by github.com/answerquest/asi-monuments-xml2csv"
Gates and walls of the city & citadels,Karnataka,Bijapur,,16.817544,75.735463,,,"ASI monument register via Bhuvan (ISRO), collected by github.com/answerquest/asi-monuments-xml2csv"
Gates and walls of the city & citadels,Karnataka,Bijapur,,16.83964,75.724276,,,"ASI monument register via Bhuvan (ISRO), collected by github.com/answerquest/asi-monuments-xml2csv"
Gates and walls of the city & citadels,Karnataka,Bijapur,,16.835514,75.710635,,,"ASI monument register via Bhuvan (ISRO), collected by github.com/answerquest/asi-monuments-xml2csv"
Gates and walls of the city & citadels,Karnataka,Bijapur,,16.826219,75.708448,,,"ASI monument register via Bhuvan (ISRO), collected by github.com/answerquest/asi-monuments-xml2csv"
Gates and walls of the city & citadels,Karnataka,Bijapur,,16.816333,75.723295,,,"ASI monument register via Bhuvan (ISRO), collected by github.com/answerquest/asi-monuments-xml2csv"
Gates and walls of the city & citadels,Karnataka,Bijapur,,16.82484,75.739388,,,"ASI monument register via Bhuvan (ISRO), collected by github.com/answerquest/asi-monuments-xml2csv"
Rock Shelter (Shidlapadi cave),Karnataka,Bagalkot,,15.943658,75.701196,,,"ASI monument register via Bhuvan (ISRO), collected by github.com/answerquest/asi-monuments-xml2csv"
Vijayanagar inscription of Krishnadevara (Saka 1436) in yellamma temple,Karnataka,Belgaum,Temple,15.754448,75.154101,,,"ASI monument register via Bhuvan (ISRO), collected by github.com/answerquest/asi-monuments-xml2csv"
Inscription in the temple of Udachavva of Khandahara or Krishna (Saka 1174),Karnataka,Belgaum,Temple,15.854158,75.123573,,,"ASI monument register via Bhuvan (ISRO), collected by github.com/answerquest/asi-monuments-xml2csv"
Inscriptions against the wall of the Panchlingadeva temple of the Yadav king Singhana of Devgiri (Saka 1145),Karnataka,Belgaum,Temple,15.847931,75.117028,,,"ASI monument register via Bhuvan (ISRO), collected by github.com/answerquest/asi-monuments-xml2csv"
Isvaralinga (no local name),Karnataka,Bagalkot,,16.018998,75.884119,,,"ASI monument register via Bhuvan (ISRO), collected by github.com/answerquest/asi-monuments-xml2csv"
Three group of Dolmens,Karnataka,Belgaum,,16.190515,74.751488,,,"ASI monument register via Bhuvan (ISRO), collected by github.com/answerquest/asi-monuments-xml2csv"
Three group of Dolmens,Karnataka,Belgaum,,16.191026,74.752783,,,"ASI monument register via Bhuvan (ISRO), collected by github.com/answerquest/asi-monuments-xml2csv"
Haft Gumbaz Shansuddin tomb,Karnataka,Gulabarga,Monument / Tomb,17.342361,76.845614,,,"ASI monument register via Bhuvan (ISRO), collected by github.com/answerquest/asi-monuments-xml2csv"
Haft Gumbaz Firozshahs tomb,Karnataka,Gulabarga,Monument / Tomb,17.341981,76.846049,,,"ASI monument register via Bhuvan (ISRO), collected by github.com/answerquest/asi-monuments-xml2csv"
Haft Gumbaz E tomb,Karnataka,Gulabarga,Monument / Tomb,17.342136,76.846531,,,"ASI monument register via Bhuvan (ISRO), collected by github.com/answerquest/asi-monuments-xml2csv"
Haft Gumbaz D tomb,Karnataka,Gulabarga,Monument / Tomb,17.341745,76.846165,,,"ASI monument register via Bhuvan (ISRO), collected by github.com/answerquest/asi-monuments-xml2csv"
Haft Gumbaz Dawood tomb,Karnataka,Gulabarga,Monument / Tomb,17.342077,76.845241,,,"ASI monument register via Bhuvan (ISRO), collected by github.com/answerquest/asi-monuments-xml2csv"
Haft Gumbaz Mujahid tomb,Karnataka,Gulabarga,Monument / Tomb,17.34208,76.844715,,,"ASI monument register via Bhuvan (ISRO), collected by github.com/answerquest/asi-monuments-xml2csv"
Ancient Mound,Karnataka,Raichur,,15.954795,76.653334,,,"ASI monument register via Bhuvan (ISRO), collected by github.com/answerquest/asi-monuments-xml2csv"
Western Chalukyan Inscription (Saka 1015) in the temple of Banashankari.,Karnataka,Belgaum,Temple,15.746733,75.024045,,,"ASI monument register via Bhuvan (ISRO), collected by github.com/answerquest/asi-monuments-xml2csv"
"Western Chalukyan inscription (Saka 992, Fragmentry) in the Virabhadradeva Temple",Karnataka,Belgaum,Temple,15.716733,74.916236,,,"ASI monument register via Bhuvan (ISRO), collected by github.com/answerquest/asi-monuments-xml2csv"
Jaina and Vaishnava Caves,Karnataka,Bagalkot,,15.918157,75.684484,,,"ASI monument register via Bhuvan (ISRO), collected by github.com/answerquest/asi-monuments-xml2csv"
Jaina and Vaishnava Caves,Karnataka,Bagalkot,,15.918131,75.685548,,,"ASI monument register via Bhuvan (ISRO), collected by github.com/answerquest/asi-monuments-xml2csv"
Jaina and Vaishnava Caves,Karnataka,Bagalkot,,15.918145,75.684894,,,"ASI monument register via Bhuvan (ISRO), collected by github.com/answerquest/asi-monuments-xml2csv"
Southren fort and the old gun,Karnataka,Bagalkot,Fort,15.917817,75.684653,,,"ASI monument register via Bhuvan (ISRO), collected by github.com/answerquest/asi-monuments-xml2csv"
Ratta inscription (Saka 1009 & 1043) in Jaina Temple,Karnataka,Belgaum,Temple,16.201373,74.749758,,,"ASI monument register via Bhuvan (ISRO), collected by github.com/answerquest/asi-monuments-xml2csv"
Ratta inscription dtd Saka 971 and 101 and a fragment of another dtd Saka 970 in the temple of Ankusesvara,Karnataka,Belgaum,Temple,15.765403,75.117844,,,"ASI monument register via Bhuvan (ISRO), collected by github.com/answerquest/asi-monuments-xml2csv"
Two inscription in the ancient Jaina Temple (Saka 797 and 92),Karnataka,Belgaum,Temple,15.767745,75.116573,,,"ASI monument register via Bhuvan (ISRO), collected by github.com/answerquest/asi-monuments-xml2csv"
Inscription dated Saka 1141 of Ratta Cheiftain Kantavirya IV in ancient Basava temple,Karnataka,Belgaum,Temple,15.910701,74.773225,,,"ASI monument register via Bhuvan (ISRO), collected by github.com/answerquest/asi-monuments-xml2csv"
Aqueduct running from Bhat Bavdi southwest of tirvi village to Taj Bavdi Bijapur,Karnataka,Bijapur,Stepwell / Baoli,16.821618,75.642993,,,"ASI monument register via Bhuvan (ISRO), collected by github.com/answerquest/asi-monuments-xml2csv"
Kumbaresvar Temple,Karnataka,Gadag,Temple,15.390324,75.720344,,,"ASI monument register via Bhuvan (ISRO), collected by github.com/answerquest/asi-monuments-xml2csv"
Ruined gate way with inscription slab No 217,Karnataka,Bijapur,,16.822447,75.723839,,,"ASI monument register via Bhuvan (ISRO), collected by github.com/answerquest/asi-monuments-xml2csv"
King's seat,Karnataka,Uttar Kannada,,14.737305,74.814064,,,"ASI monument register via Bhuvan (ISRO), collected by github.com/answerquest/asi-monuments-xml2csv"
Temple Close to King's seat,Karnataka,Uttar Kannada,Temple,14.736766,74.813979,,,"ASI monument register via Bhuvan (ISRO), collected by github.com/answerquest/asi-monuments-xml2csv"
Kadamba inscription (kaliyuga 4289) in Mahalingesvara temple.at. Kittur dist Belgaum,Karnataka,Belgaum,Temple,15.603614,74.787858,,,"ASI monument register via Bhuvan (ISRO), collected by github.com/answerquest/asi-monuments-xml2csv"
Water apvillions to the south of the church in the arquilla,Karnataka,Bijapur,,16.825853,75.718252,,,"ASI monument register via Bhuvan (ISRO), collected by github.com/answerquest/asi-monuments-xml2csv"
Inscription of Marknadesvara Temple,Karnataka,Uttar Kannada,Temple,14.130626,74.489856,,,"ASI monument register via Bhuvan (ISRO), collected by github.com/answerquest/asi-monuments-xml2csv"
Inscriptions,Karnataka,Bagalkot,,16.180882,75.852622,,,"ASI monument register via Bhuvan (ISRO), collected by github.com/answerquest/asi-monuments-xml2csv"
Inscriptions,Karnataka,Bagalkot,,16.071094,75.641333,,,"ASI monument register via Bhuvan (ISRO), collected by github.com/answerquest/asi-monuments-xml2csv"
Inscriptions,Karnataka,Bagalkot,,15.932552,75.721182,,,"ASI monument register via Bhuvan (ISRO), collected by github.com/answerquest/asi-monuments-xml2csv"
Desayar  gudi,Karnataka,Bagalkot,,16.016785,75.878475,,,"ASI monument register via Bhuvan (ISRO), collected by github.com/answerquest/asi-monuments-xml2csv"
Kontigudi,Karnataka,Bagalkot,,16.018164,75.881462,,,"ASI monument register via Bhuvan (ISRO), collected by github.com/answerquest/asi-monuments-xml2csv"
Yoginarayan Temple,Karnataka,Bagalkot,Temple,16.019235,75.883001,,,"ASI monument register via Bhuvan (ISRO), collected by github.com/answerquest/asi-monuments-xml2csv"
Raval Phadi (Brahmanical cave),Karnataka,Bagalkot,,16.022404,75.884383,,,"ASI monument register via Bhuvan (ISRO), collected by github.com/answerquest/asi-monuments-xml2csv"
Temple adjoining Kontigudi on west side and inscription tablet within the temple,Karnataka,Bagalkot,Temple,16.018165,75.881334,,,"ASI monument register via Bhuvan (ISRO), collected by github.com/answerquest/asi-monuments-xml2csv"
Surangagudi temple adjoining Konti gudi south- west side,Karnataka,Bagalkot,Temple,16.018018,75.881357,,,"ASI monument register via Bhuvan (ISRO), collected by github.com/answerquest/asi-monuments-xml2csv"
Temple close to Kontigudi Sl.No 47 ( The last two are in fields 1 or 285 or both),Karnataka,Bagalkot,Temple,16.018044,75.881489,,,"ASI monument register via Bhuvan (ISRO), collected by github.com/answerquest/asi-monuments-xml2csv"
Old Gate,Karnataka,Bagalkot,,16.05601,75.952084,,,"ASI monument register via Bhuvan (ISRO), collected by github.com/answerquest/asi-monuments-xml2csv"
Kalika Bahvani temple,Karnataka,Bagalkot,Temple,16.208422,75.887907,,,"ASI monument register via Bhuvan (ISRO), collected by github.com/answerquest/asi-monuments-xml2csv"
Narayanadeva Temple,Karnataka,Bagalkot,Temple,16.208742,75.887986,,,"ASI monument register via Bhuvan (ISRO), collected by github.com/answerquest/asi-monuments-xml2csv"
Ramesvara Temple,Karnataka,Bagalkot,Temple,16.208201,75.889055,,,"ASI monument register via Bhuvan (ISRO), collected by github.com/answerquest/asi-monuments-xml2csv"
Old temple and (partly ruined) to the right side of the main entrance to the modern Banashankari temple.,Karnataka,Bagalkot,Temple,15.887275,75.704815,,,"ASI monument register via Bhuvan (ISRO), collected by github.com/answerquest/asi-monuments-xml2csv"
"Old temple with adjacent ancient structures, gateway to the left side of the entrance to the modern Banashankari temple",Karnataka,Bagalkot,Temple,15.88699,75.704892,,,"ASI monument register via Bhuvan (ISRO), collected by github.com/answerquest/asi-monuments-xml2csv"
"Old temple with adjacent ancient structures, gateway to the left side of the entrance to the modern Banashankari temple",Karnataka,Bagalkot,Temple,15.886851,75.704806,,,"ASI monument register via Bhuvan (ISRO), collected by github.com/answerquest/asi-monuments-xml2csv"
"Old temple with adjacent ancient structures, gateway to the left side of the entrance to the modern Banashankari temple",Karnataka,Bagalkot,Temple,15.886707,75.705027,,,"ASI monument register via Bhuvan (ISRO), collected by github.com/answerquest/asi-monuments-xml2csv"
"Old temple with adjacent ancient structures, gateway to the left side of the entrance to the modern Banashankari temple",Karnataka,Bagalkot,Temple,15.887797,75.704946,,,"ASI monument register via Bhuvan (ISRO), collected by github.com/answerquest/asi-monuments-xml2csv"
Tank with colondes at Banashankari Temple,Karnataka,Bagalkot,Temple,15.887452,75.705583,,,"ASI monument register via Bhuvan (ISRO), collected by github.com/answerquest/asi-monuments-xml2csv"
Visvesvara temple with two big Dwaraplas and main entrance to the courtyard,Karnataka,Bagalkot,Temple,16.196162,75.844775,,,"ASI monument register via Bhuvan (ISRO), collected by github.com/answerquest/asi-monuments-xml2csv"
Inscriptions,Karnataka,Bagalkot,,16.072256,75.642834,,,"ASI monument register via Bhuvan (ISRO), collected by github.com/answerquest/asi-monuments-xml2csv"
Inscriptions,Karnataka,Bagalkot,,16.072612,75.642051,,,"ASI monument register via Bhuvan (ISRO), collected by github.com/answerquest/asi-monuments-xml2csv"
Dolmen on south side of the road leading from the village to Badami about a mile to west,Karnataka,Bagalkot,,15.947945,75.799393,,,"ASI monument register via Bhuvan (ISRO), collected by github.com/answerquest/asi-monuments-xml2csv"
Jaina Temple,Karnataka,Bagalkot,Temple,15.949606,75.808038,,,"ASI monument register via Bhuvan (ISRO), collected by github.com/answerquest/asi-monuments-xml2csv"
Ancient Jain Temple in the Jungle,Karnataka,Belgaum,Temple,15.560376,74.549597,,,"ASI monument register via Bhuvan (ISRO), collected by github.com/answerquest/asi-monuments-xml2csv"
Jumma Masjid,Karnataka,Belgaum,,15.794427,74.757902,,,"ASI monument register via Bhuvan (ISRO), collected by github.com/answerquest/asi-monuments-xml2csv"
Afzulkhans wives tomb,Karnataka,Bijapur,Monument / Tomb,16.833891,75.676032,,,"ASI monument register via Bhuvan (ISRO), collected by github.com/answerquest/asi-monuments-xml2csv"
All old  guns on remparts and in trophy,Karnataka,Bijapur,,16.833921,75.736321,,,"ASI monument register via Bhuvan (ISRO), collected by github.com/answerquest/asi-monuments-xml2csv"
All old  guns on remparts and in trophy,Karnataka,Bijapur,,16.823874,75.739358,,,"ASI monument register via Bhuvan (ISRO), collected by github.com/answerquest/asi-monuments-xml2csv"
All old  guns on remparts and in trophy,Karnataka,Bijapur,,16.814471,75.719217,,,"ASI monument register via Bhuvan (ISRO), collected by github.com/answerquest/asi-monuments-xml2csv"
All old  guns on remparts and in trophy,Karnataka,Bijapur,,16.814483,75.719177,,,"ASI monument register via Bhuvan (ISRO), collected by github.com/answerquest/asi-monuments-xml2csv"
All old  guns on remparts and in trophy,Karnataka,Bijapur,,16.831719,75.708881,,,"ASI monument register via Bhuvan (ISRO), collected by github.com/answerquest/asi-monuments-xml2csv"
All old  guns on remparts and in trophy,Karnataka,Bijapur,,16.832563,75.71158,,,"ASI monument register via Bhuvan (ISRO), collected by github.com/answerquest/asi-monuments-xml2csv"
All old  guns on remparts and in trophy,Karnataka,Bijapur,,16.832658,75.711592,,,"ASI monument register via Bhuvan (ISRO), collected by github.com/answerquest/asi-monuments-xml2csv"
Ambar Khanna,Karnataka,Bijapur,,16.822755,75.732825,,,"ASI monument register via Bhuvan (ISRO), collected by github.com/answerquest/asi-monuments-xml2csv"
Andu Masjid,Karnataka,Bijapur,,16.822297,75.718269,,,"ASI monument register via Bhuvan (ISRO), collected by github.com/answerquest/asi-monuments-xml2csv"
Asar Mahal,Karnataka,Bijapur,Palace / Haveli,16.825992,75.722278,,,"ASI monument register via Bhuvan (ISRO), collected by github.com/answerquest/asi-monuments-xml2csv"
Batulla Khans Masjid,Karnataka,Bijapur,,16.822666,75.72593,,,"ASI monument register via Bhuvan (ISRO), collected by github.com/answerquest/asi-monuments-xml2csv"
Bhukahri Masjid,Karnataka,Bijapur,,16.829346,75.71695,,,"ASI monument register via Bhuvan (ISRO), collected by github.com/answerquest/asi-monuments-xml2csv"
Chand Bavdi,Karnataka,Bijapur,Stepwell / Baoli,16.834469,75.711058,,,"ASI monument register via Bhuvan (ISRO), collected by github.com/answerquest/asi-monuments-xml2csv"
Chot Asar Mosque,Karnataka,Bijapur,,16.831829,75.713783,,,"ASI monument register via Bhuvan (ISRO), collected by github.com/answerquest/asi-monuments-xml2csv"
chinch Didi Masjid,Karnataka,Bijapur,,16.825276,75.721329,,,"ASI monument register via Bhuvan (ISRO), collected by github.com/answerquest/asi-monuments-xml2csv"
Gagan Mahal,Karnataka,Bijapur,Palace / Haveli,16.826476,75.718414,,,"ASI monument register via Bhuvan (ISRO), collected by github.com/answerquest/asi-monuments-xml2csv"
Dhaiwadi Masjid near Allapur gate,Karnataka,Bijapur,,16.824022,75.737532,,,"ASI monument register via Bhuvan (ISRO), collected by github.com/answerquest/asi-monuments-xml2csv"
Grave of aurangazaeb's wife in Navbagh,Karnataka,Bijapur,,16.82377,75.713216,,,"ASI monument register via Bhuvan (ISRO), collected by github.com/answerquest/asi-monuments-xml2csv"
Gumat Bavdi,Karnataka,Bijapur,Stepwell / Baoli,16.819588,75.711241,,,"ASI monument register via Bhuvan (ISRO), collected by github.com/answerquest/asi-monuments-xml2csv"
Hyder Khan's Tomb,Karnataka,Bijapur,Monument / Tomb,16.82565,75.695,,,"ASI monument register via Bhuvan (ISRO), collected by github.com/answerquest/asi-monuments-xml2csv"
Jalmadir,Karnataka,Bijapur,,16.825723,75.717515,,,"ASI monument register via Bhuvan (ISRO), collected by github.com/answerquest/asi-monuments-xml2csv"
Kamarkhi Gumbaj,Karnataka,Bijapur,,16.832303,75.716303,,,"ASI monument register via Bhuvan (ISRO), collected by github.com/answerquest/asi-monuments-xml2csv"
Karimuddin's Mosque,Karnataka,Bijapur,,16.824205,75.718596,,,"ASI monument register via Bhuvan (ISRO), collected by github.com/answerquest/asi-monuments-xml2csv"
Mosque No 21 (Behind Chandbavdi),Karnataka,Bijapur,,16.834724,75.710839,,,"ASI monument register via Bhuvan (ISRO), collected by github.com/answerquest/asi-monuments-xml2csv"
Mosque No 213,Karnataka,Bijapur,,16.832606,75.726575,,,"ASI monument register via Bhuvan (ISRO), collected by github.com/answerquest/asi-monuments-xml2csv"
Moti Dargah,Karnataka,Bijapur,Monument / Tomb,16.828923,75.694428,,,"ASI monument register via Bhuvan (ISRO), collected by github.com/answerquest/asi-monuments-xml2csv"
Mustafa Khan's Mosque,Karnataka,Bijapur,,16.824742,75.725494,,,"ASI monument register via Bhuvan (ISRO), collected by github.com/answerquest/asi-monuments-xml2csv"
Nitya Navari tomb and masjiid near Moti dargah,Karnataka,Bijapur,Monument / Tomb,16.82779,75.693173,,,"ASI monument register via Bhuvan (ISRO), collected by github.com/answerquest/asi-monuments-xml2csv"
Old Mosque No 294,Karnataka,Bijapur,,16.827378,75.719167,,,"ASI monument register via Bhuvan (ISRO), collected by github.com/answerquest/asi-monuments-xml2csv"
Small Tomb No 47,Karnataka,Bijapur,Monument / Tomb,16.819473,75.711064,,,"ASI monument register via Bhuvan (ISRO), collected by github.com/answerquest/asi-monuments-xml2csv"
Tomb of Pir Shaik Hamid Khadir,Karnataka,Bijapur,Monument / Tomb,16.819564,75.710836,,,"ASI monument register via Bhuvan (ISRO), collected by github.com/answerquest/asi-monuments-xml2csv"
Tomb No 22 on the western bank of Chand Bavdi,Karnataka,Bijapur,Stepwell / Baoli,16.834581,75.710834,,,"ASI monument register via Bhuvan (ISRO), collected by github.com/answerquest/asi-monuments-xml2csv"
Tomb No 48,Karnataka,Bijapur,Monument / Tomb,16.819428,75.711243,,,"ASI monument register via Bhuvan (ISRO), collected by github.com/answerquest/asi-monuments-xml2csv"
Two Different moats of citadel locally known as Arquilla,Karnataka,Bijapur,,16.826454,75.717452,,,"ASI monument register via Bhuvan (ISRO), collected by github.com/answerquest/asi-monuments-xml2csv"
Two Different moats of citadel locally known as Arquilla,Karnataka,Bijapur,,16.826807,75.721784,,,"ASI monument register via Bhuvan (ISRO), collected by github.com/answerquest/asi-monuments-xml2csv"
Inscription,Karnataka,Bagalkot,,15.84609,75.749867,,,"ASI monument register via Bhuvan (ISRO), collected by github.com/answerquest/asi-monuments-xml2csv"
"water towers Nos 61,67,91,114,115,142,147,286 and 289",Karnataka,Bijapur,,16.825365,75.721483,,,"ASI monument register via Bhuvan (ISRO), collected by github.com/answerquest/asi-monuments-xml2csv"
"water towers Nos 61,67,91,114,115,142,147,286 and 289",Karnataka,Bijapur,,16.816594,75.71256,,,"ASI monument register via Bhuvan (ISRO), collected by github.com/answerquest/asi-monuments-xml2csv"
"water towers Nos 61,67,91,114,115,142,147,286 and 289",Karnataka,Bijapur,,16.820469,75.714703,,,"ASI monument register via Bhuvan (ISRO), collected by github.com/answerquest/asi-monuments-xml2csv"
"water towers Nos 61,67,91,114,115,142,147,286 and 289",Karnataka,Bijapur,,16.821886,75.717683,,,"ASI monument register via Bhuvan (ISRO), collected by github.com/answerquest/asi-monuments-xml2csv"
Virupaksha Temple,Karnataka,Uttar Kannada,Temple,14.356897,74.792675,,,"ASI monument register via Bhuvan (ISRO), collected by github.com/answerquest/asi-monuments-xml2csv"
"water towers Nos 61,67,91,114,115,142,147,286 and 289",Karnataka,Bijapur,,16.824704,75.721974,,,"ASI monument register via Bhuvan (ISRO), collected by github.com/answerquest/asi-monuments-xml2csv"
"water towers Nos 61,67,91,114,115,142,147,286 and 289",Karnataka,Bijapur,,16.824305,75.721287,,,"ASI monument register via Bhuvan (ISRO), collected by github.com/answerquest/asi-monuments-xml2csv"
"water towers Nos 61,67,91,114,115,142,147,286 and 289",Karnataka,Bijapur,,16.827138,75.72599,,,"ASI monument register via Bhuvan (ISRO), collected by github.com/answerquest/asi-monuments-xml2csv"
"water towers Nos 61,67,91,114,115,142,147,286 and 289",Karnataka,Bijapur,,16.822791,75.724919,,,"ASI monument register via Bhuvan (ISRO), collected by github.com/answerquest/asi-monuments-xml2csv"
"water towers Nos 61,67,91,114,115,142,147,286 and 289",Karnataka,Bijapur,,16.825454,75.720456,,,"ASI monument register via Bhuvan (ISRO), collected by github.com/answerquest/asi-monuments-xml2csv"
Yakub Dabuli's Mosque and tomb no 204,Karnataka,Bijapur,Monument / Tomb,16.828267,75.721711,,,"ASI monument register via Bhuvan (ISRO), collected by github.com/answerquest/asi-monuments-xml2csv"
Zanziri or malik jahan begum's mosque,Karnataka,Bijapur,,16.826356,75.715608,,,"ASI monument register via Bhuvan (ISRO), collected by github.com/answerquest/asi-monuments-xml2csv"
Inscriptions in Kalmeshwara Temple,Karnataka,Bijapur,Temple,16.814768,76.066639,,,"ASI monument register via Bhuvan (ISRO), collected by github.com/answerquest/asi-monuments-xml2csv"
Badi kaman and related arcades,Karnataka,Bijapur,,16.82304,75.725061,,,"ASI monument register via Bhuvan (ISRO), collected by github.com/answerquest/asi-monuments-xml2csv"
Small Masjid over rectangular dam to the south of (Afsal Khna's tomb),Karnataka,Bijapur,Monument / Tomb,16.832931,75.676114,,,"ASI monument register via Bhuvan (ISRO), collected by github.com/answerquest/asi-monuments-xml2csv"
Saraswathi Temple,Karnataka,Gadag,Temple,15.424324,75.626647,,,"ASI monument register via Bhuvan (ISRO), collected by github.com/answerquest/asi-monuments-xml2csv"
Gulbaraga Fort and great Mosque in it,Karnataka,Gulbarga,Fort,17.33941,76.831128,,,"ASI monument register via Bhuvan (ISRO), collected by github.com/answerquest/asi-monuments-xml2csv"
Gulbaraga Fort and great Mosque in it,Karnataka,Gulbarga,Fort,17.340843,76.8306,,,"ASI monument register via Bhuvan (ISRO), collected by github.com/answerquest/asi-monuments-xml2csv"
Galagesvara Temple,Karnataka,Haveri,Temple,14.921599,75.683371,,,"ASI monument register via Bhuvan (ISRO), collected by github.com/answerquest/asi-monuments-xml2csv"
old ruined temple between the fort and tank with two dies of a finely sculptured doorway partly buried in accumulated earth,Karnataka,Haveri,Fort,14.754798,75.123108,,,"ASI monument register via Bhuvan (ISRO), collected by github.com/answerquest/asi-monuments-xml2csv"
Somesvara Temple,Karnataka,Haveri,Temple,14.835846,75.674256,,,"ASI monument register via Bhuvan (ISRO), collected by github.com/answerquest/asi-monuments-xml2csv"
Kallesvara Temple,Karnataka,Haveri,Temple,14.835586,75.674245,,,"ASI monument register via Bhuvan (ISRO), collected by github.com/answerquest/asi-monuments-xml2csv"
"Adike Narayan Devasthan  and 2 Others 1) Virupaksha devasthan, 2) Venkatraman Devastana",Karnataka,Uttar Kannada,,13.983715,74.563644,,,"ASI monument register via Bhuvan (ISRO), collected by github.com/answerquest/asi-monuments-xml2csv"
"Adike Narayan Devasthan  and 2 Others 1) Virupaksha devasthan, 2) Venkatraman Devastana",Karnataka,Uttar Kannada,,13.988459,74.550766,,,"ASI monument register via Bhuvan (ISRO), collected by github.com/answerquest/asi-monuments-xml2csv"
Ketpai Narayan Devasthan,Karnataka,Uttar Kannada,,13.983469,74.562513,,,"ASI monument register via Bhuvan (ISRO), collected by github.com/answerquest/asi-monuments-xml2csv"
Lakar Kamati  Nassrayan  Devsthan,Karnataka,Uttar Kannada,,13.986635,74.563553,,,"ASI monument register via Bhuvan (ISRO), collected by github.com/answerquest/asi-monuments-xml2csv"
Narasimha Devasthan,Karnataka,Uttar Kannada,,13.983231,74.565568,,,"ASI monument register via Bhuvan (ISRO), collected by github.com/answerquest/asi-monuments-xml2csv"
Parsvanath Basti,Karnataka,Uttar Kannada,,13.984278,74.555702,,,"ASI monument register via Bhuvan (ISRO), collected by github.com/answerquest/asi-monuments-xml2csv"
Raghunath Devasthan,Karnataka,Uttar Kannada,,13.988608,74.556881,,,"ASI monument register via Bhuvan (ISRO), collected by github.com/answerquest/asi-monuments-xml2csv"
Siva Temple on the east of river,Karnataka,Uttar Kannada,Temple,14.363522,74.78702,,,"ASI monument register via Bhuvan (ISRO), collected by github.com/answerquest/asi-monuments-xml2csv"
Fort,Karnataka,Uttar Kannada,Fort,14.488929,74.417596,,,"ASI monument register via Bhuvan (ISRO), collected by github.com/answerquest/asi-monuments-xml2csv"
Pre-Historic Site,Karnataka,Yadagiri,,16.6649,76.857883,,,"ASI monument register via Bhuvan (ISRO), collected by github.com/answerquest/asi-monuments-xml2csv"
Pre-Historic Site,Karnataka,Yadagiri,,16.376164,76.450928,,,"ASI monument register via Bhuvan (ISRO), collected by github.com/answerquest/asi-monuments-xml2csv"
Inscriptions,Karnataka,Bagalkot,,16.074003,75.646344,,,"ASI monument register via Bhuvan (ISRO), collected by github.com/answerquest/asi-monuments-xml2csv"
Inscription,Karnataka,Bagalkot,,15.846133,75.749045,,,"ASI monument register via Bhuvan (ISRO), collected by github.com/answerquest/asi-monuments-xml2csv"
Inscriptions,Karnataka,Bagalkot,,16.017696,76.281553,,,"ASI monument register via Bhuvan (ISRO), collected by github.com/answerquest/asi-monuments-xml2csv"
Inscriptions,Karnataka,Bagalkot,,16.015688,76.280287,,,"ASI monument register via Bhuvan (ISRO), collected by github.com/answerquest/asi-monuments-xml2csv"
Kadamba Inscription dated Kaliyuga 4282,Karnataka,Belgaum,,15.567768,74.720199,,,"ASI monument register via Bhuvan (ISRO), collected by github.com/answerquest/asi-monuments-xml2csv"
Ratta Tablet dated Saka 1130 and 1178 in Brahmadeva Temple,Karnataka,Belgaum,Temple,15.844627,74.714355,,,"ASI monument register via Bhuvan (ISRO), collected by github.com/answerquest/asi-monuments-xml2csv"
Stone bearing Inscriptions,Karnataka,Bagalkot,,15.90839,75.930478,,,"ASI monument register via Bhuvan (ISRO), collected by github.com/answerquest/asi-monuments-xml2csv"
Bahamani Tombs,Karnataka,Bidar,,17.915801,77.559431,,,"ASI monument register via Bhuvan (ISRO), collected by github.com/answerquest/asi-monuments-xml2csv"
Bahamani Tombs,Karnataka,Bidar,,17.918162,77.554286,,,"ASI monument register via Bhuvan (ISRO), collected by github.com/answerquest/asi-monuments-xml2csv"
Ram Bagh Gateways adjoining the Zohra Bagh,Uttar Pradesh,Agra,,27.0,78.0,,,"ASI monument register via Bhuvan (ISRO), collected by github.com/answerquest/asi-monuments-xml2csv"
"Kos Minar, Mile 09, Furlong 04",Uttar Pradesh,Agra,,27.154753,77.886289,,,"ASI monument register via Bhuvan (ISRO), collected by github.com/answerquest/asi-monuments-xml2csv"
"Kos Minar, Mile 11, Furlong 01",Uttar Pradesh,Agra,,27.151035,77.860131,,,"ASI monument register via Bhuvan (ISRO), collected by github.com/answerquest/asi-monuments-xml2csv"
"Kos Minar, Mile 12, Furlong 07",Uttar Pradesh,Agra,,27.144186,77.832925,,,"ASI monument register via Bhuvan (ISRO), collected by github.com/answerquest/asi-monuments-xml2csv"
"Kos Minar, Mile 15, Furlong 02",Uttar Pradesh,Agra,,27.139017,77.796131,,,"ASI monument register via Bhuvan (ISRO), collected by github.com/answerquest/asi-monuments-xml2csv"
"Kos Minar, Mile-09, Furlong 04",Uttar Pradesh,Agra,,27.228014,77.89875,,,"ASI monument register via Bhuvan (ISRO), collected by github.com/answerquest/asi-monuments-xml2csv"
"Kos Minar, Mile-12, Furlong 01",Uttar Pradesh,Agra,,27.236111,77.857944,,,"ASI monument register via Bhuvan (ISRO), collected by github.com/answerquest/asi-monuments-xml2csv"
"An Octagonal double storied Mughal pavilion called Hajeera,constisting of ?",Uttar Pradesh,Agra,,27.232254,78.184558,,,"ASI monument register via Bhuvan (ISRO), collected by github.com/answerquest/asi-monuments-xml2csv"
The village known as Burhia-ka-Tal,Uttar Pradesh,Agra,,27.233223,78.186244,,,"ASI monument register via Bhuvan (ISRO), collected by github.com/answerquest/asi-monuments-xml2csv"
Abul Faizis Hammam in the compound round Abul Fazl and Faizi's House,Uttar Pradesh,Agra,,27.095478,77.663425,,,"ASI monument register via Bhuvan (ISRO), collected by github.com/answerquest/asi-monuments-xml2csv"
Abul Faizi's House,Uttar Pradesh,Agra,,27.095606,77.663306,,,"ASI monument register via Bhuvan (ISRO), collected by github.com/answerquest/asi-monuments-xml2csv"
Abul Fazl's House north of Jami Masjid,Uttar Pradesh,Agra,,27.095539,77.663128,,,"ASI monument register via Bhuvan (ISRO), collected by github.com/answerquest/asi-monuments-xml2csv"
Agra Gate,Uttar Pradesh,Agra,,27.101753,77.676064,,,"ASI monument register via Bhuvan (ISRO), collected by github.com/answerquest/asi-monuments-xml2csv"
Ajmeri Gate,Uttar Pradesh,Agra,,27.089433,77.649961,,,"ASI monument register via Bhuvan (ISRO), collected by github.com/answerquest/asi-monuments-xml2csv"
Ankh Michauli and vaults beneath,Uttar Pradesh,Agra,,27.097811,77.665831,,,"ASI monument register via Bhuvan (ISRO), collected by github.com/answerquest/asi-monuments-xml2csv"
Archways partly supporting platform by the water works and in front of covered way leading from Jodh Bai’s Palace towards the Hiran Minar,Uttar Pradesh,Agra,Palace / Haveli,27.097186,77.664269,,,"ASI monument register via Bhuvan (ISRO), collected by github.com/answerquest/asi-monuments-xml2csv"
Astrologer's Seat & vaults beneath,Uttar Pradesh,Agra,,27.100385,77.670185,,,"ASI monument register via Bhuvan (ISRO), collected by github.com/answerquest/asi-monuments-xml2csv"
Baha-ud-Din's Tomb near Tehra Darwaza,Uttar Pradesh,Agra,Monument / Tomb,27.085069,77.654814,,,"ASI monument register via Bhuvan (ISRO), collected by github.com/answerquest/asi-monuments-xml2csv"
"Buland Darwaza, Dargah of Sheikh Salim Chisti",Uttar Pradesh,Agra,Monument / Tomb,27.094317,77.662783,,,"ASI monument register via Bhuvan (ISRO), collected by github.com/answerquest/asi-monuments-xml2csv"
Baoli on the north side of Agra road below Hakim's Bath,Uttar Pradesh,Agra,Stepwell / Baoli,27.095136,77.667047,,,"ASI monument register via Bhuvan (ISRO), collected by github.com/answerquest/asi-monuments-xml2csv"
Baradari near Kush Mahal,Uttar Pradesh,Agra,Palace / Haveli,27.091472,77.648772,,,"ASI monument register via Bhuvan (ISRO), collected by github.com/answerquest/asi-monuments-xml2csv"
Baradari situated on the stone ridge between the Naubat Khana and Agra Gate,Uttar Pradesh,Agra,,27.09939,77.668544,,,"ASI monument register via Bhuvan (ISRO), collected by github.com/answerquest/asi-monuments-xml2csv"
Baradari near Tehra Darwaza,Uttar Pradesh,Agra,,27.084319,77.659944,,,"ASI monument register via Bhuvan (ISRO), collected by github.com/answerquest/asi-monuments-xml2csv"
Birbal's Daughter's House,Uttar Pradesh,Agra,,27.096911,77.664297,,,"ASI monument register via Bhuvan (ISRO), collected by github.com/answerquest/asi-monuments-xml2csv"
Birpol Gate,Uttar Pradesh,Agra,,27.096022,77.678681,,,"ASI monument register via Bhuvan (ISRO), collected by github.com/answerquest/asi-monuments-xml2csv"
Building commonly called Baiju-ka-Makan,Uttar Pradesh,Agra,,27.101997,77.670577,,,"ASI monument register via Bhuvan (ISRO), collected by github.com/answerquest/asi-monuments-xml2csv"
Chandrapol Gate,Uttar Pradesh,Agra,,27.092669,77.676127,,,"ASI monument register via Bhuvan (ISRO), collected by github.com/answerquest/asi-monuments-xml2csv"
Chor Darwaza,Uttar Pradesh,Agra,,27.088523,77.650787,,,"ASI monument register via Bhuvan (ISRO), collected by github.com/answerquest/asi-monuments-xml2csv"
City Walls,Uttar Pradesh,Agra,,27.082175,77.660442,,,"ASI monument register via Bhuvan (ISRO), collected by github.com/answerquest/asi-monuments-xml2csv"
Cloisters in front of the hammam (by the gate) leading into the Diwan-i-Am courtyard,Uttar Pradesh,Agra,,27.098066,77.666975,,,"ASI monument register via Bhuvan (ISRO), collected by github.com/answerquest/asi-monuments-xml2csv"
Daftarkhana (Old Dak Bungalow),Uttar Pradesh,Agra,,27.095992,77.665953,,,"ASI monument register via Bhuvan (ISRO), collected by github.com/answerquest/asi-monuments-xml2csv"
Dalan (attached to Mariam's House),Uttar Pradesh,Agra,,27.097014,77.665594,,,"ASI monument register via Bhuvan (ISRO), collected by github.com/answerquest/asi-monuments-xml2csv"
Darogha's House,Uttar Pradesh,Agra,,27.096967,77.663003,,,"ASI monument register via Bhuvan (ISRO), collected by github.com/answerquest/asi-monuments-xml2csv"
Delhi Gate,Uttar Pradesh,Agra,,27.103872,77.670139,,,"ASI monument register via Bhuvan (ISRO), collected by github.com/answerquest/asi-monuments-xml2csv"
Diving well on the south-west corner of the Jami Masjid,Uttar Pradesh,Agra,,27.094102,77.662287,,,"ASI monument register via Bhuvan (ISRO), collected by github.com/answerquest/asi-monuments-xml2csv"
Diwan-i-Khas with cloisters,Uttar Pradesh,Agra,,27.097831,77.666069,,,"ASI monument register via Bhuvan (ISRO), collected by github.com/answerquest/asi-monuments-xml2csv"
Domed Baths,Uttar Pradesh,Agra,,27.102186,77.673608,,,"ASI monument register via Bhuvan (ISRO), collected by github.com/answerquest/asi-monuments-xml2csv"
Domed Gateway on the stone ridge by  Agra Gate,Uttar Pradesh,Agra,,27.101778,77.673947,,,"ASI monument register via Bhuvan (ISRO), collected by github.com/answerquest/asi-monuments-xml2csv"
Elephant Gate or Hathi Pol,Uttar Pradesh,Agra,,27.0974,77.663972,,,"ASI monument register via Bhuvan (ISRO), collected by github.com/answerquest/asi-monuments-xml2csv"
The Girl's School,Uttar Pradesh,Agra,,27.097036,77.665867,,,"ASI monument register via Bhuvan (ISRO), collected by github.com/answerquest/asi-monuments-xml2csv"
Guard House No.1 ( attached to Jodh Bai's Palace),Uttar Pradesh,Agra,Palace / Haveli,27.096139,77.665281,,,"ASI monument register via Bhuvan (ISRO), collected by github.com/answerquest/asi-monuments-xml2csv"
Guard House No.2 (attached to Mariam's House),Uttar Pradesh,Agra,,27.096564,77.665272,,,"ASI monument register via Bhuvan (ISRO), collected by github.com/answerquest/asi-monuments-xml2csv"
Guard House,Uttar Pradesh,Agra,,27.096564,77.665272,,,"ASI monument register via Bhuvan (ISRO), collected by github.com/answerquest/asi-monuments-xml2csv"
Guard House at the foot of the ridge by Agra gate,Uttar Pradesh,Agra,,27.099992,77.671819,,,"ASI monument register via Bhuvan (ISRO), collected by github.com/answerquest/asi-monuments-xml2csv"
Gwalior Gate,Uttar Pradesh,Agra,,27.085553,77.664917,,,"ASI monument register via Bhuvan (ISRO), collected by github.com/answerquest/asi-monuments-xml2csv"
Hakim's Bath,Uttar Pradesh,Agra,,27.096256,77.667236,,,"ASI monument register via Bhuvan (ISRO), collected by github.com/answerquest/asi-monuments-xml2csv"
Hakim's (Doctor's) house,Uttar Pradesh,Agra,,27.096631,77.667164,,,"ASI monument register via Bhuvan (ISRO), collected by github.com/answerquest/asi-monuments-xml2csv"
Hammam to the south-east of Buland Darwaza,Uttar Pradesh,Agra,,27.094112,77.662568,,,"ASI monument register via Bhuvan (ISRO), collected by github.com/answerquest/asi-monuments-xml2csv"
"Hammam, in front of the Buland Darwaza",Uttar Pradesh,Agra,,27.093094,77.663092,,,"ASI monument register via Bhuvan (ISRO), collected by github.com/answerquest/asi-monuments-xml2csv"
Hammam (attached to Jodh Bai's Palace),Uttar Pradesh,Agra,Palace / Haveli,27.096083,77.664828,,,"ASI monument register via Bhuvan (ISRO), collected by github.com/answerquest/asi-monuments-xml2csv"
"Hammam, No 02",Uttar Pradesh,Agra,,27.09823,77.66653,,,"ASI monument register via Bhuvan (ISRO), collected by github.com/answerquest/asi-monuments-xml2csv"
"Hammam, No 03",Uttar Pradesh,Agra,,27.098236,77.666416,,,"ASI monument register via Bhuvan (ISRO), collected by github.com/answerquest/asi-monuments-xml2csv"
Hammam outside Abul Fazl's House by the Horse Stable,Uttar Pradesh,Agra,,27.096231,77.664028,,,"ASI monument register via Bhuvan (ISRO), collected by github.com/answerquest/asi-monuments-xml2csv"
Hawa Mahal (Jodh Bai's Palace),Uttar Pradesh,Agra,Palace / Haveli,27.096472,77.664892,,,"ASI monument register via Bhuvan (ISRO), collected by github.com/answerquest/asi-monuments-xml2csv"
Hiran Minar,Uttar Pradesh,Agra,,27.09865,77.662583,,,"ASI monument register via Bhuvan (ISRO), collected by github.com/answerquest/asi-monuments-xml2csv"
"Horse stables, Camel stables & Hammam",Uttar Pradesh,Agra,,27.097378,77.666036,,,"ASI monument register via Bhuvan (ISRO), collected by github.com/answerquest/asi-monuments-xml2csv"
Hospital at the corner of Birbal's House,Uttar Pradesh,Agra,,27.097011,77.664133,,,"ASI monument register via Bhuvan (ISRO), collected by github.com/answerquest/asi-monuments-xml2csv"
Hospital and latrine,Uttar Pradesh,Agra,,27.097508,77.665308,,,"ASI monument register via Bhuvan (ISRO), collected by github.com/answerquest/asi-monuments-xml2csv"
"Jami Masjid, Dargah of Sheikh Salim Chisti",Uttar Pradesh,Agra,Monument / Tomb,27.094892,77.662019,,,"ASI monument register via Bhuvan (ISRO), collected by github.com/answerquest/asi-monuments-xml2csv"
Jodh Bai's Palace,Uttar Pradesh,Agra,Palace / Haveli,27.096397,77.664913,,,"ASI monument register via Bhuvan (ISRO), collected by github.com/answerquest/asi-monuments-xml2csv"
Buildings above the Karwan Sarai near the Sangin Burj and the Darohga's House,Uttar Pradesh,Agra,,27.097203,77.663228,,,"ASI monument register via Bhuvan (ISRO), collected by github.com/answerquest/asi-monuments-xml2csv"
Karwan Sarai,Uttar Pradesh,Agra,,27.097619,77.662878,,,"ASI monument register via Bhuvan (ISRO), collected by github.com/answerquest/asi-monuments-xml2csv"
Khanqah,Uttar Pradesh,Agra,,27.095218,77.661712,,,"ASI monument register via Bhuvan (ISRO), collected by github.com/answerquest/asi-monuments-xml2csv"
Khanqah attached to Dargah,Uttar Pradesh,Agra,Monument / Tomb,27.094791,77.661862,,,"ASI monument register via Bhuvan (ISRO), collected by github.com/answerquest/asi-monuments-xml2csv"
Khas Mahal cloisters on the west and south sides below the Khwabgah,Uttar Pradesh,Agra,Palace / Haveli,27.096619,77.665639,,,"ASI monument register via Bhuvan (ISRO), collected by github.com/answerquest/asi-monuments-xml2csv"
Khatai Khana,Uttar Pradesh,Agra,,27.094024,77.661463,,,"ASI monument register via Bhuvan (ISRO), collected by github.com/answerquest/asi-monuments-xml2csv"
"Khush Mahal or ""Hada Mahal""",Uttar Pradesh,Agra,Palace / Haveli,27.091392,77.647997,,,"ASI monument register via Bhuvan (ISRO), collected by github.com/answerquest/asi-monuments-xml2csv"
"Khas-Mahal, the Khwabgah",Uttar Pradesh,Agra,Palace / Haveli,27.096567,77.666014,,,"ASI monument register via Bhuvan (ISRO), collected by github.com/answerquest/asi-monuments-xml2csv"
King's Gate of the Jami Masjid (Dargah Sheikh Salim Chisti),Uttar Pradesh,Agra,Monument / Tomb,27.094847,77.663592,,,"ASI monument register via Bhuvan (ISRO), collected by github.com/answerquest/asi-monuments-xml2csv"
Kitchen (attached to Mariam's Houses),Uttar Pradesh,Agra,,27.096617,77.665608,,,"ASI monument register via Bhuvan (ISRO), collected by github.com/answerquest/asi-monuments-xml2csv"
Lal Darwaza Gate,Uttar Pradesh,Agra,,27.104392,77.675339,,,"ASI monument register via Bhuvan (ISRO), collected by github.com/answerquest/asi-monuments-xml2csv"
Mariam's House,Uttar Pradesh,Agra,,27.096869,77.6654,,,"ASI monument register via Bhuvan (ISRO), collected by github.com/answerquest/asi-monuments-xml2csv"
Nagina Masjid,Uttar Pradesh,Agra,,27.097197,77.663889,,,"ASI monument register via Bhuvan (ISRO), collected by github.com/answerquest/asi-monuments-xml2csv"
"North Gate commonly known as Zanana Rauza, Dargah Sheikh Salim Chisti",Uttar Pradesh,Agra,Monument / Tomb,27.095367,77.662869,,,"ASI monument register via Bhuvan (ISRO), collected by github.com/answerquest/asi-monuments-xml2csv"
Octagonal Baoli,Uttar Pradesh,Agra,Stepwell / Baoli,27.097967,77.663978,,,"ASI monument register via Bhuvan (ISRO), collected by github.com/answerquest/asi-monuments-xml2csv"
Pachisi Court with Dalans,Uttar Pradesh,Agra,,27.097311,77.666008,,,"ASI monument register via Bhuvan (ISRO), collected by github.com/answerquest/asi-monuments-xml2csv"
Panch Mahal,Uttar Pradesh,Agra,Palace / Haveli,27.097214,77.665667,,,"ASI monument register via Bhuvan (ISRO), collected by github.com/answerquest/asi-monuments-xml2csv"
Poor house on the southeast angle of Dargah Sheikh Salim Chisti,Uttar Pradesh,Agra,Monument / Tomb,27.094014,77.663386,,,"ASI monument register via Bhuvan (ISRO), collected by github.com/answerquest/asi-monuments-xml2csv"
Ranges of building between Diwan-i-Am and the Treasury including a Hammam,Uttar Pradesh,Agra,,27.097256,77.667522,,,"ASI monument register via Bhuvan (ISRO), collected by github.com/answerquest/asi-monuments-xml2csv"
Poor house (attached to Nagina Masjid),Uttar Pradesh,Agra,,27.097153,77.66465,,,"ASI monument register via Bhuvan (ISRO), collected by github.com/answerquest/asi-monuments-xml2csv"
Rang Mahal,Uttar Pradesh,Agra,Palace / Haveli,27.094338,77.660945,,,"ASI monument register via Bhuvan (ISRO), collected by github.com/answerquest/asi-monuments-xml2csv"
"Ruined Bath, east of the Octagonal Baoli",Uttar Pradesh,Agra,Stepwell / Baoli,27.098234,77.664354,,,"ASI monument register via Bhuvan (ISRO), collected by github.com/answerquest/asi-monuments-xml2csv"
"Ruined Bath, west of the Octagonal Baoli",Uttar Pradesh,Agra,Stepwell / Baoli,27.097855,77.663736,,,"ASI monument register via Bhuvan (ISRO), collected by github.com/answerquest/asi-monuments-xml2csv"
Salim Chishti's Tomb,Uttar Pradesh,Agra,Monument / Tomb,27.095142,77.662725,,,"ASI monument register via Bhuvan (ISRO), collected by github.com/answerquest/asi-monuments-xml2csv"
"Samosa Mahal, north of Abul  Fazl's house by Sangin Burj",Uttar Pradesh,Agra,Palace / Haveli,27.096289,77.662897,,,"ASI monument register via Bhuvan (ISRO), collected by github.com/answerquest/asi-monuments-xml2csv"
Sangin Burj,Uttar Pradesh,Agra,,27.097453,77.663675,,,"ASI monument register via Bhuvan (ISRO), collected by github.com/answerquest/asi-monuments-xml2csv"
"Small Baths, north of Abul Fazl's house near Sangin Burj",Uttar Pradesh,Agra,,27.096279,77.662032,,,"ASI monument register via Bhuvan (ISRO), collected by github.com/answerquest/asi-monuments-xml2csv"
Small Masjid attached to Baha-ud-din's Tomb,Uttar Pradesh,Agra,Monument / Tomb,27.084919,77.654814,,,"ASI monument register via Bhuvan (ISRO), collected by github.com/answerquest/asi-monuments-xml2csv"
Small Masjid between Delhi Gate & Lal Darwaza,Uttar Pradesh,Agra,,27.103294,77.671663,,,"ASI monument register via Bhuvan (ISRO), collected by github.com/answerquest/asi-monuments-xml2csv"
Stone Cutter's Masjid,Uttar Pradesh,Agra,,27.094876,77.660929,,,"ASI monument register via Bhuvan (ISRO), collected by github.com/answerquest/asi-monuments-xml2csv"
Sukh Tal (Tank) near Hakim's House,Uttar Pradesh,Agra,,27.096122,77.666817,,,"ASI monument register via Bhuvan (ISRO), collected by github.com/answerquest/asi-monuments-xml2csv"
Tank at the back of Diwan-i-Khas (Sweet Tank),Uttar Pradesh,Agra,,27.098194,77.666139,,,"ASI monument register via Bhuvan (ISRO), collected by github.com/answerquest/asi-monuments-xml2csv"
Tomb of Islam Khan,Uttar Pradesh,Agra,Monument / Tomb,27.095261,77.663069,,,"ASI monument register via Bhuvan (ISRO), collected by github.com/answerquest/asi-monuments-xml2csv"
The Treasury and Naubat Khana,Uttar Pradesh,Agra,,27.097775,77.668158,,,"ASI monument register via Bhuvan (ISRO), collected by github.com/answerquest/asi-monuments-xml2csv"
Turkish Sultana's House and Hammam,Uttar Pradesh,Agra,,27.096975,77.666339,,,"ASI monument register via Bhuvan (ISRO), collected by github.com/answerquest/asi-monuments-xml2csv"
Viaduct across the road leading to Bharatpur,Uttar Pradesh,Agra,,27.112708,77.662822,,,"ASI monument register via Bhuvan (ISRO), collected by github.com/answerquest/asi-monuments-xml2csv"
Water Works attached to Baoli,Uttar Pradesh,Agra,Stepwell / Baoli,27.097603,77.664078,,,"ASI monument register via Bhuvan (ISRO), collected by github.com/answerquest/asi-monuments-xml2csv"
Water Works impinging on the Sukh Tal,Uttar Pradesh,Agra,,27.096178,77.666511,,,"ASI monument register via Bhuvan (ISRO), collected by github.com/answerquest/asi-monuments-xml2csv"
Well by Hiran Minar,Uttar Pradesh,Agra,,27.098758,77.662531,,,"ASI monument register via Bhuvan (ISRO), collected by github.com/answerquest/asi-monuments-xml2csv"
Jami Masjid,Uttar Pradesh,Agra,,27.234378,78.200309,,,"ASI monument register via Bhuvan (ISRO), collected by github.com/answerquest/asi-monuments-xml2csv"
Two gateways and the Mosque in the Jajau Sarai,Uttar Pradesh,Agra,,26.917118,77.923929,,,"ASI monument register via Bhuvan (ISRO), collected by github.com/answerquest/asi-monuments-xml2csv"
The building known as the Bara Khamba,Uttar Pradesh,Agra,,27.025006,77.846341,,,"ASI monument register via Bhuvan (ISRO), collected by github.com/answerquest/asi-monuments-xml2csv"
Old Teela and Tasu Teela,Uttar Pradesh,Agra,,27.0,78.0,,,"ASI monument register via Bhuvan (ISRO), collected by github.com/answerquest/asi-monuments-xml2csv"
Tomb of Sheikh Ibrahim (Nephew of Salim Chishti).,Uttar Pradesh,Agra,Monument / Tomb,27.117051,77.639194,,,"ASI monument register via Bhuvan (ISRO), collected by github.com/answerquest/asi-monuments-xml2csv"
Monuments in the memory of Captain Ronald Cameron and other soldiers,Uttar Pradesh,Aligarh,,27.89945,78.071083,,,"ASI monument register via Bhuvan (ISRO), collected by github.com/answerquest/asi-monuments-xml2csv"
Monument in memory of the brave men who fell at the hour of victory at Gangiri,Uttar Pradesh,Aligarh,,27.849975,78.489952,,,"ASI monument register via Bhuvan (ISRO), collected by github.com/answerquest/asi-monuments-xml2csv"
Three Mounds,Uttar Pradesh,Aligarh,,27.0,78.0,,,"ASI monument register via Bhuvan (ISRO), collected by github.com/answerquest/asi-monuments-xml2csv"
Masjid,Uttar Pradesh,Aligarh,,27.8408,78.270933,,,"ASI monument register via Bhuvan (ISRO), collected by github.com/answerquest/asi-monuments-xml2csv"
Khera Mound measuring 760 feet from north to south by 800 feet from east,Uttar Pradesh,Aligarh,,27.820813,78.222427,,,"ASI monument register via Bhuvan (ISRO), collected by github.com/answerquest/asi-monuments-xml2csv"
A Smaller Mound measuring 112 feet x 107 feet,Uttar Pradesh,Aligarh,,27.821049,78.223892,,,"ASI monument register via Bhuvan (ISRO), collected by github.com/answerquest/asi-monuments-xml2csv"
Nagaria Khera about a mile to the west of Sahegarh Khera,Uttar Pradesh,Aligarh,,27.841686,78.3258,,,"ASI monument register via Bhuvan (ISRO), collected by github.com/answerquest/asi-monuments-xml2csv"
Old Garhi or Mud Fort,Uttar Pradesh,Aligarh,Fort,27.842217,78.335183,,,"ASI monument register via Bhuvan (ISRO), collected by github.com/answerquest/asi-monuments-xml2csv"
"Sahegarh Khera, a very deserted and extensive mound",Uttar Pradesh,Aligarh,,27.838433,78.33915,,,"ASI monument register via Bhuvan (ISRO), collected by github.com/answerquest/asi-monuments-xml2csv"
An extensive ancient site consisting of the remains of an ancient fort and an extensive Khera,Uttar Pradesh,Aligarh,Fort,28.04145,78.532783,,,"ASI monument register via Bhuvan (ISRO), collected by github.com/answerquest/asi-monuments-xml2csv"
One High isolated conical shaped mound,Uttar Pradesh,Aligarh,,28.041807,78.532926,,,"ASI monument register via Bhuvan (ISRO), collected by github.com/answerquest/asi-monuments-xml2csv"
"A Mound about 700? long and 300? to the east of Sankara, part of which appears to be the remains of a Buddhist stupa or of a temple.",Uttar Pradesh,Aligarh,Temple,28.040117,78.530533,,,"ASI monument register via Bhuvan (ISRO), collected by github.com/answerquest/asi-monuments-xml2csv"
Monument near Old Fort,Uttar Pradesh,Aligarh,Fort,27.0,78.0,,,"ASI monument register via Bhuvan (ISRO), collected by github.com/answerquest/asi-monuments-xml2csv"
Tomb of Thomson Simpson.,Uttar Pradesh,Aligarh,Monument / Tomb,27.0,78.0,,,"ASI monument register via Bhuvan (ISRO), collected by github.com/answerquest/asi-monuments-xml2csv"
Kos Minar in field no. 194/1/(191/1),Uttar Pradesh,Auraiya,,26.439653,79.522192,,,"ASI monument register via Bhuvan (ISRO), collected by github.com/answerquest/asi-monuments-xml2csv"
Kos Minar in field no. 215-1,Uttar Pradesh,Auraiya,,26.454481,79.491039,,,"ASI monument register via Bhuvan (ISRO), collected by github.com/answerquest/asi-monuments-xml2csv"
Ajitmal Gateway,Uttar Pradesh,Auraiya,,26.561544,79.31615,,,"ASI monument register via Bhuvan (ISRO), collected by github.com/answerquest/asi-monuments-xml2csv"
Ajitmal Gateway,Uttar Pradesh,Auraiya,,26.56022,79.317277,,,"ASI monument register via Bhuvan (ISRO), collected by github.com/answerquest/asi-monuments-xml2csv"
"Kos Minar in field no. 684 and 685, Panhar",Uttar Pradesh,Auraiya,,26.470572,79.429311,,,"ASI monument register via Bhuvan (ISRO), collected by github.com/answerquest/asi-monuments-xml2csv"
Ancient mound at Kasuri,Uttar Pradesh,Bagpath,,29.144681,77.360225,,,"ASI monument register via Bhuvan (ISRO), collected by github.com/answerquest/asi-monuments-xml2csv"
Mound known as Parasu Ram ka Khera,Uttar Pradesh,Meerut,,29.002758,77.485492,,,"ASI monument register via Bhuvan (ISRO), collected by github.com/answerquest/asi-monuments-xml2csv"
Mound known as Lakha Mandap,Uttar Pradesh,Bagpath,,29.11034,77.42873,,,"ASI monument register via Bhuvan (ISRO), collected by github.com/answerquest/asi-monuments-xml2csv"
The Begum's Masjid of three lofty domes,Uttar Pradesh,Bareilly,,28.276225,79.171228,,,"ASI monument register via Bhuvan (ISRO), collected by github.com/answerquest/asi-monuments-xml2csv"
"Tomb of Hafiz-ul-Mulk Rahmet Khan, the Rohilla Chief",Uttar Pradesh,Bareilly,Monument / Tomb,28.364139,79.3935,,,"ASI monument register via Bhuvan (ISRO), collected by github.com/answerquest/asi-monuments-xml2csv"
Tomb or Mausoleum of Hermit Shah Dana built in the reign of Aurangzeb by Makrand Rai,Uttar Pradesh,Bareilly,Monument / Tomb,28.362289,79.429421,,,"ASI monument register via Bhuvan (ISRO), collected by github.com/answerquest/asi-monuments-xml2csv"
A large obelisk of red sandstone,Uttar Pradesh,Bareilly,,28.457778,79.310667,,,"ASI monument register via Bhuvan (ISRO), collected by github.com/answerquest/asi-monuments-xml2csv"
Several ancients ruined mounds in which Indo-Scythian coins are found,Uttar Pradesh,Bareilly,,28.174028,79.578778,,,"ASI monument register via Bhuvan (ISRO), collected by github.com/answerquest/asi-monuments-xml2csv"
Ancient Site,Uttar Pradesh,Bareilly,,28.370546,79.125537,,,"ASI monument register via Bhuvan (ISRO), collected by github.com/answerquest/asi-monuments-xml2csv"
Fort at Ramnagar or Ahichhatra,Uttar Pradesh,Bareilly,Fort,28.378439,79.128769,,,"ASI monument register via Bhuvan (ISRO), collected by github.com/answerquest/asi-monuments-xml2csv"
Mound called Chikatia Khera,Uttar Pradesh,Bareilly,,28.377842,79.137333,,,"ASI monument register via Bhuvan (ISRO), collected by github.com/answerquest/asi-monuments-xml2csv"
Mounds to the south of the tanks known as the Gandhan Sagar and Adisagar,Uttar Pradesh,Bareilly,,28.390808,79.107384,,,"ASI monument register via Bhuvan (ISRO), collected by github.com/answerquest/asi-monuments-xml2csv"
A Small hillock called Katari Khera or Kotari Khera,Uttar Pradesh,Bareilly,,28.380594,79.143119,,,"ASI monument register via Bhuvan (ISRO), collected by github.com/answerquest/asi-monuments-xml2csv"
Stupa mound standing on a great irregular mound nearly a mile due west of north-west corner of the Ramnagar,Uttar Pradesh,Bareilly,,28.377175,79.114689,,,"ASI monument register via Bhuvan (ISRO), collected by github.com/answerquest/asi-monuments-xml2csv"
Two Buddhist mounds on the  north-west corner of the great bastion close to the Konwaru Tal,Uttar Pradesh,Bareilly,,28.380297,79.130811,,,"ASI monument register via Bhuvan (ISRO), collected by github.com/answerquest/asi-monuments-xml2csv"
Site near Aonla railway station,Uttar Pradesh,Bareilly,,28.302344,79.16859,,,"ASI monument register via Bhuvan (ISRO), collected by github.com/answerquest/asi-monuments-xml2csv"
Mordhaj also known as Munawar Jar with lofty mound,Uttar Pradesh,Bijnor,,29.67065,78.433603,,,"ASI monument register via Bhuvan (ISRO), collected by github.com/answerquest/asi-monuments-xml2csv"
Chandpur Fort,Uttar Pradesh,Bijnor,Fort,29.1358,78.27075,,,"ASI monument register via Bhuvan (ISRO), collected by github.com/answerquest/asi-monuments-xml2csv"
Mosque,Uttar Pradesh,Bijnor,,29.13615,78.270017,,,"ASI monument register via Bhuvan (ISRO), collected by github.com/answerquest/asi-monuments-xml2csv"
Old British Cemetery,Uttar Pradesh,Bijnor,,27.0,78.0,,,"ASI monument register via Bhuvan (ISRO), collected by github.com/answerquest/asi-monuments-xml2csv"
Ancient Site,Uttar Pradesh,Bijnor,,27.0,78.0,,,"ASI monument register via Bhuvan (ISRO), collected by github.com/answerquest/asi-monuments-xml2csv"
Tomb or Nawab Shujat Khan,Uttar Pradesh,Bijnor,Monument / Tomb,28.227522,78.145844,,,"ASI monument register via Bhuvan (ISRO), collected by github.com/answerquest/asi-monuments-xml2csv"
Jami Masjid,Uttar Pradesh,Bijnor,,29.485438,78.127864,,,"ASI monument register via Bhuvan (ISRO), collected by github.com/answerquest/asi-monuments-xml2csv"
Well,Uttar Pradesh,Bijnor,,29.485981,78.126964,,,"ASI monument register via Bhuvan (ISRO), collected by github.com/answerquest/asi-monuments-xml2csv"
Old Pathan Fort,Uttar Pradesh,Bijnor,Fort,29.45757,78.43565,,,"ASI monument register via Bhuvan (ISRO), collected by github.com/answerquest/asi-monuments-xml2csv"
Cemetery of Nawab Najib-ud-Daula,Uttar Pradesh,Bijnor,,29.608044,78.338431,,,"ASI monument register via Bhuvan (ISRO), collected by github.com/answerquest/asi-monuments-xml2csv"
Pathargarh Fort,Uttar Pradesh,Bijnor,Fort,29.613014,78.366125,,,"ASI monument register via Bhuvan (ISRO), collected by github.com/answerquest/asi-monuments-xml2csv"
Portion of the old Palace,Uttar Pradesh,Bijnor,Palace / Haveli,29.614861,78.343886,,,"ASI monument register via Bhuvan (ISRO), collected by github.com/answerquest/asi-monuments-xml2csv"
Tomb of Nawab Najib-ud-Daula,Uttar Pradesh,Bijnor,Monument / Tomb,29.608378,78.338573,,,"ASI monument register via Bhuvan (ISRO), collected by github.com/answerquest/asi-monuments-xml2csv"
A Mound of a great age which was excavated in 1886 and yielded five gold coins,Uttar Pradesh,Bijnor,,27.0,78.0,,,"ASI monument register via Bhuvan (ISRO), collected by github.com/answerquest/asi-monuments-xml2csv"
Dargah of Imadul Mulk alias Pisan Hari-ka-Gumbaz dated A.D. 896,Uttar Pradesh,Budaun,Monument / Tomb,28.042722,79.112667,,,"ASI monument register via Bhuvan (ISRO), collected by github.com/answerquest/asi-monuments-xml2csv"
A square Tomb (Tomb of Ikhlas Khan) on the east side  of the town,Uttar Pradesh,Budaun,Monument / Tomb,28.034528,79.133444,,,"ASI monument register via Bhuvan (ISRO), collected by github.com/answerquest/asi-monuments-xml2csv"
"Tomb of Makhduman-I- Jahan, the mother of Alauddin Alam Shah",Uttar Pradesh,Budaun,Monument / Tomb,28.026344,79.11905,,,"ASI monument register via Bhuvan (ISRO), collected by github.com/answerquest/asi-monuments-xml2csv"
Several large tumuli (Kheras) in and about Ahar,Uttar Pradesh,Buland Shahar,,28.463728,78.24835,,,"ASI monument register via Bhuvan (ISRO), collected by github.com/answerquest/asi-monuments-xml2csv"
Ruins of an old temple known as Chandrani-ka-Mandir,Uttar Pradesh,Buland Shahar,Temple,28.35951,78.072759,,,"ASI monument register via Bhuvan (ISRO), collected by github.com/answerquest/asi-monuments-xml2csv"
Balai Kot or Upper Fort,Uttar Pradesh,Buland Shahar,Fort,28.404533,77.862011,,,"ASI monument register via Bhuvan (ISRO), collected by github.com/answerquest/asi-monuments-xml2csv"
Large mound popularly known under the name of Moti Bazaar,Uttar Pradesh,Buland Shahar,,27.0,78.0,,,"ASI monument register via Bhuvan (ISRO), collected by github.com/answerquest/asi-monuments-xml2csv"
Two Cemeteries (One near the Police lines and the other near the Victoria memorial),Uttar Pradesh,Buland Shahar,,27.0,78.0,,,"ASI monument register via Bhuvan (ISRO), collected by github.com/answerquest/asi-monuments-xml2csv"
Masonry tank and ancient temple,Uttar Pradesh,Gautam Budh Nagar,Temple,28.349272,77.551144,,,"ASI monument register via Bhuvan (ISRO), collected by github.com/answerquest/asi-monuments-xml2csv"
Ahirpura mound or lesser temple mound,Uttar Pradesh,Buland Shahar,Temple,27.0,78.0,,,"ASI monument register via Bhuvan (ISRO), collected by github.com/answerquest/asi-monuments-xml2csv"
Kundanpur mound or the great temple mound,Uttar Pradesh,Buland Shahar,Temple,27.0,78.0,,,"ASI monument register via Bhuvan (ISRO), collected by github.com/answerquest/asi-monuments-xml2csv"
A very large and lofty mound with a small village perched on the east north-eastern side of it,Uttar Pradesh,Buland Shahar,,28.248722,78.209864,,,"ASI monument register via Bhuvan (ISRO), collected by github.com/answerquest/asi-monuments-xml2csv"
Khera or mound called Talapatnagari or Myaji Khera,Uttar Pradesh,Buland Shahar,,27.0,78.0,,,"ASI monument register via Bhuvan (ISRO), collected by github.com/answerquest/asi-monuments-xml2csv"
"A Large Mound 3960? long, 1500? broad and 65? high , the site of some ancient & important place",Uttar Pradesh,Etah,,27.695333,78.689833,,,"ASI monument register via Bhuvan (ISRO), collected by github.com/answerquest/asi-monuments-xml2csv"
"Khera Basundara, one of the old Chauhan strongholds",Uttar Pradesh,Etah,,27.467633,78.533514,,,"ASI monument register via Bhuvan (ISRO), collected by github.com/answerquest/asi-monuments-xml2csv"
Large mound dividing the village into two distinct portions known as Bilsar Pachiya & Bilsar Purva,Uttar Pradesh,Etah,,27.554461,79.193131,,,"ASI monument register via Bhuvan (ISRO), collected by github.com/answerquest/asi-monuments-xml2csv"
The site of Gupta remains,Uttar Pradesh,Etah,,27.554639,79.194297,,,"ASI monument register via Bhuvan (ISRO), collected by github.com/answerquest/asi-monuments-xml2csv"
Tombs of Colonel Gardener and his Begum.,Uttar Pradesh,Kasganj,,27.803644,78.601421,,,"ASI monument register via Bhuvan (ISRO), collected by github.com/answerquest/asi-monuments-xml2csv"
Remains of an old temple,Uttar Pradesh,Etah,Temple,27.0,78.0,,,"ASI monument register via Bhuvan (ISRO), collected by github.com/answerquest/asi-monuments-xml2csv"
"Two mounds together with, ancient sculptures and other antiquarian remains at Noh Khas & Noh Khera",Uttar Pradesh,Etah,,27.526747,78.409158,,,"ASI monument register via Bhuvan (ISRO), collected by github.com/answerquest/asi-monuments-xml2csv"
Fort,Uttar Pradesh,Etah,Fort,27.435106,78.776305,,,"ASI monument register via Bhuvan (ISRO), collected by github.com/answerquest/asi-monuments-xml2csv"
Ruined Mosque in the old Fort,Uttar Pradesh,Etah,Fort,27.435362,78.776733,,,"ASI monument register via Bhuvan (ISRO), collected by github.com/answerquest/asi-monuments-xml2csv"
Extensive Khera,Uttar Pradesh,Etah,,27.352886,79.262258,,,"ASI monument register via Bhuvan (ISRO), collected by github.com/answerquest/asi-monuments-xml2csv"
Sita Ramji's temple,Uttar Pradesh,Kasganj,Temple,27.894301,78.749129,,,"ASI monument register via Bhuvan (ISRO), collected by github.com/answerquest/asi-monuments-xml2csv"
Remains of an old Fort built by Chandrapala,Uttar Pradesh,Etawah,Fort,26.685381,79.057975,,,"ASI monument register via Bhuvan (ISRO), collected by github.com/answerquest/asi-monuments-xml2csv"
The Ancient mound including the old fortress measuring about 1 sq mile,Uttar Pradesh,Etawah,,26.588981,79.092303,,,"ASI monument register via Bhuvan (ISRO), collected by github.com/answerquest/asi-monuments-xml2csv"
Ekdil Gateway,Uttar Pradesh,Etawah,,26.744281,79.091819,,,"ASI monument register via Bhuvan (ISRO), collected by github.com/answerquest/asi-monuments-xml2csv"
Jami Masjid with its appurtenances,Uttar Pradesh,Etawah,,26.768661,79.014038,,,"ASI monument register via Bhuvan (ISRO), collected by github.com/answerquest/asi-monuments-xml2csv"
Closed cemetery (at all Souls Memorial Church),Uttar Pradesh,Farrukhabad,,27.37575,79.629633,,,"ASI monument register via Bhuvan (ISRO), collected by github.com/answerquest/asi-monuments-xml2csv"
Closed cemetery (at Fort),Uttar Pradesh,Farrukhabad,Fort,27.0,78.0,,,"ASI monument register via Bhuvan (ISRO), collected by github.com/answerquest/asi-monuments-xml2csv"
Closed cemetery (at British Infantry Lines),Uttar Pradesh,Farrukhabad,,27.375867,79.6277,,,"ASI monument register via Bhuvan (ISRO), collected by github.com/answerquest/asi-monuments-xml2csv"
Tomb of Surgeon Thomas Hamilton,Uttar Pradesh,Farrukhabad,Monument / Tomb,27.0,78.0,,,"ASI monument register via Bhuvan (ISRO), collected by github.com/answerquest/asi-monuments-xml2csv"
Queen Victoria Memorial,Uttar Pradesh,Farrukhabad,,27.0,78.0,,,"ASI monument register via Bhuvan (ISRO), collected by github.com/answerquest/asi-monuments-xml2csv"
Most easterly mound of the isolated tilas,Uttar Pradesh,Farrukhabad,,27.615231,79.275519,,,"ASI monument register via Bhuvan (ISRO), collected by github.com/answerquest/asi-monuments-xml2csv"
Mosque and Sarai,Uttar Pradesh,Farrukhabad,,27.185429,79.66842,,,"ASI monument register via Bhuvan (ISRO), collected by github.com/answerquest/asi-monuments-xml2csv"
Stone and its enclosure marking the place where the late Field Marshall Earl Roberts,Uttar Pradesh,Farrukhabad,,27.188156,79.664261,,,"ASI monument register via Bhuvan (ISRO), collected by github.com/answerquest/asi-monuments-xml2csv"
Site of an old Buddhist Vihara to the south of the village and is simply called Khera or the mound,Uttar Pradesh,Farrukhabad,,27.291283,79.324317,,,"ASI monument register via Bhuvan (ISRO), collected by github.com/answerquest/asi-monuments-xml2csv"
Tomb of Nawab Rashid Khan,Uttar Pradesh,Farrukhabad,Monument / Tomb,27.564206,79.357446,,,"ASI monument register via Bhuvan (ISRO), collected by github.com/answerquest/asi-monuments-xml2csv"
Ancient Site of Sankissa lying within the earthen rampart known as Bahir Kot,Uttar Pradesh,Farrukhabad,,27.332495,79.272362,,,"ASI monument register via Bhuvan (ISRO), collected by github.com/answerquest/asi-monuments-xml2csv"
Tank of Naga called Karevar or Kandayat Tal to the south-east of the Sankissa remains,Uttar Pradesh,Farrukhabad,,27.331326,79.279553,,,"ASI monument register via Bhuvan (ISRO), collected by github.com/answerquest/asi-monuments-xml2csv"
Tomb of Lt. Col. John Guthrie,Uttar Pradesh,Farrukhabad,Monument / Tomb,26.920064,79.902311,,,"ASI monument register via Bhuvan (ISRO), collected by github.com/answerquest/asi-monuments-xml2csv"
Tomb of Mohd. Khan Bangash Nawab,Uttar Pradesh,Farrukhabad,Monument / Tomb,27.398103,79.553814,,,"ASI monument register via Bhuvan (ISRO), collected by github.com/answerquest/asi-monuments-xml2csv"
Tomb of Fariduddin alias Mian Fiddu,Uttar Pradesh,Firozabad,Monument / Tomb,26.966244,78.592987,,,"ASI monument register via Bhuvan (ISRO), collected by github.com/answerquest/asi-monuments-xml2csv"
Tomb of Nasiruddin,Uttar Pradesh,Firozabad,Monument / Tomb,26.966215,78.592937,,,"ASI monument register via Bhuvan (ISRO), collected by github.com/answerquest/asi-monuments-xml2csv"
Tomb of Nizammuddin,Uttar Pradesh,Firozabad,Monument / Tomb,26.966179,78.593037,,,"ASI monument register via Bhuvan (ISRO), collected by github.com/answerquest/asi-monuments-xml2csv"
Idgah,Uttar Pradesh,Firozabad,,26.967763,78.592627,,,"ASI monument register via Bhuvan (ISRO), collected by github.com/answerquest/asi-monuments-xml2csv"
Archaeological Site & Remains comprised in Survey,Uttar Pradesh,Gautambudh Nagar,,28.504283,77.511186,,,"ASI monument register via Bhuvan (ISRO), collected by github.com/answerquest/asi-monuments-xml2csv"
Raja Karan ka khera. Said to have been founded by Karna of the Mahabharata,Uttar Pradesh,Hapur,,27.0,78.0,,,"ASI monument register via Bhuvan (ISRO), collected by github.com/answerquest/asi-monuments-xml2csv"
Monument near Killah railway station,Uttar Pradesh,Hathras,,27.594501,78.059126,,,"ASI monument register via Bhuvan (ISRO), collected by github.com/answerquest/asi-monuments-xml2csv"
Remains of an old Hindu temple inside the Dayaram's fort,Uttar Pradesh,Hathras,Fort,27.592633,78.061167,,,"ASI monument register via Bhuvan (ISRO), collected by github.com/answerquest/asi-monuments-xml2csv"
Small circular mound,Uttar Pradesh,Hathras,,27.0,78.0,,,"ASI monument register via Bhuvan (ISRO), collected by github.com/answerquest/asi-monuments-xml2csv"
A Mound about ? of a mile to the south west from town,Uttar Pradesh,Hathras,,27.0,78.0,,,"ASI monument register via Bhuvan (ISRO), collected by github.com/answerquest/asi-monuments-xml2csv"
Monument of Major Robert Nairn at Rathbanpur,Uttar Pradesh,Hathras,,27.658092,78.447701,,,"ASI monument register via Bhuvan (ISRO), collected by github.com/answerquest/asi-monuments-xml2csv"
Monument in the memory of Samuel Anderson Nichterlein,Uttar Pradesh,Hathras,,27.703817,78.080017,,,"ASI monument register via Bhuvan (ISRO), collected by github.com/answerquest/asi-monuments-xml2csv"
"A large and concipicuous mound called Gohana Khera, an old Buddhist establishment",Uttar Pradesh,Hathras,,27.704067,78.09255,,,"ASI monument register via Bhuvan (ISRO), collected by github.com/answerquest/asi-monuments-xml2csv"
Well or Baoli known as Bah-ka-Kuan,Uttar Pradesh,Jyotibaphule Nagar,Stepwell / Baoli,28.937672,78.443194,,,"ASI monument register via Bhuvan (ISRO), collected by github.com/answerquest/asi-monuments-xml2csv"
Talib Khan's Tomb,Uttar Pradesh,Jyotibaphule Nagar,Monument / Tomb,29.009972,78.162528,,,"ASI monument register via Bhuvan (ISRO), collected by github.com/answerquest/asi-monuments-xml2csv"
Tomb of Abdul Ghafur Shah,Uttar Pradesh,Jyotibaphule Nagar,Monument / Tomb,29.010219,78.162392,,,"ASI monument register via Bhuvan (ISRO), collected by github.com/answerquest/asi-monuments-xml2csv"
Tomb of the grand son of Abdul Ghafur Shah and Mosque,Uttar Pradesh,Jyotibaphule Nagar,Monument / Tomb,29.009931,78.166458,,,"ASI monument register via Bhuvan (ISRO), collected by github.com/answerquest/asi-monuments-xml2csv"
"A large mound, the site of an ancient temple, where life sized statues",Uttar Pradesh,Jyotibaphule Nagar,Temple,28.904942,78.362556,,,"ASI monument register via Bhuvan (ISRO), collected by github.com/answerquest/asi-monuments-xml2csv"
Unknown tomb,Uttar Pradesh,Kannauj,Monument / Tomb,27.029367,79.95605,,,"ASI monument register via Bhuvan (ISRO), collected by github.com/answerquest/asi-monuments-xml2csv"
"Tomb of Sergeant, instructor of Musketry James Norfolk",Uttar Pradesh,Kannauj,Monument / Tomb,27.0,78.0,,,"ASI monument register via Bhuvan (ISRO), collected by github.com/answerquest/asi-monuments-xml2csv"
Bala Pir Tomb,Uttar Pradesh,Kannauj,Monument / Tomb,27.057661,79.920886,,,"ASI monument register via Bhuvan (ISRO), collected by github.com/answerquest/asi-monuments-xml2csv"
Big mosque,Uttar Pradesh,Kannauj,,27.057567,79.921715,,,"ASI monument register via Bhuvan (ISRO), collected by github.com/answerquest/asi-monuments-xml2csv"
Kachhiriwala tomb,Uttar Pradesh,Kannauj,Monument / Tomb,27.051447,79.928256,,,"ASI monument register via Bhuvan (ISRO), collected by github.com/answerquest/asi-monuments-xml2csv"
Mosque and the tomb of Makhdum Jahanian,Uttar Pradesh,Kannauj,Monument / Tomb,27.051199,79.928018,,,"ASI monument register via Bhuvan (ISRO), collected by github.com/answerquest/asi-monuments-xml2csv"
Mound known as Old Fort,Uttar Pradesh,Kannauj,Fort,27.057507,79.92464,,,"ASI monument register via Bhuvan (ISRO), collected by github.com/answerquest/asi-monuments-xml2csv"
Outer gateway,Uttar Pradesh,Kannauj,,27.057532,79.921934,,,"ASI monument register via Bhuvan (ISRO), collected by github.com/answerquest/asi-monuments-xml2csv"
Small mosque west of Bala Pir,Uttar Pradesh,Kannauj,,27.057493,79.920215,,,"ASI monument register via Bhuvan (ISRO), collected by github.com/answerquest/asi-monuments-xml2csv"
Small inner gateway,Uttar Pradesh,Kannauj,,27.057694,79.920958,,,"ASI monument register via Bhuvan (ISRO), collected by github.com/answerquest/asi-monuments-xml2csv"
Tomb of Sheikh Mohammad Mehdi,Uttar Pradesh,Kannauj,Monument / Tomb,27.057513,79.92091,,,"ASI monument register via Bhuvan (ISRO), collected by github.com/answerquest/asi-monuments-xml2csv"
Zanana Gumbad,Uttar Pradesh,Kannauj,Monument / Tomb,27.051247,79.928198,,,"ASI monument register via Bhuvan (ISRO), collected by github.com/answerquest/asi-monuments-xml2csv"
Closed cemetery,Uttar Pradesh,Mainpuri,,27.0,78.0,,,"ASI monument register via Bhuvan (ISRO), collected by github.com/answerquest/asi-monuments-xml2csv"
Ancient site,Uttar Pradesh,Mathura,,27.520778,77.639806,,,"ASI monument register via Bhuvan (ISRO), collected by github.com/answerquest/asi-monuments-xml2csv"
Pillar with Sanskrit inscription dated samvat 1666 in the flanking tower,Uttar Pradesh,Mathura,,27.649217,77.381717,,,"ASI monument register via Bhuvan (ISRO), collected by github.com/answerquest/asi-monuments-xml2csv"
Mound (Barse ka Tila),Uttar Pradesh,Mathura,,27.431083,77.5539,,,"ASI monument register via Bhuvan (ISRO), collected by github.com/answerquest/asi-monuments-xml2csv"
Temple of Govind Deo with all its walls and gateways,Uttar Pradesh,Mathura,Temple,27.581428,77.699544,,,"ASI monument register via Bhuvan (ISRO), collected by github.com/answerquest/asi-monuments-xml2csv"
Temple of Jugal Kishore with all its walls and gateways,Uttar Pradesh,Mathura,Temple,27.586908,77.698731,,,"ASI monument register via Bhuvan (ISRO), collected by github.com/answerquest/asi-monuments-xml2csv"
Temple of Madan Mohan with all its walls and gateways,Uttar Pradesh,Mathura,Temple,27.580206,77.687577,,,"ASI monument register via Bhuvan (ISRO), collected by github.com/answerquest/asi-monuments-xml2csv"
Temple of Radha Ballabh,Uttar Pradesh,Mathura,Temple,27.580658,77.691561,,,"ASI monument register via Bhuvan (ISRO), collected by github.com/answerquest/asi-monuments-xml2csv"
Akbari Sarai,Uttar Pradesh,Mathura,,27.723661,77.506101,,,"ASI monument register via Bhuvan (ISRO), collected by github.com/answerquest/asi-monuments-xml2csv"
"Kos  Minar, Mile 19, Furlong 1",Uttar Pradesh,Mathura,,27.71575,77.506528,,,"ASI monument register via Bhuvan (ISRO), collected by github.com/answerquest/asi-monuments-xml2csv"
"Kos  Minar, Mile 24 Furlong 3",Uttar Pradesh,Mathura,,27.775556,77.460361,,,"ASI monument register via Bhuvan (ISRO), collected by github.com/answerquest/asi-monuments-xml2csv"
"Kos  Minar, Mile 26, Furlong 7",Uttar Pradesh,Mathura,,27.80221,77.432307,,,"ASI monument register via Bhuvan (ISRO), collected by github.com/answerquest/asi-monuments-xml2csv"
"Kos  Minar, Mile 29, Furlong 4",Uttar Pradesh,Mathura,,27.834723,77.412207,,,"ASI monument register via Bhuvan (ISRO), collected by github.com/answerquest/asi-monuments-xml2csv"
"Two mounds, situated between the Chaurasi Jain temple in the village Ganesra",Uttar Pradesh,Mathura,Temple,27.507167,77.64075,,,"ASI monument register via Bhuvan (ISRO), collected by github.com/answerquest/asi-monuments-xml2csv"
"Two mounds, situated between the Chaurasi Jain temple in the village Ganesra",Uttar Pradesh,Mathura,Temple,27.512389,77.628083,,,"ASI monument register via Bhuvan (ISRO), collected by github.com/answerquest/asi-monuments-xml2csv"
Kos  Minar,Uttar Pradesh,Mathura,,27.747971,77.486301,,,"ASI monument register via Bhuvan (ISRO), collected by github.com/answerquest/asi-monuments-xml2csv"
A Mound,Uttar Pradesh,Mathura,,27.531748,77.668125,,,"ASI monument register via Bhuvan (ISRO), collected by github.com/answerquest/asi-monuments-xml2csv"
Fortified Sarai with all its walls and gateways,Uttar Pradesh,Mathura,,27.793295,77.436456,,,"ASI monument register via Bhuvan (ISRO), collected by github.com/answerquest/asi-monuments-xml2csv"
Small mound containing what appears to be a ruined brick stupa locally known as Chavar,Uttar Pradesh,Mathura,,27.385333,77.611883,,,"ASI monument register via Bhuvan (ISRO), collected by github.com/answerquest/asi-monuments-xml2csv"
A large Mound to the north of the Kund,Uttar Pradesh,Mathura,,27.542947,77.641289,,,"ASI monument register via Bhuvan (ISRO), collected by github.com/answerquest/asi-monuments-xml2csv"
A high mound marking the old fort situated inside the town,Uttar Pradesh,Mathura,Fort,27.0,78.0,,,"ASI monument register via Bhuvan (ISRO), collected by github.com/answerquest/asi-monuments-xml2csv"
Ancient site at a distance of 1 mile from Mat village containing fragments of images,Uttar Pradesh,Mathura,,27.0,78.0,,,"ASI monument register via Bhuvan (ISRO), collected by github.com/answerquest/asi-monuments-xml2csv"
"Ancient sculptures, carvings, images, bas-reliefs, inscriptions, stones",Uttar Pradesh,Mathura,,27.0,78.0,,,"ASI monument register via Bhuvan (ISRO), collected by github.com/answerquest/asi-monuments-xml2csv"
Gayatri mound just outside the Bharatpur Gate of the city,Uttar Pradesh,Mathura,,27.0,78.0,,,"ASI monument register via Bhuvan (ISRO), collected by github.com/answerquest/asi-monuments-xml2csv"
"Girdharpur, a very large site, half a mile north of Pali",Uttar Pradesh,Mathura,,27.4867,77.638283,,,"ASI monument register via Bhuvan (ISRO), collected by github.com/answerquest/asi-monuments-xml2csv"
Gopal khera situated to the north of  Mathura junction railway station,Uttar Pradesh,Mathura,,27.488222,77.671583,,,"ASI monument register via Bhuvan (ISRO), collected by github.com/answerquest/asi-monuments-xml2csv"
"Kankali tila, Jail and Chaubara Mound",Uttar Pradesh,Mathura,,27.495578,77.668361,,,"ASI monument register via Bhuvan (ISRO), collected by github.com/answerquest/asi-monuments-xml2csv"
Kos Minar on the circular road,Uttar Pradesh,Mathura,,27.0,78.0,,,"ASI monument register via Bhuvan (ISRO), collected by github.com/answerquest/asi-monuments-xml2csv"
Pali Khera Mound,Uttar Pradesh,Mathura,,27.47685,77.610283,,,"ASI monument register via Bhuvan (ISRO), collected by github.com/answerquest/asi-monuments-xml2csv"
Portions of Katra Mound which are not in the possession of Nazul tenants,Uttar Pradesh,Mathura,,27.0,78.0,,,"ASI monument register via Bhuvan (ISRO), collected by github.com/answerquest/asi-monuments-xml2csv"
"Sati Burj, supposed to commemorate the Sati of the widow of Raja Biharmal of Jaipur",Uttar Pradesh,Mathura,,27.504368,77.68673,,,"ASI monument register via Bhuvan (ISRO), collected by github.com/answerquest/asi-monuments-xml2csv"
Site of ancient Pokhar ( Pushkarini) about three miles from Mathura on the road,Uttar Pradesh,Mathura,,27.498849,77.626398,,,"ASI monument register via Bhuvan (ISRO), collected by github.com/answerquest/asi-monuments-xml2csv"
Chamunda Tila,Uttar Pradesh,Mathura,,27.519222,77.671,,,"ASI monument register via Bhuvan (ISRO), collected by github.com/answerquest/asi-monuments-xml2csv"
"Kos  Minar, Mile 3, Furlong 5.175 from the boundary",Uttar Pradesh,Mathura,,27.535801,77.65445,,,"ASI monument register via Bhuvan (ISRO), collected by github.com/answerquest/asi-monuments-xml2csv"
"Kos Minar, Mile 11, Furlong 5 (west of Chamah village)",Uttar Pradesh,Mathura,,27.625121,77.577181,,,"ASI monument register via Bhuvan (ISRO), collected by github.com/answerquest/asi-monuments-xml2csv"
"Kos  Minar, opposite to mile13, Furlong 1 from road",Uttar Pradesh,Mathura,,27.651842,77.548031,,,"ASI monument register via Bhuvan (ISRO), collected by github.com/answerquest/asi-monuments-xml2csv"
"Kos Minaar, Mile 116, 400 yards from road",Uttar Pradesh,Mathura,,27.681006,77.522846,,,"ASI monument register via Bhuvan (ISRO), collected by github.com/answerquest/asi-monuments-xml2csv"
Kos Minar in the beginning of Dig road,Uttar Pradesh,Mathura,,27.50063,77.667124,,,"ASI monument register via Bhuvan (ISRO), collected by github.com/answerquest/asi-monuments-xml2csv"
Ancient Site,Uttar Pradesh,Mathura,,27.519983,77.57545,,,"ASI monument register via Bhuvan (ISRO), collected by github.com/answerquest/asi-monuments-xml2csv"
Extensive site containing a high mound apparently a fort with ramparts and corner turrets,Uttar Pradesh,Mathura,Fort,27.524731,77.736621,,,"ASI monument register via Bhuvan (ISRO), collected by github.com/answerquest/asi-monuments-xml2csv"
Mound,Uttar Pradesh,Mathura,,27.352963,77.604408,,,"ASI monument register via Bhuvan (ISRO), collected by github.com/answerquest/asi-monuments-xml2csv"
Ancient Mound,Uttar Pradesh,Mathura,,27.48635,77.529269,,,"ASI monument register via Bhuvan (ISRO), collected by github.com/answerquest/asi-monuments-xml2csv"
Ancient Mound (Hathi Tila) near Kishori Raman college,Uttar Pradesh,Mathura,,27.499972,77.674278,,,"ASI monument register via Bhuvan (ISRO), collected by github.com/answerquest/asi-monuments-xml2csv"
Mound known as Ulta Khera and the mound of Raghunathji,Uttar Pradesh,Meerut,,29.159292,78.007425,,,"ASI monument register via Bhuvan (ISRO), collected by github.com/answerquest/asi-monuments-xml2csv"
Begum's Palace,Uttar Pradesh,Meerut,Palace / Haveli,29.153341,77.614631,,,"ASI monument register via Bhuvan (ISRO), collected by github.com/answerquest/asi-monuments-xml2csv"
Roman Catholic Church,Uttar Pradesh,Meerut,,29.147722,77.616511,,,"ASI monument register via Bhuvan (ISRO), collected by github.com/answerquest/asi-monuments-xml2csv"
The tombs of the  Sardhana Cemetery,Uttar Pradesh,Meerut,,29.141736,77.609761,,,"ASI monument register via Bhuvan (ISRO), collected by github.com/answerquest/asi-monuments-xml2csv"
Two mounds (Kheras) named Khorkali and Jalalpur,Uttar Pradesh,Meerut,,27.0,78.0,,,"ASI monument register via Bhuvan (ISRO), collected by github.com/answerquest/asi-monuments-xml2csv"
Amarpati Khera,Uttar Pradesh,Sambhal,,27.0,78.0,,,"ASI monument register via Bhuvan (ISRO), collected by github.com/answerquest/asi-monuments-xml2csv"
Chandesvara Khera,Uttar Pradesh,Sambhal,,28.527611,78.621672,,,"ASI monument register via Bhuvan (ISRO), collected by github.com/answerquest/asi-monuments-xml2csv"
Khera or Mound reputed to be the ruin or a palace or Raja Vena,Uttar Pradesh,Sambhal,Palace / Haveli,28.525006,78.849756,,,"ASI monument register via Bhuvan (ISRO), collected by github.com/answerquest/asi-monuments-xml2csv"
Old Fort and its relics,Uttar Pradesh,Sambhal,Fort,28.617003,78.607558,,,"ASI monument register via Bhuvan (ISRO), collected by github.com/answerquest/asi-monuments-xml2csv"
Ancient Mound,Uttar Pradesh,Sambhal,,28.491414,78.762379,,,"ASI monument register via Bhuvan (ISRO), collected by github.com/answerquest/asi-monuments-xml2csv"
Large Mound,Uttar Pradesh,Moradabad,,27.0,78.0,,,"ASI monument register via Bhuvan (ISRO), collected by github.com/answerquest/asi-monuments-xml2csv"
Jami Masjid,Uttar Pradesh,Sambhal,,28.580964,78.566853,,,"ASI monument register via Bhuvan (ISRO), collected by github.com/answerquest/asi-monuments-xml2csv"
Mound,Uttar Pradesh,Moradabad,,28.524058,78.684528,,,"ASI monument register via Bhuvan (ISRO), collected by github.com/answerquest/asi-monuments-xml2csv"
Gateway of Karwan Sarai,Uttar Pradesh,Moradabad,,28.525147,78.436209,,,"ASI monument register via Bhuvan (ISRO), collected by github.com/answerquest/asi-monuments-xml2csv"
Mosque of Karwan Sarai,Uttar Pradesh,Moradabad,,28.525497,78.435917,,,"ASI monument register via Bhuvan (ISRO), collected by github.com/answerquest/asi-monuments-xml2csv"
Mosque and Tomb of Shah Abdul Razak and his four Sons,Uttar Pradesh,Shamli,Monument / Tomb,29.52085,77.223533,,,"ASI monument register via Bhuvan (ISRO), collected by github.com/answerquest/asi-monuments-xml2csv"
Octagonal Well,Uttar Pradesh,Muzaffar Nagar,,29.309923,77.92747,,,"ASI monument register via Bhuvan (ISRO), collected by github.com/answerquest/asi-monuments-xml2csv"
Tomb of Diwan Saiyed Mohammad Khan,Uttar Pradesh,Muzaffar Nagar,Monument / Tomb,29.311029,77.927945,,,"ASI monument register via Bhuvan (ISRO), collected by github.com/answerquest/asi-monuments-xml2csv"
"Tomb of Saiyed Hussain,  dated A.H. 1000 or 1592 A.D.",Uttar Pradesh,Muzaffar Nagar,Monument / Tomb,29.309522,77.927087,,,"ASI monument register via Bhuvan (ISRO), collected by github.com/answerquest/asi-monuments-xml2csv"
Tomb of Saiyed Umar Nur Khan,Uttar Pradesh,Muzaffar Nagar,Monument / Tomb,29.308344,77.926904,,,"ASI monument register via Bhuvan (ISRO), collected by github.com/answerquest/asi-monuments-xml2csv"
Jami Masjid,Uttar Pradesh,Pilibhit,,28.635778,79.800722,,,"ASI monument register via Bhuvan (ISRO), collected by github.com/answerquest/asi-monuments-xml2csv"
Badshahi Bagh locally known as Badshahi Mahal,Uttar Pradesh,Saharanpur,Palace / Haveli,30.327814,77.595039,,,"ASI monument register via Bhuvan (ISRO), collected by github.com/answerquest/asi-monuments-xml2csv"
"Khera ki Bani, Old Cemetry",Uttar Pradesh,Saharanpur,,30.176481,77.555506,,,"ASI monument register via Bhuvan (ISRO), collected by github.com/answerquest/asi-monuments-xml2csv"
Old Rohilla Fort near the town of Saharanpur (Now used as District Jail),Uttar Pradesh,Saharanpur,Fort,29.963122,77.565791,,,"ASI monument register via Bhuvan (ISRO), collected by github.com/answerquest/asi-monuments-xml2csv"
Two gateways and the Mosque in the Jajau Sarai,Uttar Pradesh,Agra,,26.916408,77.923673,,,"ASI monument register via Bhuvan (ISRO), collected by github.com/answerquest/asi-monuments-xml2csv"
Two gateways and the Mosque in the Jajau Sarai,Uttar Pradesh,Agra,,26.915639,77.923875,,,"ASI monument register via Bhuvan (ISRO), collected by github.com/answerquest/asi-monuments-xml2csv"
Tomb of Saiyed Saif Khan and his mother,Uttar Pradesh,Muzaffar Nagar,Monument / Tomb,29.309692,77.9281,,,"ASI monument register via Bhuvan (ISRO), collected by github.com/answerquest/asi-monuments-xml2csv"
"Old British Cemetery, Saharanpur City",Uttar Pradesh,Saharanpur,,29.956178,77.554786,,,"ASI monument register via Bhuvan (ISRO), collected by github.com/answerquest/asi-monuments-xml2csv"
Agra Fort group of monuments,Uttar Pradesh,Agra,Fort,27.17985,78.020914,,,"ASI monument register via Bhuvan (ISRO), collected by github.com/answerquest/asi-monuments-xml2csv"
Barah Khamba together with adjoining area comprised in part of survey plot no. 150 as shown in the site plan,Uttar Pradesh,Agra,,27.168994,78.039242,,,"ASI monument register via Bhuvan (ISRO), collected by github.com/answerquest/asi-monuments-xml2csv"
Chattries on the bank of Yamuna river (to the north of Ram Bagh) ( Battish Khamba),Uttar Pradesh,Agra,,27.209425,78.038028,,,"ASI monument register via Bhuvan (ISRO), collected by github.com/answerquest/asi-monuments-xml2csv"
"Chauburji or the temporary Burial place of Emperor Babur together with the chabutra on which it stands. Total area 23,044 sq feet",Uttar Pradesh,Agra,,27.192236,78.034981,,,"ASI monument register via Bhuvan (ISRO), collected by github.com/answerquest/asi-monuments-xml2csv"
"Chini-ka-Rauza including well, tank and kiosk facing the river Yamuna",Uttar Pradesh,Agra,,27.200859,78.034454,,,"ASI monument register via Bhuvan (ISRO), collected by github.com/answerquest/asi-monuments-xml2csv"
City wall on the west side of Agra Gate,Uttar Pradesh,Agra,,27.184501,77.999478,,,"ASI monument register via Bhuvan (ISRO), collected by github.com/answerquest/asi-monuments-xml2csv"
Dakhini darwaza in Mohalla Tajganj,Uttar Pradesh,Agra,,27.16745,78.0422,,,"ASI monument register via Bhuvan (ISRO), collected by github.com/answerquest/asi-monuments-xml2csv"
Firoz Khan's Tomb,Uttar Pradesh,Agra,Monument / Tomb,27.137959,78.002048,,,"ASI monument register via Bhuvan (ISRO), collected by github.com/answerquest/asi-monuments-xml2csv"
Gateway at Pul Changa Modi,Uttar Pradesh,Agra,,27.187804,77.991733,,,"ASI monument register via Bhuvan (ISRO), collected by github.com/answerquest/asi-monuments-xml2csv"
Gateways in the interior of Tajganj,Uttar Pradesh,Agra,,27.168436,78.041854,,,"ASI monument register via Bhuvan (ISRO), collected by github.com/answerquest/asi-monuments-xml2csv"
Gateways in the interior of Tajganj,Uttar Pradesh,Agra,,27.168345,78.04245,,,"ASI monument register via Bhuvan (ISRO), collected by github.com/answerquest/asi-monuments-xml2csv"
Gateways in the interior of Tajganj,Uttar Pradesh,Agra,,27.169439,78.041777,,,"ASI monument register via Bhuvan (ISRO), collected by github.com/answerquest/asi-monuments-xml2csv"
Gateways in the interior of Tajganj,Uttar Pradesh,Agra,,27.169381,78.042437,,,"ASI monument register via Bhuvan (ISRO), collected by github.com/answerquest/asi-monuments-xml2csv"
Great Idgah,Uttar Pradesh,Agra,,27.169543,78.004105,,,"ASI monument register via Bhuvan (ISRO), collected by github.com/answerquest/asi-monuments-xml2csv"
Inscribed tablet in a piece of the old city wall,Uttar Pradesh,Agra,,27.181,78.0007,,,"ASI monument register via Bhuvan (ISRO), collected by github.com/answerquest/asi-monuments-xml2csv"
Itimad-ud-Daula's Tomb,Uttar Pradesh,Agra,Monument / Tomb,27.192864,78.031073,,,"ASI monument register via Bhuvan (ISRO), collected by github.com/answerquest/asi-monuments-xml2csv"
Jami Masjid,Uttar Pradesh,Agra,,27.18206,78.016098,,,"ASI monument register via Bhuvan (ISRO), collected by github.com/answerquest/asi-monuments-xml2csv"
Jhun Jhun Katora,Uttar Pradesh,Agra,,27.207779,78.001061,,,"ASI monument register via Bhuvan (ISRO), collected by github.com/answerquest/asi-monuments-xml2csv"
Kans Gate,Uttar Pradesh,Agra,,27.184512,77.999836,,,"ASI monument register via Bhuvan (ISRO), collected by github.com/answerquest/asi-monuments-xml2csv"
Kiosk and buildings other than the river side kiosk,Uttar Pradesh,Agra,,27.203826,78.036734,,,"ASI monument register via Bhuvan (ISRO), collected by github.com/answerquest/asi-monuments-xml2csv"
"Mehtab Bagh on the river bank, facing the Taj",Uttar Pradesh,Agra,,27.180049,78.041972,,,"ASI monument register via Bhuvan (ISRO), collected by github.com/answerquest/asi-monuments-xml2csv"
Maqbara (Tomb)  called Kala Gumbad,Uttar Pradesh,Agra,Monument / Tomb,27.200358,78.033833,,,"ASI monument register via Bhuvan (ISRO), collected by github.com/answerquest/asi-monuments-xml2csv"
Old Delhi Gate of city,Uttar Pradesh,Agra,,27.196352,77.998298,,,"ASI monument register via Bhuvan (ISRO), collected by github.com/answerquest/asi-monuments-xml2csv"
"Pahlwan's Tomb near Cantonment, Gwalior Road",Uttar Pradesh,Agra,Monument / Tomb,27.139141,78.01345,,,"ASI monument register via Bhuvan (ISRO), collected by github.com/answerquest/asi-monuments-xml2csv"
"Ram Bagh Houses, Kiosks, terraces and Katras",Uttar Pradesh,Agra,,27.205356,78.038521,,,"ASI monument register via Bhuvan (ISRO), collected by github.com/answerquest/asi-monuments-xml2csv"
Rauza and Mosque of Diwanji Begum,Uttar Pradesh,Agra,,27.162714,78.047283,,,"ASI monument register via Bhuvan (ISRO), collected by github.com/answerquest/asi-monuments-xml2csv"
Sat Kuiya or Seven wells,Uttar Pradesh,Agra,,27.210829,78.038117,,,"ASI monument register via Bhuvan (ISRO), collected by github.com/answerquest/asi-monuments-xml2csv"
Small Chattri (on Agra-Mathura Road),Uttar Pradesh,Agra,,27.202141,77.982691,,,"ASI monument register via Bhuvan (ISRO), collected by github.com/answerquest/asi-monuments-xml2csv"
Statue of Akbars Horse on the Agra-Sikandra Road,Uttar Pradesh,Agra,,27.209708,77.966224,,,"ASI monument register via Bhuvan (ISRO), collected by github.com/answerquest/asi-monuments-xml2csv"
Dalans round the Taj Quadrangle,Uttar Pradesh,Agra,,27.17316,78.042455,,,"ASI monument register via Bhuvan (ISRO), collected by github.com/answerquest/asi-monuments-xml2csv"
Drinking fountain in the west enclosure wall of the Taj garden,Uttar Pradesh,Agra,,27.173167,78.04215,,,"ASI monument register via Bhuvan (ISRO), collected by github.com/answerquest/asi-monuments-xml2csv"
Entrance gateway to Khan-e-Alam's bagh,Uttar Pradesh,Agra,,27.173364,78.040492,,,"ASI monument register via Bhuvan (ISRO), collected by github.com/answerquest/asi-monuments-xml2csv"
Fatehpuri Masjid on south-west corner of outer entrance to the Taj,Uttar Pradesh,Agra,,27.170689,78.040369,,,"ASI monument register via Bhuvan (ISRO), collected by github.com/answerquest/asi-monuments-xml2csv"
Kali Masjid and enclosure wall near the Taj,Uttar Pradesh,Agra,,27.172061,78.043847,,,"ASI monument register via Bhuvan (ISRO), collected by github.com/answerquest/asi-monuments-xml2csv"
Khan-i-Alam's Bagh together with the new tank near the Taj,Uttar Pradesh,Agra,,27.174769,78.039319,,,"ASI monument register via Bhuvan (ISRO), collected by github.com/answerquest/asi-monuments-xml2csv"
Old Mughal acquaduct in the Taj,Uttar Pradesh,Agra,,27.175008,78.04015,,,"ASI monument register via Bhuvan (ISRO), collected by github.com/answerquest/asi-monuments-xml2csv"
Saheli Burj No.1 on the south-west corner of the Taj,Uttar Pradesh,Agra,,27.173147,78.041799,,,"ASI monument register via Bhuvan (ISRO), collected by github.com/answerquest/asi-monuments-xml2csv"
Saheli Burj No.2 on the south-east corner of the Taj,Uttar Pradesh,Agra,,27.173452,78.042188,,,"ASI monument register via Bhuvan (ISRO), collected by github.com/answerquest/asi-monuments-xml2csv"
"Saheli Burj No.3, east of outer wall round  Taj gardens",Uttar Pradesh,Agra,,27.17205,78.044157,,,"ASI monument register via Bhuvan (ISRO), collected by github.com/answerquest/asi-monuments-xml2csv"
"Saheli Burj No.4, west of outer wall round  Taj gardens",Uttar Pradesh,Agra,,27.171506,78.040302,,,"ASI monument register via Bhuvan (ISRO), collected by github.com/answerquest/asi-monuments-xml2csv"
Sirhi Darwaza facing the inner entrance gate in the Taj,Uttar Pradesh,Agra,,27.172921,78.042159,,,"ASI monument register via Bhuvan (ISRO), collected by github.com/answerquest/asi-monuments-xml2csv"
"Taj and grounds including the masjid on the west side, the pavillion on the east ..",Uttar Pradesh,Agra,,27.173377,78.041896,,,"ASI monument register via Bhuvan (ISRO), collected by github.com/answerquest/asi-monuments-xml2csv"
Tank near the Fatehpuri Masjid on the south-west corner of outer entrance to..,Uttar Pradesh,Agra,,27.170931,78.040428,,,"ASI monument register via Bhuvan (ISRO), collected by github.com/answerquest/asi-monuments-xml2csv"
Well at the Taj garden,Uttar Pradesh,Agra,,27.172967,78.041931,,,"ASI monument register via Bhuvan (ISRO), collected by github.com/answerquest/asi-monuments-xml2csv"
"Takth Pahlwan near Cantonment, Gwalior road",Uttar Pradesh,Agra,,27.139773,78.01249,,,"ASI monument register via Bhuvan (ISRO), collected by github.com/answerquest/asi-monuments-xml2csv"
Two Gateways of early Mughal date at the northeast and northwest corner of Ram Bagh,Uttar Pradesh,Agra,,27.207077,78.038476,,,"ASI monument register via Bhuvan (ISRO), collected by github.com/answerquest/asi-monuments-xml2csv"
Well and flight of steps in the Charbagh (on the left bank of the Yamuna river),Uttar Pradesh,Agra,,27.179454,78.033782,,,"ASI monument register via Bhuvan (ISRO), collected by github.com/answerquest/asi-monuments-xml2csv"
Zohra Bagh : the Riverside Kiosk,Uttar Pradesh,Agra,,27.201921,78.034596,,,"ASI monument register via Bhuvan (ISRO), collected by github.com/answerquest/asi-monuments-xml2csv"
"Kos Minar, Mile-06, Furlong 07",Uttar Pradesh,Agra,,27.217506,77.938284,,,"ASI monument register via Bhuvan (ISRO), collected by github.com/answerquest/asi-monuments-xml2csv"
Tomb of Mahabat Khan's Daughter together with a strip of land 6 ft wide around it,Uttar Pradesh,Agra,Monument / Tomb,27.152281,78.039117,,,"ASI monument register via Bhuvan (ISRO), collected by github.com/answerquest/asi-monuments-xml2csv"
Chattri marking the site of the Empress Jodh Bai's tomb,Uttar Pradesh,Agra,Monument / Tomb,27.16689,77.983187,,,"ASI monument register via Bhuvan (ISRO), collected by github.com/answerquest/asi-monuments-xml2csv"
Tomb of Sadiq Khan,Uttar Pradesh,Agra,Monument / Tomb,27.210692,77.977747,,,"ASI monument register via Bhuvan (ISRO), collected by github.com/answerquest/asi-monuments-xml2csv"
Tomb of Salabat Khan,Uttar Pradesh,Agra,Monument / Tomb,27.210928,77.977031,,,"ASI monument register via Bhuvan (ISRO), collected by github.com/answerquest/asi-monuments-xml2csv"
The entire building known as Dhakri-ka-Mahal.,Uttar Pradesh,Agra,Palace / Haveli,27.18754,77.971856,,,"ASI monument register via Bhuvan (ISRO), collected by github.com/answerquest/asi-monuments-xml2csv"
Humayun Masjid,Uttar Pradesh,Agra,,27.182446,78.039647,,,"ASI monument register via Bhuvan (ISRO), collected by github.com/answerquest/asi-monuments-xml2csv"
Guru-ka-Tal,Uttar Pradesh,Agra,,27.212311,77.966034,,,"ASI monument register via Bhuvan (ISRO), collected by github.com/answerquest/asi-monuments-xml2csv"
Fifty-two bullock well close to Kamal Khan's Dargah,Uttar Pradesh,Agra,Monument / Tomb,27.156361,77.983494,,,"ASI monument register via Bhuvan (ISRO), collected by github.com/answerquest/asi-monuments-xml2csv"
Kamal Khan's Dargah,Uttar Pradesh,Agra,Monument / Tomb,27.156144,77.983875,,,"ASI monument register via Bhuvan (ISRO), collected by github.com/answerquest/asi-monuments-xml2csv"
The entire enclosure known as the Roman Catholic Cemetery,Uttar Pradesh,Agra,,27.209721,78.004989,,,"ASI monument register via Bhuvan (ISRO), collected by github.com/answerquest/asi-monuments-xml2csv"
The low shapeless mass of rubble and concrete measuring 36? x 30? said to contain tombs of  Ladli Begam,Uttar Pradesh,Agra,,27.21335,77.989433,,,"ASI monument register via Bhuvan (ISRO), collected by github.com/answerquest/asi-monuments-xml2csv"
Itibari Khan's Mosque,Uttar Pradesh,Agra,,27.20959,77.966316,,,"ASI monument register via Bhuvan (ISRO), collected by github.com/answerquest/asi-monuments-xml2csv"
Jaswant Singh- ki -Chattri,Uttar Pradesh,Agra,,27.21431,78.034013,,,"ASI monument register via Bhuvan (ISRO), collected by github.com/answerquest/asi-monuments-xml2csv"
Mosque adjoing the Mausoleum of Jaffar Khan,Uttar Pradesh,Agra,Monument / Tomb,27.207402,78.030423,,,"ASI monument register via Bhuvan (ISRO), collected by github.com/answerquest/asi-monuments-xml2csv"
"Akbar's Tomb, gateway and walls round the ground",Uttar Pradesh,Agra,Monument / Tomb,27.220461,77.950464,,,"ASI monument register via Bhuvan (ISRO), collected by github.com/answerquest/asi-monuments-xml2csv"
Dalans on the east and south sides of the great south gate and domed structure ..,Uttar Pradesh,Agra,,27.219139,77.952207,,,"ASI monument register via Bhuvan (ISRO), collected by github.com/answerquest/asi-monuments-xml2csv"
"Kanch Mahal, on the southeast corner of Akbar's Tomb",Uttar Pradesh,Agra,Palace / Haveli,27.216577,77.952456,,,"ASI monument register via Bhuvan (ISRO), collected by github.com/answerquest/asi-monuments-xml2csv"
Mariam's Tomb on Mathura Road,Uttar Pradesh,Agra,Monument / Tomb,27.215343,77.942701,,,"ASI monument register via Bhuvan (ISRO), collected by github.com/answerquest/asi-monuments-xml2csv"
Small mosque situated in the Church Missionary Society's compound,Uttar Pradesh,Agra,,27.217149,77.945377,,,"ASI monument register via Bhuvan (ISRO), collected by github.com/answerquest/asi-monuments-xml2csv"
Kiosk and buildings other than the river side kiosk,Uttar Pradesh,Agra,,27.202222,78.035823,,,"ASI monument register via Bhuvan (ISRO), collected by github.com/answerquest/asi-monuments-xml2csv"
Cemetery,Uttar Pradesh,Ghaziabad,,28.672383,77.411074,,,"ASI monument register via Bhuvan (ISRO), collected by github.com/answerquest/asi-monuments-xml2csv"
"Andhra Court, a high brick fortress supposed to have been built by Mahi.",Uttar Pradesh,Meerut,,27.0,78.0,,,"ASI monument register via Bhuvan (ISRO), collected by github.com/answerquest/asi-monuments-xml2csv"
Cemetery on the Meerut Race Course,Uttar Pradesh,Meerut,,28.9961,77.683429,,,"ASI monument register via Bhuvan (ISRO), collected by github.com/answerquest/asi-monuments-xml2csv"
Tomb of Shah Peer,Uttar Pradesh,Meerut,Monument / Tomb,28.979,77.710336,,,"ASI monument register via Bhuvan (ISRO), collected by github.com/answerquest/asi-monuments-xml2csv"
"Kos Minar, Mile 04, Furlong 03",Uttar Pradesh,Agra,,27.204886,77.975993,,,"ASI monument register via Bhuvan (ISRO), collected by github.com/answerquest/asi-monuments-xml2csv"
The entire enclosure known as Jagner Fort including the Gwal Baba Temple with the Bawali,Uttar Pradesh,Agra,Fort,26.860684,77.599226,,,"ASI monument register via Bhuvan (ISRO), collected by github.com/answerquest/asi-monuments-xml2csv"
Ekdil Gateway,Uttar Pradesh,Etawah,,26.743529,79.093053,,,"ASI monument register via Bhuvan (ISRO), collected by github.com/answerquest/asi-monuments-xml2csv"
Ancient Site,Uttar Pradesh,Bareilly,,28.38916,79.107887,,,"ASI monument register via Bhuvan (ISRO), collected by github.com/answerquest/asi-monuments-xml2csv"
Ahalyaganj Mound,Uttar Pradesh,Mathura,,27.0,78.0,,,"ASI monument register via Bhuvan (ISRO), collected by github.com/answerquest/asi-monuments-xml2csv"
Kos Minar,Uttar Pradesh,Auriaya,,27.0,78.0,,,"ASI monument register via Bhuvan (ISRO), collected by github.com/answerquest/asi-monuments-xml2csv"
Saumyanatha temple,Andhra Pradesh,Cuddapah,Temple,14.267546,79.120586,,,"ASI monument register via Bhuvan (ISRO), collected by github.com/answerquest/asi-monuments-xml2csv"
Old cave temple,Andhra Pradesh,Kurnool,Temple,15.351212,78.139353,,,"ASI monument register via Bhuvan (ISRO), collected by github.com/answerquest/asi-monuments-xml2csv"
Hill fort and buildings therein and the fortifications at the foot of the hill,Andhra Pradesh,Anantapur,Fort,15.113582,77.650304,,,"ASI monument register via Bhuvan (ISRO), collected by github.com/answerquest/asi-monuments-xml2csv"
Madhavaraya temple (old vishnu temple),Andhra Pradesh,Anantapur,Temple,13.984092,77.766915,,,"ASI monument register via Bhuvan (ISRO), collected by github.com/answerquest/asi-monuments-xml2csv"
Outer wall of the mahalakshmi temple,Andhra Pradesh,Anantapur,Temple,13.840735,77.443368,,,"ASI monument register via Bhuvan (ISRO), collected by github.com/answerquest/asi-monuments-xml2csv"
Group of sculptures,Andhra Pradesh,Anantapur,,14.026857,76.995936,,,"ASI monument register via Bhuvan (ISRO), collected by github.com/answerquest/asi-monuments-xml2csv"
Group of old temples,Andhra Pradesh,Anantapur,,14.027296,76.994874,,,"ASI monument register via Bhuvan (ISRO), collected by github.com/answerquest/asi-monuments-xml2csv"
Large dolmen on a rocky hillock,Andhra Pradesh,Anantapur,,14.569662,77.127352,,,"ASI monument register via Bhuvan (ISRO), collected by github.com/answerquest/asi-monuments-xml2csv"
Mallikarjuna ((siva) temple,Andhra Pradesh,Anantapur,Temple,14.351462,77.232987,,,"ASI monument register via Bhuvan (ISRO), collected by github.com/answerquest/asi-monuments-xml2csv"
Basavannah temple,Andhra Pradesh,Anantapur,Temple,13.803224,77.61238,,,"ASI monument register via Bhuvan (ISRO), collected by github.com/answerquest/asi-monuments-xml2csv"
Veerab hadra temple,Andhra Pradesh,Anantapur,Temple,13.801728,77.609318,,,"ASI monument register via Bhuvan (ISRO), collected by github.com/answerquest/asi-monuments-xml2csv"
Hill fort,Andhra Pradesh,Anantapur,Fort,13.94401,77.268655,,,"ASI monument register via Bhuvan (ISRO), collected by github.com/answerquest/asi-monuments-xml2csv"
Large bastion old gateway,Andhra Pradesh,Anantapur,,13.939657,77.267203,,,"ASI monument register via Bhuvan (ISRO), collected by github.com/answerquest/asi-monuments-xml2csv"
Old gopuram,Andhra Pradesh,Anantapur,,14.078755,77.595385,,,"ASI monument register via Bhuvan (ISRO), collected by github.com/answerquest/asi-monuments-xml2csv"
The citadel and ruined buildings on the hill,Andhra Pradesh,Anantapur,,14.077574,77.586767,,,"ASI monument register via Bhuvan (ISRO), collected by github.com/answerquest/asi-monuments-xml2csv"
The hill fort and northern gateway with inscriptions,Andhra Pradesh,Anantapur,Fort,14.084709,77.59498,,,"ASI monument register via Bhuvan (ISRO), collected by github.com/answerquest/asi-monuments-xml2csv"
Sitatirtham stepped well with entrance in the form of a bull,Andhra Pradesh,Anantapur,,14.079551,77.59574,,,"ASI monument register via Bhuvan (ISRO), collected by github.com/answerquest/asi-monuments-xml2csv"
Ancient mounds,Andhra Pradesh,Prakasam,,15.583612,80.212233,,,"ASI monument register via Bhuvan (ISRO), collected by github.com/answerquest/asi-monuments-xml2csv"
Small pavilion ruined water tower,Andhra Pradesh,Anantapur,,14.079341,77.594685,,,"ASI monument register via Bhuvan (ISRO), collected by github.com/answerquest/asi-monuments-xml2csv"
Small pavilion ruined water tower,Andhra Pradesh,Anantapur,,14.079184,77.595345,,,"ASI monument register via Bhuvan (ISRO), collected by github.com/answerquest/asi-monuments-xml2csv"
Hill fort and a large well,Andhra Pradesh,Anantapur,Fort,13.810543,77.130298,,,"ASI monument register via Bhuvan (ISRO), collected by github.com/answerquest/asi-monuments-xml2csv"
Extensive hill fortress with outlying fortification,Andhra Pradesh,Anantapur,,14.701178,76.834051,,,"ASI monument register via Bhuvan (ISRO), collected by github.com/answerquest/asi-monuments-xml2csv"
Palace and two temples of rama and krishna,Andhra Pradesh,Anantapur,Palace / Haveli,14.702759,76.838265,,,"ASI monument register via Bhuvan (ISRO), collected by github.com/answerquest/asi-monuments-xml2csv"
Chintalarayasvami temple,Andhra Pradesh,Anantapur,Temple,14.911118,78.010446,,,"ASI monument register via Bhuvan (ISRO), collected by github.com/answerquest/asi-monuments-xml2csv"
Ramesvarasvami temple,Andhra Pradesh,Anantapur,Temple,14.918394,78.01004,,,"ASI monument register via Bhuvan (ISRO), collected by github.com/answerquest/asi-monuments-xml2csv"
Lower fort,Andhra Pradesh,Chittoor,Fort,13.582528,79.304786,,,"ASI monument register via Bhuvan (ISRO), collected by github.com/answerquest/asi-monuments-xml2csv"
Upper fort,Andhra Pradesh,Chittoor,Fort,13.587386,79.298115,,,"ASI monument register via Bhuvan (ISRO), collected by github.com/answerquest/asi-monuments-xml2csv"
Parasuramesvara temple,Andhra Pradesh,Chittoor,Temple,13.603502,79.5773,,,"ASI monument register via Bhuvan (ISRO), collected by github.com/answerquest/asi-monuments-xml2csv"
Fort,Andhra Pradesh,Chittoor,Fort,13.777199,78.584265,,,"ASI monument register via Bhuvan (ISRO), collected by github.com/answerquest/asi-monuments-xml2csv"
"Lower fort, centre fort wall, moat,  old gate-way, old hanuman temple, old mandapam and old mosque",Andhra Pradesh,Chittoor,Fort,13.77613,78.584136,,,"ASI monument register via Bhuvan (ISRO), collected by github.com/answerquest/asi-monuments-xml2csv"
Mahal,Andhra Pradesh,Chittoor,Palace / Haveli,13.776866,78.58628,,,"ASI monument register via Bhuvan (ISRO), collected by github.com/answerquest/asi-monuments-xml2csv"
Pallisvara mudaiya madeva tmple,Andhra Pradesh,Chittoor,,13.827094,78.789595,,,"ASI monument register via Bhuvan (ISRO), collected by github.com/answerquest/asi-monuments-xml2csv"
Venkatesvara vishnu temple,Andhra Pradesh,Chittoor,Temple,13.610898,79.327494,,,"ASI monument register via Bhuvan (ISRO), collected by github.com/answerquest/asi-monuments-xml2csv"
Chennakevarasvami temple,Andhra Pradesh,Chittoor,Temple,13.837086,78.298169,,,"ASI monument register via Bhuvan (ISRO), collected by github.com/answerquest/asi-monuments-xml2csv"
Agashisvarasvami temple,Andhra Pradesh,Cuddapah,Temple,14.645382,78.470309,,,"ASI monument register via Bhuvan (ISRO), collected by github.com/answerquest/asi-monuments-xml2csv"
Vighnesvarasvami temple,Andhra Pradesh,Cuddapah,Temple,14.645448,78.470308,,,"ASI monument register via Bhuvan (ISRO), collected by github.com/answerquest/asi-monuments-xml2csv"
Remains of the buried jain temple,Andhra Pradesh,Cuddapah,Temple,14.786963,78.438561,,,"ASI monument register via Bhuvan (ISRO), collected by github.com/answerquest/asi-monuments-xml2csv"
"Fort with encloed ancient buildings, madhavaperumal temple, tower known a madarasala",Andhra Pradesh,Cuddapah,Fort,14.815528,78.284595,,,"ASI monument register via Bhuvan (ISRO), collected by github.com/answerquest/asi-monuments-xml2csv"
Bhimeswarasvami temple,Andhra Pradesh,Cuddapah,Temple,14.596027,78.757059,,,"ASI monument register via Bhuvan (ISRO), collected by github.com/answerquest/asi-monuments-xml2csv"
Indranathesvarasvami temple,Andhra Pradesh,Cuddapah,Temple,14.601595,78.756489,,,"ASI monument register via Bhuvan (ISRO), collected by github.com/answerquest/asi-monuments-xml2csv"
Kamalasambhavesvarasvami temple,Andhra Pradesh,Cuddapah,Temple,14.595263,78.761057,,,"ASI monument register via Bhuvan (ISRO), collected by github.com/answerquest/asi-monuments-xml2csv"
Raghavesvarasvami temple,Andhra Pradesh,Cuddapah,Temple,14.595673,78.756805,,,"ASI monument register via Bhuvan (ISRO), collected by github.com/answerquest/asi-monuments-xml2csv"
Sivakesavasvami temple,Andhra Pradesh,Cuddapah,Temple,14.594578,78.760832,,,"ASI monument register via Bhuvan (ISRO), collected by github.com/answerquest/asi-monuments-xml2csv"
Trikotesvarasvami temple,Andhra Pradesh,Cuddapah,Temple,14.59603,78.756795,,,"ASI monument register via Bhuvan (ISRO), collected by github.com/answerquest/asi-monuments-xml2csv"
Vaidyanathasvami temple,Andhra Pradesh,Cuddapah,Temple,14.595827,78.757029,,,"ASI monument register via Bhuvan (ISRO), collected by github.com/answerquest/asi-monuments-xml2csv"
Kodandarama temple,Andhra Pradesh,Cuddapah,Temple,15.012659,78.451836,,,"ASI monument register via Bhuvan (ISRO), collected by github.com/answerquest/asi-monuments-xml2csv"
Attirala parasurama temple,Andhra Pradesh,Cuddapah,Temple,14.244064,79.163694,,,"ASI monument register via Bhuvan (ISRO), collected by github.com/answerquest/asi-monuments-xml2csv"
Fort with ancient buildings enclosed gtherein,Andhra Pradesh,Cuddapah,Fort,14.466257,78.967742,,,"ASI monument register via Bhuvan (ISRO), collected by github.com/answerquest/asi-monuments-xml2csv"
Visvanathasvami temple,Andhra Pradesh,Cuddapah,Temple,14.581067,78.76352,,,"ASI monument register via Bhuvan (ISRO), collected by github.com/answerquest/asi-monuments-xml2csv"
Sri kodandaramasvami's temple and adjoining buildings,Andhra Pradesh,Cuddapah,Temple,14.393673,79.026465,,,"ASI monument register via Bhuvan (ISRO), collected by github.com/answerquest/asi-monuments-xml2csv"
Mounds containing buddhist remains such as stupas,Andhra Pradesh,East-godavari,,16.478516,81.954641,,,"ASI monument register via Bhuvan (ISRO), collected by github.com/answerquest/asi-monuments-xml2csv"
Golingesvara group of temples veerabhadra temple,Andhra Pradesh,East-godavari,Temple,16.959406,82.048673,,,"ASI monument register via Bhuvan (ISRO), collected by github.com/answerquest/asi-monuments-xml2csv"
"Golingesvara group of temples, nakkalagudi temple",Andhra Pradesh,East-godavari,Temple,16.961883,82.051862,,,"ASI monument register via Bhuvan (ISRO), collected by github.com/answerquest/asi-monuments-xml2csv"
Golingesvara group of temples kancharagudi temple,Andhra Pradesh,East-godavari,Temple,16.95941,82.053604,,,"ASI monument register via Bhuvan (ISRO), collected by github.com/answerquest/asi-monuments-xml2csv"
Monolith ganesa image,Andhra Pradesh,East-godavari,,16.961459,82.053684,,,"ASI monument register via Bhuvan (ISRO), collected by github.com/answerquest/asi-monuments-xml2csv"
Bhimesvara temple,Andhra Pradesh,East-godavari,Temple,16.792788,82.063471,,,"ASI monument register via Bhuvan (ISRO), collected by github.com/answerquest/asi-monuments-xml2csv"
"Rock-cut caves and cisterns, and remains of buddhist tupas, chaityas and viharas (monasteries) on hill pandavula or pandavakonda",Andhra Pradesh,East-godavari,,17.167854,81.812896,,,"ASI monument register via Bhuvan (ISRO), collected by github.com/answerquest/asi-monuments-xml2csv"
Buddhist remains,Andhra Pradesh,East-godavari,,17.240664,82.272193,,,"ASI monument register via Bhuvan (ISRO), collected by github.com/answerquest/asi-monuments-xml2csv"
Bhimesvara temple,Andhra Pradesh,East-godavari,Temple,17.042219,82.171171,,,"ASI monument register via Bhuvan (ISRO), collected by github.com/answerquest/asi-monuments-xml2csv"
Ruined buddhist stupa and other remains,Andhra Pradesh,Guntur,,16.575686,80.356479,,,"ASI monument register via Bhuvan (ISRO), collected by github.com/answerquest/asi-monuments-xml2csv"
An ancient siva temple with inscriptions,Andhra Pradesh,Guntur,Temple,16.638634,79.653246,,,"ASI monument register via Bhuvan (ISRO), collected by github.com/answerquest/asi-monuments-xml2csv"
Sri bhavanarayanasvami temple,Andhra Pradesh,Guntur,Temple,15.905806,80.467677,,,"ASI monument register via Bhuvan (ISRO), collected by github.com/answerquest/asi-monuments-xml2csv"
Ruined buddhist stupa,Andhra Pradesh,Guntur,,16.099466,80.780817,,,"ASI monument register via Bhuvan (ISRO), collected by github.com/answerquest/asi-monuments-xml2csv"
Kapoteswara temple with 5 inscriptional slabs within the temple site,Andhra Pradesh,Guntur,Temple,16.316628,79.849393,,,"ASI monument register via Bhuvan (ISRO), collected by github.com/answerquest/asi-monuments-xml2csv"
Fort in ruins,Andhra Pradesh,Guntur,Fort,16.577212,80.343761,,,"ASI monument register via Bhuvan (ISRO), collected by github.com/answerquest/asi-monuments-xml2csv"
Mounds WITH ANCIENT REMAINS,Andhra Pradesh,Guntur,,16.576422,80.152211,,,"ASI monument register via Bhuvan (ISRO), collected by github.com/answerquest/asi-monuments-xml2csv"
Inscribed marble pillar near the gopala temple,Andhra Pradesh,Guntur,Temple,16.22932,79.775056,,,"ASI monument register via Bhuvan (ISRO), collected by github.com/answerquest/asi-monuments-xml2csv"
Ancient buddhist remains with brahmi inscriptions on the mound,Andhra Pradesh,Guntur,,16.493072,79.545543,,,"ASI monument register via Bhuvan (ISRO), collected by github.com/answerquest/asi-monuments-xml2csv"
The mounds with the ancient remains  (buddhist ancient sites),Andhra Pradesh,Guntur,,16.580271,80.127448,,,"ASI monument register via Bhuvan (ISRO), collected by github.com/answerquest/asi-monuments-xml2csv"
Four storeyed rock-cut hindu temple,Andhra Pradesh,Guntur,Temple,16.496672,80.581678,,,"ASI monument register via Bhuvan (ISRO), collected by github.com/answerquest/asi-monuments-xml2csv"
Ancient site with the mound marking the buddhist stupas in it,Andhra Pradesh,Krishna,,16.771629,80.43799,,,"ASI monument register via Bhuvan (ISRO), collected by github.com/answerquest/asi-monuments-xml2csv"
Buddhist remains in a mound,Andhra Pradesh,Krishna,,16.169536,80.948885,,,"ASI monument register via Bhuvan (ISRO), collected by github.com/answerquest/asi-monuments-xml2csv"
Mound containing buddhist remains and ancient village site,Andhra Pradesh,Krishna,,16.432155,81.003186,,,"ASI monument register via Bhuvan (ISRO), collected by github.com/answerquest/asi-monuments-xml2csv"
Hillock containing gthe mound marking the remains of ancient bgudhit stupas situated on it,Andhra Pradesh,Krishna,,16.861479,80.318458,,,"ASI monument register via Bhuvan (ISRO), collected by github.com/answerquest/asi-monuments-xml2csv"
Buddhist remains of a stupa on the hill,Andhra Pradesh,Krishna,,16.887008,80.106451,,,"ASI monument register via Bhuvan (ISRO), collected by github.com/answerquest/asi-monuments-xml2csv"
Bandar fort:  armoury known as port and customs office,Andhra Pradesh,Krishna,Fort,16.150886,81.149331,,,"ASI monument register via Bhuvan (ISRO), collected by github.com/answerquest/asi-monuments-xml2csv"
Bandar fort:   belfry,Andhra Pradesh,Krishna,Fort,16.150377,81.148895,,,"ASI monument register via Bhuvan (ISRO), collected by github.com/answerquest/asi-monuments-xml2csv"
Dutch cemetery,Andhra Pradesh,Krishna,,16.198685,81.143122,,,"ASI monument register via Bhuvan (ISRO), collected by github.com/answerquest/asi-monuments-xml2csv"
Rock-cut cave temples on the hill,Andhra Pradesh,Krishna,,16.508337,80.637786,,,"ASI monument register via Bhuvan (ISRO), collected by github.com/answerquest/asi-monuments-xml2csv"
Ancient site and remains,Andhra Pradesh,Krishna,,16.803373,80.258758,,,"ASI monument register via Bhuvan (ISRO), collected by github.com/answerquest/asi-monuments-xml2csv"
Two rock-cut cave temples on the indrakila hill known as akkanna madanna caves consisting of (1) a two celled shrina facing the east and  (2) a triple celled temple with a pillared hall infront and linga in the middle cell,Andhra Pradesh,Krishna,Temple,16.513901,80.606526,,,"ASI monument register via Bhuvan (ISRO), collected by github.com/answerquest/asi-monuments-xml2csv"
Kiratarjuna pillar on the indrakila hill,Andhra Pradesh,Krishna,,16.513737,80.606567,,,"ASI monument register via Bhuvan (ISRO), collected by github.com/answerquest/asi-monuments-xml2csv"
Four pillars in the ruined mandapam in jamidoddi,Andhra Pradesh,Krishna,,16.513738,80.606516,,,"ASI monument register via Bhuvan (ISRO), collected by github.com/answerquest/asi-monuments-xml2csv"
A oprominent ranite hillock bearing asoka inscription,Andhra Pradesh,Kurnool,,15.210015,77.576905,,,"ASI monument register via Bhuvan (ISRO), collected by github.com/answerquest/asi-monuments-xml2csv"
Mausoleum known as abdul wahabn khan's tomb and adjoining buildings,Andhra Pradesh,Kurnool,Monument / Tomb,15.827188,78.046566,,,"ASI monument register via Bhuvan (ISRO), collected by github.com/answerquest/asi-monuments-xml2csv"
"Gateways and bastions of the old fort, viz, (1) bastion no.1 beach ghantki buruzu (2) bastion no. 2 lal bungalow buruzu (3) gateway to gopala darwaja (4) gateway panikiddi",Andhra Pradesh,Kurnool,Fort,15.833738,78.048622,,,"ASI monument register via Bhuvan (ISRO), collected by github.com/answerquest/asi-monuments-xml2csv"
Nandavaram temple including the sculpture of ubrahmanya,Andhra Pradesh,Kurnool,Temple,15.373768,78.279965,,,"ASI monument register via Bhuvan (ISRO), collected by github.com/answerquest/asi-monuments-xml2csv"
"The asokan inscription, two early chalukyan inscription and one late chalukyan inscription",Andhra Pradesh,Kurnool,,15.435018,77.471808,,,"ASI monument register via Bhuvan (ISRO), collected by github.com/answerquest/asi-monuments-xml2csv"
Uma-mahesvaraswami temple,Andhra Pradesh,Kurnool,Temple,15.350836,78.138215,,,"ASI monument register via Bhuvan (ISRO), collected by github.com/answerquest/asi-monuments-xml2csv"
Mound known as 'bodipati dibba',Andhra Pradesh,Nellore,,14.637541,80.1421,,,"ASI monument register via Bhuvan (ISRO), collected by github.com/answerquest/asi-monuments-xml2csv"
Ancient mound,Andhra Pradesh,Nellore,,14.639203,80.140979,,,"ASI monument register via Bhuvan (ISRO), collected by github.com/answerquest/asi-monuments-xml2csv"
Hill lfort with ancient byuildings therein,Andhra Pradesh,Nellore,,14.865193,79.27498,,,"ASI monument register via Bhuvan (ISRO), collected by github.com/answerquest/asi-monuments-xml2csv"
"Krishna temple in a part of donka with gopuram, kalyanamandapam and masonry built tank",Andhra Pradesh,Nellore,Temple,14.87229,79.304854,,,"ASI monument register via Bhuvan (ISRO), collected by github.com/answerquest/asi-monuments-xml2csv"
"Krishna temple in a part of donka with gopuram, kalyanamandapam and masonry built tank",Andhra Pradesh,Nellore,Temple,14.871789,79.30556,,,"ASI monument register via Bhuvan (ISRO), collected by github.com/answerquest/asi-monuments-xml2csv"
"Krishna temple in a part of donka with gopuram, kalyanamandapam and masonry built tank",Andhra Pradesh,Nellore,Temple,14.872335,79.30559,,,"ASI monument register via Bhuvan (ISRO), collected by github.com/answerquest/asi-monuments-xml2csv"
Ranganayakula temple,Andhra Pradesh,Nellore,Temple,14.87863,79.297082,,,"ASI monument register via Bhuvan (ISRO), collected by github.com/answerquest/asi-monuments-xml2csv"
A group of eight rock-cut temples in bhairavakonda hill,Andhra Pradesh,Prakasam,,15.089096,79.200723,,,"ASI monument register via Bhuvan (ISRO), collected by github.com/answerquest/asi-monuments-xml2csv"
Chola temple,Andhra Pradesh,Prakasam,Temple,15.721176,80.29298,,,"ASI monument register via Bhuvan (ISRO), collected by github.com/answerquest/asi-monuments-xml2csv"
Ancient mound,Andhra Pradesh,Prakasam,,15.680076,80.206876,,,"ASI monument register via Bhuvan (ISRO), collected by github.com/answerquest/asi-monuments-xml2csv"
Pittkeswara gropup of temples including appraoch road,Andhra Pradesh,Prakasam,,15.479273,79.121875,,,"ASI monument register via Bhuvan (ISRO), collected by github.com/answerquest/asi-monuments-xml2csv"
Ancient site,Andhra Pradesh,Prakasam,,15.500762,79.10471,,,"ASI monument register via Bhuvan (ISRO), collected by github.com/answerquest/asi-monuments-xml2csv"
Ramalingesvara group of temples,Andhra Pradesh,Prakasam,,15.403059,78.980238,,,"ASI monument register via Bhuvan (ISRO), collected by github.com/answerquest/asi-monuments-xml2csv"
Ancient buddhist site,Andhra Pradesh,Srikakulam,,18.330625,84.110753,,,"ASI monument register via Bhuvan (ISRO), collected by github.com/answerquest/asi-monuments-xml2csv"
Sri somesvara temple,Andhra Pradesh,Srikakulam,Temple,18.594937,83.963342,,,"ASI monument register via Bhuvan (ISRO), collected by github.com/answerquest/asi-monuments-xml2csv"
"Bhimesvara temple, mkhalingesvara temple",Andhra Pradesh,Srikakulam,Temple,18.594197,83.964421,,,"ASI monument register via Bhuvan (ISRO), collected by github.com/answerquest/asi-monuments-xml2csv"
Buddhist remains: (1) six images  (2) three images and some more image on the hill  (3)  one image  (4) three images,Andhra Pradesh,Srikakulam,,18.33373,84.044915,,,"ASI monument register via Bhuvan (ISRO), collected by github.com/answerquest/asi-monuments-xml2csv"
Eastern portion of salihundam hil containing b uddhist remains (a chaitya and four stupas),Andhra Pradesh,Srikakulam,,18.334015,84.043518,,,"ASI monument register via Bhuvan (ISRO), collected by github.com/answerquest/asi-monuments-xml2csv"
Ancient buddhist mounds locally known as 'dhana dibbalu',Andhra Pradesh,Visakhapatnam,,17.527716,82.907762,,,"ASI monument register via Bhuvan (ISRO), collected by github.com/answerquest/asi-monuments-xml2csv"
"Buddhist rock-cut stupas, dagabas and caves and the ruins of a structural chaitya with its outbuilding and other ancient remains on two adjoining hills known as bojjanna konda",Andhra Pradesh,Visakhapatnam,,17.710252,83.01597,,,"ASI monument register via Bhuvan (ISRO), collected by github.com/answerquest/asi-monuments-xml2csv"
(Durga bhairavakonda) having an ancient monument called durga,Andhra Pradesh,Vizianagaram,,18.174534,83.322389,,,"ASI monument register via Bhuvan (ISRO), collected by github.com/answerquest/asi-monuments-xml2csv"
Ruined buddhist monastery at gurubhaktulakonda,Andhra Pradesh,Vizianagaram,,18.176124,83.486656,,,"ASI monument register via Bhuvan (ISRO), collected by github.com/answerquest/asi-monuments-xml2csv"
"The old, dibbesvarasvamivari temple",Andhra Pradesh,Vizianagaram,Temple,18.134233,83.467028,,,"ASI monument register via Bhuvan (ISRO), collected by github.com/answerquest/asi-monuments-xml2csv"
Munds containing budhist remains,Andhra Pradesh,West-godavari,,16.837522,81.580303,,,"ASI monument register via Bhuvan (ISRO), collected by github.com/answerquest/asi-monuments-xml2csv"
Mounds locally known as bhimalingadibba,Andhra Pradesh,West-godavari,,16.759478,81.16415,,,"ASI monument register via Bhuvan (ISRO), collected by github.com/answerquest/asi-monuments-xml2csv"
"Buddhist monuments-(1) rock0cut temple,  (2) large monastery,  (3) small monastery,  (4) brick chaitya,  (5) ruined mandapa,  (6) stone built stupa and  (7) large group of stupas",Andhra Pradesh,West-godavari,Temple,17.019857,81.130454,,,"ASI monument register via Bhuvan (ISRO), collected by github.com/answerquest/asi-monuments-xml2csv"
The caves and structural stupa of archaeological interest on dharamalingesvarasvami hill,Andhra Pradesh,West-godavari,,17.020117,81.129674,,,"ASI monument register via Bhuvan (ISRO), collected by github.com/answerquest/asi-monuments-xml2csv"
"The mounds of pedavegi: dibba no.1, dibba no.2,  dibba no.3, dibba no.4, dibba no.5",Andhra Pradesh,West-godavari,,16.81423,81.106221,,,"ASI monument register via Bhuvan (ISRO), collected by github.com/answerquest/asi-monuments-xml2csv"
Old vishnu temple with inscriptions,Andhra Pradesh,Cuddapah,Temple,15.014361,78.449655,,,"ASI monument register via Bhuvan (ISRO), collected by github.com/answerquest/asi-monuments-xml2csv"
Mukundesvarfa temple with inscripotions,Andhra Pradesh,Cuddapah,Temple,15.014243,78.449646,,,"ASI monument register via Bhuvan (ISRO), collected by github.com/answerquest/asi-monuments-xml2csv"
Old stamba or lamp pillar in the sub-collector's office compound,Andhra Pradesh,Anantapur,,14.087514,77.595662,,,"ASI monument register via Bhuvan (ISRO), collected by github.com/answerquest/asi-monuments-xml2csv"
"Fort with encloed ancient buildings, madhavaperumal temple, tower known a madarasala",Andhra Pradesh,Cuddapah,Fort,14.813307,78.283909,,,"ASI monument register via Bhuvan (ISRO), collected by github.com/answerquest/asi-monuments-xml2csv"
"Fort with encloed ancient buildings, madhavaperumal temple, tower known a madarasala",Andhra Pradesh,Cuddapah,Fort,14.814726,78.281328,,,"ASI monument register via Bhuvan (ISRO), collected by github.com/answerquest/asi-monuments-xml2csv"
Ancient village site,Andhra Pradesh,Cuddapah,,15.015528,78.447558,,,"ASI monument register via Bhuvan (ISRO), collected by github.com/answerquest/asi-monuments-xml2csv"
Ancient village site,Andhra Pradesh,Cuddapah,,15.014098,78.448497,,,"ASI monument register via Bhuvan (ISRO), collected by github.com/answerquest/asi-monuments-xml2csv"
Narasimha temple,Andhra Pradesh,Cuddapah,Temple,15.012697,78.448588,,,"ASI monument register via Bhuvan (ISRO), collected by github.com/answerquest/asi-monuments-xml2csv"
Reconstructed monuments at anupu and nagarjunakonda hill top,Andhra Pradesh,Guntur,,16.52032,79.239304,,,"ASI monument register via Bhuvan (ISRO), collected by github.com/answerquest/asi-monuments-xml2csv"
Reconstructed monuments at anupu and nagarjunakonda hill top,Andhra Pradesh,Guntur,,16.504016,79.276532,,,"ASI monument register via Bhuvan (ISRO), collected by github.com/answerquest/asi-monuments-xml2csv"
Inscrijinscribed boulder bearing andhra receords of 150 ad,Andhra Pradesh,Kurnool,,15.733828,77.310815,,,"ASI monument register via Bhuvan (ISRO), collected by github.com/answerquest/asi-monuments-xml2csv"
Ruined fort and buildings therein except ramzan masjid,Andhra Pradesh,Kurnool,Fort,15.647352,77.27739,,,"ASI monument register via Bhuvan (ISRO), collected by github.com/answerquest/asi-monuments-xml2csv"
Ruined fort and buildings therein except ramzan masjid,Andhra Pradesh,Kurnool,Fort,15.636014,77.278318,,,"ASI monument register via Bhuvan (ISRO), collected by github.com/answerquest/asi-monuments-xml2csv"
Ruined fort and buildings therein except ramzan masjid,Andhra Pradesh,Kurnool,Fort,15.63942,77.27873,,,"ASI monument register via Bhuvan (ISRO), collected by github.com/answerquest/asi-monuments-xml2csv"
Ruined fort and buildings therein except ramzan masjid,Andhra Pradesh,Kurnool,Fort,15.639933,77.278647,,,"ASI monument register via Bhuvan (ISRO), collected by github.com/answerquest/asi-monuments-xml2csv"
Ruined fort and buildings therein except ramzan masjid,Andhra Pradesh,Kurnool,Fort,15.640349,77.278636,,,"ASI monument register via Bhuvan (ISRO), collected by github.com/answerquest/asi-monuments-xml2csv"
Ruined fort and buildings therein except ramzan masjid,Andhra Pradesh,Kurnool,Fort,15.642096,77.279179,,,"ASI monument register via Bhuvan (ISRO), collected by github.com/answerquest/asi-monuments-xml2csv"
Ruined fort and buildings therein except ramzan masjid,Andhra Pradesh,Kurnool,Fort,15.642135,77.277902,,,"ASI monument register via Bhuvan (ISRO), collected by github.com/answerquest/asi-monuments-xml2csv"
Ruined fort and buildings therein except ramzan masjid,Andhra Pradesh,Kurnool,Fort,15.642159,77.276966,,,"ASI monument register via Bhuvan (ISRO), collected by github.com/answerquest/asi-monuments-xml2csv"
Golingesvara group of temples kancharagudi temple,Andhra Pradesh,East-godavari,Temple,16.956119,82.048316,,,"ASI monument register via Bhuvan (ISRO), collected by github.com/answerquest/asi-monuments-xml2csv"
Large bastion old gateway,Andhra Pradesh,Anantapur,,13.939619,77.269483,,,"ASI monument register via Bhuvan (ISRO), collected by github.com/answerquest/asi-monuments-xml2csv"
Palace and two temples of rama and krishna,Andhra Pradesh,Anantapur,Palace / Haveli,14.703706,76.837554,,,"ASI monument register via Bhuvan (ISRO), collected by github.com/answerquest/asi-monuments-xml2csv"
Palace and two temples of rama and krishna,Andhra Pradesh,Anantapur,Palace / Haveli,14.702825,76.836808,,,"ASI monument register via Bhuvan (ISRO), collected by github.com/answerquest/asi-monuments-xml2csv"
"Fort with encloed ancient buildings, madhavaperumal temple, tower known a madarasala",Andhra Pradesh,Cuddapah,Fort,14.816866,78.28506,,,"ASI monument register via Bhuvan (ISRO), collected by github.com/answerquest/asi-monuments-xml2csv"
"Fort with encloed ancient buildings, madhavaperumal temple, tower known a madarasala",Andhra Pradesh,Cuddapah,Fort,14.815149,78.285757,,,"ASI monument register via Bhuvan (ISRO), collected by github.com/answerquest/asi-monuments-xml2csv"
"Fort with encloed ancient buildings, madhavaperumal temple, tower known a madarasala",Andhra Pradesh,Cuddapah,Fort,14.813766,78.286326,,,"ASI monument register via Bhuvan (ISRO), collected by github.com/answerquest/asi-monuments-xml2csv"
"Fort with encloed ancient buildings, madhavaperumal temple, tower known a madarasala",Andhra Pradesh,Cuddapah,Fort,14.81616,78.285219,,,"ASI monument register via Bhuvan (ISRO), collected by github.com/answerquest/asi-monuments-xml2csv"
"Fort with encloed ancient buildings, madhavaperumal temple, tower known a madarasala",Andhra Pradesh,Cuddapah,Fort,14.813596,78.286937,,,"ASI monument register via Bhuvan (ISRO), collected by github.com/answerquest/asi-monuments-xml2csv"
THE ADHAIDIN-KA-JHONPRA,Rajasthan,AJMER,,26.455167,74.625033,,,"ASI monument register via Bhuvan (ISRO), collected by github.com/answerquest/asi-monuments-xml2csv"
THE BADSHAHI HAVELI IN THE NAYA BAZAR,Rajasthan,AJMER,Palace / Haveli,26.461333,74.631114,,,"ASI monument register via Bhuvan (ISRO), collected by github.com/answerquest/asi-monuments-xml2csv"
"DELHI GATE, AJMER CITY, CONSISTING OF ONE ARCHWAY",Rajasthan,AJMER,,26.46209,74.627465,,,"ASI monument register via Bhuvan (ISRO), collected by github.com/answerquest/asi-monuments-xml2csv"
GATEWAY OF TARAGARH HILL,Rajasthan,AJMER,,26.443436,74.616303,,,"ASI monument register via Bhuvan (ISRO), collected by github.com/answerquest/asi-monuments-xml2csv"
"THE MARBLE PAVILIONS AND BALUSTRADE ON THE ANA SAGAR BUND,AND THE RUINS OF THE MARBLE HAMMAM BEHIND THE ANA SAGAR BUND",Rajasthan,AJMER,,26.469769,74.630411,,,"ASI monument register via Bhuvan (ISRO), collected by github.com/answerquest/asi-monuments-xml2csv"
SAHELI BAZAR BUILDINGS IN DAULAT BAGH,Rajasthan,AJMER,,26.469997,74.632094,,,"ASI monument register via Bhuvan (ISRO), collected by github.com/answerquest/asi-monuments-xml2csv"
TOMBS OF ABDULLA KHAN AND HIS WIFE,Rajasthan,AJMER,,26.452421,74.637655,,,"ASI monument register via Bhuvan (ISRO), collected by github.com/answerquest/asi-monuments-xml2csv"
THE TOMB OF ALLAUDDIN KHAN KNOWN AS  SOLA THUMBA,Rajasthan,AJMER,Monument / Tomb,26.456212,74.627082,,,"ASI monument register via Bhuvan (ISRO), collected by github.com/answerquest/asi-monuments-xml2csv"
TRIPOLIA GATE,Rajasthan,AJMER,,26.455969,74.626604,,,"ASI monument register via Bhuvan (ISRO), collected by github.com/answerquest/asi-monuments-xml2csv"
EIGHT KOS MINAR ERECTED BY EMPEROR AKBAR (AJMER-JAIPUR ROAD 1.),Rajasthan,AJMER,,26.477592,74.657682,,,"ASI monument register via Bhuvan (ISRO), collected by github.com/answerquest/asi-monuments-xml2csv"
EIGHT KOS MINAR ERECTED BY EMPEROR AKBAR (AJMER-JAIPUR ROAD 2.),Rajasthan,AJMER,,26.490797,74.676294,,,"ASI monument register via Bhuvan (ISRO), collected by github.com/answerquest/asi-monuments-xml2csv"
"ONE BAORI, 3 MILES, 6 FURLONGS FROM AJMER, ON OF THE AJMER-JAIPUR ROAD",Rajasthan,AJMER,,26.498841,74.676361,,,"ASI monument register via Bhuvan (ISRO), collected by github.com/answerquest/asi-monuments-xml2csv"
ANCIENT MOUNDS (3),Rajasthan,HANUMANGARH,,29.473611,74.13,,,"ASI monument register via Bhuvan (ISRO), collected by github.com/answerquest/asi-monuments-xml2csv"
EIGHT KOS MINAR EERECTED BY EMPEROR AKBAR (CHATRI),Rajasthan,AJMER,,26.565982,74.706596,,,"ASI monument register via Bhuvan (ISRO), collected by github.com/answerquest/asi-monuments-xml2csv"
ONE SARAI IN CHATRI VILLAGE AT 10 MILES FROM AJMER,Rajasthan,AJMER,,26.563616,74.714227,,,"ASI monument register via Bhuvan (ISRO), collected by github.com/answerquest/asi-monuments-xml2csv"
EIGHT KOS MINAR ERECTED BY EMPEROR AKBAR (GHUGRA),Rajasthan,AJMER,,26.513925,74.68897,,,"ASI monument register via Bhuvan (ISRO), collected by github.com/answerquest/asi-monuments-xml2csv"
EIGHT KOS MINAR ERECTED BY EMPEROR AKBAR (HUSHIRA 1.),Rajasthan,AJMER,,26.612092,74.742186,,,"ASI monument register via Bhuvan (ISRO), collected by github.com/answerquest/asi-monuments-xml2csv"
EIGHT KOS MINAR ERECTED BY EMPEROR AKBAR (HUSHIRA 2.),Rajasthan,AJMER,,26.637515,74.754903,,,"ASI monument register via Bhuvan (ISRO), collected by github.com/answerquest/asi-monuments-xml2csv"
EIGHT KOS MINAR ERECTED BY EMPEROR AKBAR (KAIR),Rajasthan,AJMER,,26.541631,74.691731,,,"ASI monument register via Bhuvan (ISRO), collected by github.com/answerquest/asi-monuments-xml2csv"
EIGHT KOS MINAR ERECTED BY EMPEROR AKBAR (KHANPURA),Rajasthan,AJMER,,26.587589,74.725029,,,"ASI monument register via Bhuvan (ISRO), collected by github.com/answerquest/asi-monuments-xml2csv"
BRAHMAJI TEMPLE,Rajasthan,AJMER,Temple,26.487328,74.548878,,,"ASI monument register via Bhuvan (ISRO), collected by github.com/answerquest/asi-monuments-xml2csv"
GHATESHWAR TEMPLE,Rajasthan,CHITTAURGARH,Temple,24.958601,75.593265,,,"ASI monument register via Bhuvan (ISRO), collected by github.com/answerquest/asi-monuments-xml2csv"
KUND,Rajasthan,CHITTAURGARH,,24.958997,75.593523,,,"ASI monument register via Bhuvan (ISRO), collected by github.com/answerquest/asi-monuments-xml2csv"
SHRINGAR CHAWRI,Rajasthan,CHITTAURGARH,,24.958613,75.593391,,,"ASI monument register via Bhuvan (ISRO), collected by github.com/answerquest/asi-monuments-xml2csv"
TEMPLE OF ASHTAMATA,Rajasthan,CHITTAURGARH,Temple,24.958474,75.593175,,,"ASI monument register via Bhuvan (ISRO), collected by github.com/answerquest/asi-monuments-xml2csv"
TEMPLE OF GANESH,Rajasthan,CHITTAURGARH,Temple,24.958758,75.593306,,,"ASI monument register via Bhuvan (ISRO), collected by github.com/answerquest/asi-monuments-xml2csv"
TEMPLE OF SESHASHAYAN,Rajasthan,CHITTAURGARH,Temple,24.958401,75.593215,,,"ASI monument register via Bhuvan (ISRO), collected by github.com/answerquest/asi-monuments-xml2csv"
TEMPLE OF SHIVA AND KUND,Rajasthan,CHITTAURGARH,Temple,24.958134,75.5924,,,"ASI monument register via Bhuvan (ISRO), collected by github.com/answerquest/asi-monuments-xml2csv"
TEMPLE OF TRIMURTI,Rajasthan,CHITTAURGARH,Temple,24.958359,75.593303,,,"ASI monument register via Bhuvan (ISRO), collected by github.com/answerquest/asi-monuments-xml2csv"
TEMPLE OF VAMANAVATAR,Rajasthan,CHITTAURGARH,Temple,24.958472,75.593231,,,"ASI monument register via Bhuvan (ISRO), collected by github.com/answerquest/asi-monuments-xml2csv"
FORT OF CHITOR AS A WHOLE,Rajasthan,CHITTAURGARH,Fort,24.887222,74.646944,,,"ASI monument register via Bhuvan (ISRO), collected by github.com/answerquest/asi-monuments-xml2csv"
MENAL (MAHANAL) TEMPLE AND MATH,Rajasthan,CHITTAURGARH,Temple,25.093078,75.172233,,,"ASI monument register via Bhuvan (ISRO), collected by github.com/answerquest/asi-monuments-xml2csv"
ANCIENT RUINS,Rajasthan,CHITTAURGARH,,24.971006,74.680533,,,"ASI monument register via Bhuvan (ISRO), collected by github.com/answerquest/asi-monuments-xml2csv"
HATHIWADA ENCLOSURE WITH INSCRIPTION TOGETHER WITH ADJACENT LAND IN SURVEY PLOT NO. 301.,Rajasthan,CHITTAURGARH,,24.975817,74.688791,,,"ASI monument register via Bhuvan (ISRO), collected by github.com/answerquest/asi-monuments-xml2csv"
ARCHAEOLOGICAL SITES AND REMAINS AT JEORA COMPRISED IN SURVEY PLOT NO.416,Rajasthan,CHITTAURGARH,,24.738147,74.120019,,,"ASI monument register via Bhuvan (ISRO), collected by github.com/answerquest/asi-monuments-xml2csv"
ANCIENT MOUNDS,Rajasthan,GANGANAGAR,,29.168611,73.313611,,,"ASI monument register via Bhuvan (ISRO), collected by github.com/answerquest/asi-monuments-xml2csv"
ANCIENT MOUNDS,Rajasthan,GANGANAGAR,,29.360319,73.922956,,,"ASI monument register via Bhuvan (ISRO), collected by github.com/answerquest/asi-monuments-xml2csv"
ANCIENT MOUNDS (2),Rajasthan,GANGANAGAR,,29.223608,73.127481,,,"ASI monument register via Bhuvan (ISRO), collected by github.com/answerquest/asi-monuments-xml2csv"
ANCIENT MOUNDS,Rajasthan,GANGANAGAR,,29.238464,73.233192,,,"ASI monument register via Bhuvan (ISRO), collected by github.com/answerquest/asi-monuments-xml2csv"
ANCIENT MOUNDS,Rajasthan,GANGANAGAR,,29.237778,73.223056,,,"ASI monument register via Bhuvan (ISRO), collected by github.com/answerquest/asi-monuments-xml2csv"
ANCIENT MOUNDS IN THE NEIGHBOURHOOD OF SURATGARH,Rajasthan,HANUMANGARH,,29.571856,74.255903,,,"ASI monument register via Bhuvan (ISRO), collected by github.com/answerquest/asi-monuments-xml2csv"
ANCIENT MOUNDS,Rajasthan,HANUMANGARH,,29.497778,74.085,,,"ASI monument register via Bhuvan (ISRO), collected by github.com/answerquest/asi-monuments-xml2csv"
FORT INCLUDING ANCIENT TEMPLES,Rajasthan,JAISALMER,Fort,26.9125,70.9125,,,"ASI monument register via Bhuvan (ISRO), collected by github.com/answerquest/asi-monuments-xml2csv"
"ARCHAEOLOGICAL SITE AND REMAINS COMPRISED IN SURVEY PLOT NOS.938,941,1065,1066,1067,1068,1069,1070,1071,1072,1073 AND 1074",Rajasthan,RAJSAMAND,,25.0327,74.263686,,,"ASI monument register via Bhuvan (ISRO), collected by github.com/answerquest/asi-monuments-xml2csv"
FORT OF KUMBHALGARH AS A WHOLE,Rajasthan,RAJSAMAND,Fort,25.149167,73.581111,,,"ASI monument register via Bhuvan (ISRO), collected by github.com/answerquest/asi-monuments-xml2csv"
"GHAT WITH INSCRIPTIONS, PAVILIONS AND TORANAS,TOGETHER WITH ADJACENT AREA COMPRISED IN SURVEY PLOT NO.344",Rajasthan,RAJSAMAND,,25.068611,73.876111,,,"ASI monument register via Bhuvan (ISRO), collected by github.com/answerquest/asi-monuments-xml2csv"
HALDI GHATI,Rajasthan,RAJSAMAND,,24.894972,73.702139,,,"ASI monument register via Bhuvan (ISRO), collected by github.com/answerquest/asi-monuments-xml2csv"
PRATAP SMARAK,Rajasthan,UDAIPUR,,24.177056,73.811278,,,"ASI monument register via Bhuvan (ISRO), collected by github.com/answerquest/asi-monuments-xml2csv"
ANCIENT MOUNDS (2),Rajasthan,GANGANAGAR,,29.240982,73.541701,,,"ASI monument register via Bhuvan (ISRO), collected by github.com/answerquest/asi-monuments-xml2csv"
"Remains  of a Fort,",Nagaland,Kohima,Fort,25.903611,93.740278,,,"ASI monument register via Bhuvan (ISRO), collected by github.com/answerquest/asi-monuments-xml2csv"
"Memorial of Mr. G.H. Damant, Major cook and Subedar Nurbir Sahi,,",Nagaland,Kohima,,25.654087,94.022086,,,"ASI monument register via Bhuvan (ISRO), collected by github.com/answerquest/asi-monuments-xml2csv"
"Lt. H.Forbe’s Grave,",Nagaland,Kohima,,25.693703,94.034801,,,"ASI monument register via Bhuvan (ISRO), collected by github.com/answerquest/asi-monuments-xml2csv"
Cachari ruins /The singha darwaza,Assam,Cachar,,24.939615,92.93144,,,"ASI monument register via Bhuvan (ISRO), collected by github.com/answerquest/asi-monuments-xml2csv"
"The Carvings,inscriptions and pillar on the Urbasi Island",Assam,Kamrup  (M),,26.193913,91.744864,,,"ASI monument register via Bhuvan (ISRO), collected by github.com/answerquest/asi-monuments-xml2csv"
Cachari ruins   /The Snan mandir,Assam,Cachar,Temple,24.936923,92.929665,,,"ASI monument register via Bhuvan (ISRO), collected by github.com/answerquest/asi-monuments-xml2csv"
Cachari ruins   /The temple of Ranachandi,Assam,Cachar,Temple,24.935399,92.931656,,,"ASI monument register via Bhuvan (ISRO), collected by github.com/answerquest/asi-monuments-xml2csv"
Cachari ruins   / Two Small temple,Assam,Cachar,Temple,24.93572,92.931286,,,"ASI monument register via Bhuvan (ISRO), collected by github.com/answerquest/asi-monuments-xml2csv"
Cachari ruins   / Baradwari,Assam,Cachar,,24.933446,92.930753,,,"ASI monument register via Bhuvan (ISRO), collected by github.com/answerquest/asi-monuments-xml2csv"
Grave of Lieutenant Lewis Van Sandan,Assam,Biswanath,,26.660514,93.172101,,,"ASI monument register via Bhuvan (ISRO), collected by github.com/answerquest/asi-monuments-xml2csv"
Grave of Lieutenant Thomas Kennedy.,Assam,Biswanath,,26.660587,93.172002,,,"ASI monument register via Bhuvan (ISRO), collected by github.com/answerquest/asi-monuments-xml2csv"
"The rock known as "" Biswanath Sivalinga""",Assam,Biswanath,,26.661577,93.175324,,,"ASI monument register via Bhuvan (ISRO), collected by github.com/answerquest/asi-monuments-xml2csv"
"The rock known as ""Sukreswar"" the island ""Umatumani""",Assam,Biswanath,,26.661667,93.176667,,,"ASI monument register via Bhuvan (ISRO), collected by github.com/answerquest/asi-monuments-xml2csv"
Masonary remains on the Bamuni Hills.,Assam,Sonitpur,,26.616857,92.816013,,,"ASI monument register via Bhuvan (ISRO), collected by github.com/answerquest/asi-monuments-xml2csv"
"Rock-cut Figures in the Nilachal hill, B. Figures of Ganesha",Assam,Kamrup  (M),,26.164768,91.699751,,,"ASI monument register via Bhuvan (ISRO), collected by github.com/answerquest/asi-monuments-xml2csv"
"Rock-cut Figures in the Nilachal hill,  C. Figure of Narakasura",Assam,Kamrup  (M),,26.16478,91.699753,,,"ASI monument register via Bhuvan (ISRO), collected by github.com/answerquest/asi-monuments-xml2csv"
"Rock-cut Figures in the Nilachal hill,  E. Miniature sikahara shrines",Assam,Kamrup  (M),,26.164761,91.699751,,,"ASI monument register via Bhuvan (ISRO), collected by github.com/answerquest/asi-monuments-xml2csv"
"Rock-cut Figures in the Nilachal hill,  G. Stone Gateway",Assam,Kamrup  (M),,26.165026,91.700341,,,"ASI monument register via Bhuvan (ISRO), collected by github.com/answerquest/asi-monuments-xml2csv"
Shri Shri Kameswar temple,Assam,Kamrup  ( R ),Temple,26.235164,91.534598,,,"ASI monument register via Bhuvan (ISRO), collected by github.com/answerquest/asi-monuments-xml2csv"
Devidol,Assam,Sivasagar,,26.988889,94.632222,,,"ASI monument register via Bhuvan (ISRO), collected by github.com/answerquest/asi-monuments-xml2csv"
Sivadol,Assam,Sivasagar,,26.988611,94.633056,,,"ASI monument register via Bhuvan (ISRO), collected by github.com/answerquest/asi-monuments-xml2csv"
Garhgaon Raja’s Palace,Assam,Sivasagar,Palace / Haveli,26.936344,94.74511,,,"ASI monument register via Bhuvan (ISRO), collected by github.com/answerquest/asi-monuments-xml2csv"
"Bordol Temple,",Assam,Sonitpur,Temple,26.659809,93.172028,,,"ASI monument register via Bhuvan (ISRO), collected by github.com/answerquest/asi-monuments-xml2csv"
"Ruins, Singri Hill",Assam,Sonitpur,,26.62495,92.486595,,,"ASI monument register via Bhuvan (ISRO), collected by github.com/answerquest/asi-monuments-xml2csv"
Ranganath dol,Assam,Sivasagar,,26.959837,94.62239,,,"ASI monument register via Bhuvan (ISRO), collected by github.com/answerquest/asi-monuments-xml2csv"
Rock- cut temple,Assam,Dima Hasao,Temple,25.318529,93.129909,,,"ASI monument register via Bhuvan (ISRO), collected by github.com/answerquest/asi-monuments-xml2csv"
Vishnudol,Assam,Sivasagar,,26.988802,94.632942,,,"ASI monument register via Bhuvan (ISRO), collected by github.com/answerquest/asi-monuments-xml2csv"
Ranghar ruins,Assam,Sivasagar,,26.96702,94.619423,,,"ASI monument register via Bhuvan (ISRO), collected by github.com/answerquest/asi-monuments-xml2csv"
The Karenghar of the Ahom Kings,Assam,Sivasagar,,26.965704,94.624062,,,"ASI monument register via Bhuvan (ISRO), collected by github.com/answerquest/asi-monuments-xml2csv"
Golaghar or magazine House,Assam,Sivasagar,,26.964334,94.622147,,,"ASI monument register via Bhuvan (ISRO), collected by github.com/answerquest/asi-monuments-xml2csv"
Devidol,Assam,Sivasagar,,26.954544,94.618576,,,"ASI monument register via Bhuvan (ISRO), collected by github.com/answerquest/asi-monuments-xml2csv"
Sivadol,Assam,Sivasagar,,26.955559,94.621292,,,"ASI monument register via Bhuvan (ISRO), collected by github.com/answerquest/asi-monuments-xml2csv"
Vishnudol,Assam,Sivasagar,,26.95557,94.624176,,,"ASI monument register via Bhuvan (ISRO), collected by github.com/answerquest/asi-monuments-xml2csv"
Ghanashyam’s House,Assam,Sivasagar,,26.950384,94.61805,,,"ASI monument register via Bhuvan (ISRO), collected by github.com/answerquest/asi-monuments-xml2csv"
Vishnudol,Assam,Sivasagar,,26.947147,94.533745,,,"ASI monument register via Bhuvan (ISRO), collected by github.com/answerquest/asi-monuments-xml2csv"
Devidol,Assam,Sivasagar,,26.947231,94.535187,,,"ASI monument register via Bhuvan (ISRO), collected by github.com/answerquest/asi-monuments-xml2csv"
Sivadol,Assam,Sivasagar,,26.947464,94.538055,,,"ASI monument register via Bhuvan (ISRO), collected by github.com/answerquest/asi-monuments-xml2csv"
Gourisagar Tank,Assam,Sivasagar,,26.944035,94.53656,,,"ASI monument register via Bhuvan (ISRO), collected by github.com/answerquest/asi-monuments-xml2csv"
"Dhandi Temple, N.C. Kamdayal",Assam,Sonitpur,Temple,26.84977,93.698608,,,"ASI monument register via Bhuvan (ISRO), collected by github.com/answerquest/asi-monuments-xml2csv"
Sivadol,Assam,Golaghat,,26.734705,94.005241,,,"ASI monument register via Bhuvan (ISRO), collected by github.com/answerquest/asi-monuments-xml2csv"
Rangamati Mosque and the ablution tank attached thereto.,Assam,Dhubri,,26.155153,90.054756,,,"ASI monument register via Bhuvan (ISRO), collected by github.com/answerquest/asi-monuments-xml2csv"
Idgah on the Rangamati Hill with its enclose walls and a space of 16'-20'around there.,Assam,Dhubri,,26.139168,90.037743,,,"ASI monument register via Bhuvan (ISRO), collected by github.com/answerquest/asi-monuments-xml2csv"
"The rock on the bank of Brahmaputra, about 2 miles below  Tezpur and the inscription thereon.",Assam,Sonitpur,,26.615265,92.769958,,,"ASI monument register via Bhuvan (ISRO), collected by github.com/answerquest/asi-monuments-xml2csv"
Sri Suryapahar ruins,Assam,Goalpara,,26.112657,90.689258,,,"ASI monument register via Bhuvan (ISRO), collected by github.com/answerquest/asi-monuments-xml2csv"
Cachari Ruins  /A small unfinished dwellinghouse,Assam,Cachar,,24.939543,92.931055,,,"ASI monument register via Bhuvan (ISRO), collected by github.com/answerquest/asi-monuments-xml2csv"
Hayagriva Madhava Temple,Assam,Kamrup  ( R ),Temple,26.242737,91.52655,,,"ASI monument register via Bhuvan (ISRO), collected by github.com/answerquest/asi-monuments-xml2csv"
Shri Shri Ganesh temple,Assam,Kamrup  ( R ),Temple,26.236145,91.534012,,,"ASI monument register via Bhuvan (ISRO), collected by github.com/answerquest/asi-monuments-xml2csv"
Shri Shri Kedar temple,Assam,Kamrup  ( R ),Temple,26.241783,91.543968,,,"ASI monument register via Bhuvan (ISRO), collected by github.com/answerquest/asi-monuments-xml2csv"
"Visnu Janardana, , Guwahati, Kamrup",Assam,Kamrup  (M),,26.187994,91.740845,,,"ASI monument register via Bhuvan (ISRO), collected by github.com/answerquest/asi-monuments-xml2csv"
"Duargorila Rock Inscription,  Guwahati, Kamrup",Assam,Kamrup  (M),,26.161161,91.710876,,,"ASI monument register via Bhuvan (ISRO), collected by github.com/answerquest/asi-monuments-xml2csv"
Ancient  caves,Assam,Bongaigaon,,26.220152,90.574561,,,"ASI monument register via Bhuvan (ISRO), collected by github.com/answerquest/asi-monuments-xml2csv"
"Rock-cut Figures in the Nilachal hill: - A. Dancing Bhairava, localy  known as Bala Bhairava",Assam,Kamrup  (M),,26.16597,91.705051,,,"ASI monument register via Bhuvan (ISRO), collected by github.com/answerquest/asi-monuments-xml2csv"
"Rock-cut Figures in the Nilachal hill, D. Sculpture of Bhairavai",Assam,Kamrup  (M),,26.164752,91.699753,,,"ASI monument register via Bhuvan (ISRO), collected by github.com/answerquest/asi-monuments-xml2csv"
"Rock-cut Figures in the Nilachal hill, F. Sivalingas",Assam,Kamrup  (M),,26.164764,91.699704,,,"ASI monument register via Bhuvan (ISRO), collected by github.com/answerquest/asi-monuments-xml2csv"
"Rock-cut Figures in the Nilachal hill,  H. Bhairavi",Assam,Kamrup  (M),,26.164776,91.699757,,,"ASI monument register via Bhuvan (ISRO), collected by github.com/answerquest/asi-monuments-xml2csv"
"Monoliths ,  Kasomari Pathar",Assam,Golaghat,,26.308594,93.988143,,,"ASI monument register via Bhuvan (ISRO), collected by github.com/answerquest/asi-monuments-xml2csv"
The mound and ruimns ot the stone temple bat Parbatia,Assam,Sonitpur,Temple,26.631296,92.75764,,,"ASI monument register via Bhuvan (ISRO), collected by github.com/answerquest/asi-monuments-xml2csv"
Cachari ruins/The East Wall,Assam,Cachar,,24.939451,92.931029,,,"ASI monument register via Bhuvan (ISRO), collected by github.com/answerquest/asi-monuments-xml2csv"
Temple of Vishnu,Manipur,Bishenpur,Temple,24.62,93.759722,,,"ASI monument register via Bhuvan (ISRO), collected by github.com/answerquest/asi-monuments-xml2csv"
U-Mawthoh-dur briew,Meghalaya,jaintia Hill,,25.573889,92.216111,,,"ASI monument register via Bhuvan (ISRO), collected by github.com/answerquest/asi-monuments-xml2csv"
Megalithic bridge on the Um Kumbeh,Meghalaya,jaintia Hill,,25.21535,92.183227,,,"ASI monument register via Bhuvan (ISRO), collected by github.com/answerquest/asi-monuments-xml2csv"
"Megalithic bridge known as Thul-Um-Wi,",Meghalaya,jaintia Hill,,25.34694,92.144553,,,"ASI monument register via Bhuvan (ISRO), collected by github.com/answerquest/asi-monuments-xml2csv"
A Tank,Meghalaya,jaintia Hill,,25.178012,92.13424,,,"ASI monument register via Bhuvan (ISRO), collected by github.com/answerquest/asi-monuments-xml2csv"
"David Scott’s Monument,",Meghalaya,E. Khasi Hills,,25.273014,91.734062,,,"ASI monument register via Bhuvan (ISRO), collected by github.com/answerquest/asi-monuments-xml2csv"
"Manipur Memorial,",Meghalaya,E. Khasi Hills,,25.569918,91.88452,,,"ASI monument register via Bhuvan (ISRO), collected by github.com/answerquest/asi-monuments-xml2csv"
"Gunavati group of temples, ,",Tripura,Gomiti,,23.538109,91.502656,,,"ASI monument register via Bhuvan (ISRO), collected by github.com/answerquest/asi-monuments-xml2csv"
"Temple of Chaturdasa Devata,",Tripura,Gomiti,Temple,23.539895,91.499667,,,"ASI monument register via Bhuvan (ISRO), collected by github.com/answerquest/asi-monuments-xml2csv"
"Bhubaneswari temple,",Tripura,South Tripura,Temple,23.541517,91.504318,,,"ASI monument register via Bhuvan (ISRO), collected by github.com/answerquest/asi-monuments-xml2csv"
"Ancient mount called Thakurani Tila,",Tripura,South Tripura,,23.203611,91.591944,,,"ASI monument register via Bhuvan (ISRO), collected by github.com/answerquest/asi-monuments-xml2csv"
"Ancient Mount called Shyamsundar Ashram  Tila,",Tripura,South Tripura,,23.206238,91.603823,,,"ASI monument register via Bhuvan (ISRO), collected by github.com/answerquest/asi-monuments-xml2csv"
"Ancient Remains at Boxanagar,",Tripura,Sepahijala,,23.616358,91.166445,,,"ASI monument register via Bhuvan (ISRO), collected by github.com/answerquest/asi-monuments-xml2csv"
"Ancient Remains at Boxanagar,",Tripura,Sepahijala,,23.616111,91.165556,,,"ASI monument register via Bhuvan (ISRO), collected by github.com/answerquest/asi-monuments-xml2csv"
"Menhirs and caves at Vangchhia,",MIZORAM,Champhai,,23.201361,93.341728,,,"ASI monument register via Bhuvan (ISRO), collected by github.com/answerquest/asi-monuments-xml2csv"
26 Siva Temple,West Bengal,24 Parganas (North),Temple,22.725191,88.362549,,,"ASI monument register via Bhuvan (ISRO), collected by github.com/answerquest/asi-monuments-xml2csv"
Adina Masjid,West Bengal,Maldah,,25.152557,88.164238,,,"ASI monument register via Bhuvan (ISRO), collected by github.com/answerquest/asi-monuments-xml2csv"
Eklakhi Mausoleum,West Bengal,Maldah,Monument / Tomb,25.138704,88.154419,,,"ASI monument register via Bhuvan (ISRO), collected by github.com/answerquest/asi-monuments-xml2csv"
Qutub Sahi Masjid,West Bengal,Maldah,,25.138596,88.153404,,,"ASI monument register via Bhuvan (ISRO), collected by github.com/answerquest/asi-monuments-xml2csv"
Baraduari Masjid or the Great Golden Mosque,West Bengal,Maldah,,24.882881,88.128029,,,"ASI monument register via Bhuvan (ISRO), collected by github.com/answerquest/asi-monuments-xml2csv"
Dakhil Darwaja,West Bengal,Maldah,,24.878937,88.125107,,,"ASI monument register via Bhuvan (ISRO), collected by github.com/answerquest/asi-monuments-xml2csv"
Firoz Minar,West Bengal,Maldah,,24.873615,88.130402,,,"ASI monument register via Bhuvan (ISRO), collected by github.com/answerquest/asi-monuments-xml2csv"
Qadam Rasul Mosque,West Bengal,Maldah,,24.869076,88.131607,,,"ASI monument register via Bhuvan (ISRO), collected by github.com/answerquest/asi-monuments-xml2csv"
Lukochuri Gateway,West Bengal,Maldah,,24.868759,88.132071,,,"ASI monument register via Bhuvan (ISRO), collected by github.com/answerquest/asi-monuments-xml2csv"
Lukochuri Gateway,West Bengal,Maldah,,24.868575,88.132049,,,"ASI monument register via Bhuvan (ISRO), collected by github.com/answerquest/asi-monuments-xml2csv"
Gumti Gateway,West Bengal,Maldah,,24.867836,88.132164,,,"ASI monument register via Bhuvan (ISRO), collected by github.com/answerquest/asi-monuments-xml2csv"
Chika Mosque,West Bengal,Maldah,,24.867674,88.131508,,,"ASI monument register via Bhuvan (ISRO), collected by github.com/answerquest/asi-monuments-xml2csv"
Baisgazi Wall,West Bengal,Maldah,,24.870894,88.125992,,,"ASI monument register via Bhuvan (ISRO), collected by github.com/answerquest/asi-monuments-xml2csv"
Baisgazi Wall,West Bengal,Maldah,,24.868727,88.12722,,,"ASI monument register via Bhuvan (ISRO), collected by github.com/answerquest/asi-monuments-xml2csv"
Tantipara Masjid,West Bengal,Maldah,,24.860718,88.137146,,,"ASI monument register via Bhuvan (ISRO), collected by github.com/answerquest/asi-monuments-xml2csv"
Lottan Masjid,West Bengal,Maldah,,24.854959,88.139587,,,"ASI monument register via Bhuvan (ISRO), collected by github.com/answerquest/asi-monuments-xml2csv"
Mosque,West Bengal,Murshidabad,,24.349291,88.073112,,,"ASI monument register via Bhuvan (ISRO), collected by github.com/answerquest/asi-monuments-xml2csv"
Char Bangla Group of Four Siva Temples,West Bengal,Murshidabad,,24.251348,88.243683,,,"ASI monument register via Bhuvan (ISRO), collected by github.com/answerquest/asi-monuments-xml2csv"
"Tomb of Azimunnisa Begum, daughter of Murshid Kuli Khan",West Bengal,Murshidabad,Monument / Tomb,24.19817,88.26487,,,"ASI monument register via Bhuvan (ISRO), collected by github.com/answerquest/asi-monuments-xml2csv"
"Imambara, Killa Nizamat",West Bengal,Murshidabad,,24.188255,88.267914,,,"ASI monument register via Bhuvan (ISRO), collected by github.com/answerquest/asi-monuments-xml2csv"
"Imambara, Killa Nizamat",West Bengal,Murshidabad,,24.188347,88.269264,,,"ASI monument register via Bhuvan (ISRO), collected by github.com/answerquest/asi-monuments-xml2csv"
Hazarduari Palace & Imambara together with adjacent area,West Bengal,Murshidabad,Palace / Haveli,24.186897,88.268761,,,"ASI monument register via Bhuvan (ISRO), collected by github.com/answerquest/asi-monuments-xml2csv"
"Yellow Mosque, Killa Nizamat",West Bengal,Murshidabad,,24.186594,88.267815,,,"ASI monument register via Bhuvan (ISRO), collected by github.com/answerquest/asi-monuments-xml2csv"
"White Mosque, Killa Nizamat",West Bengal,Murshidabad,,24.181711,88.268585,,,"ASI monument register via Bhuvan (ISRO), collected by github.com/answerquest/asi-monuments-xml2csv"
"South Gate, Killa Nizamat",West Bengal,Murshidabad,,24.180542,88.269495,,,"ASI monument register via Bhuvan (ISRO), collected by github.com/answerquest/asi-monuments-xml2csv"
Tomb & Mosque of Murshid Kuli Khan,West Bengal,Murshidabad,Monument / Tomb,24.184832,88.288002,,,"ASI monument register via Bhuvan (ISRO), collected by github.com/answerquest/asi-monuments-xml2csv"
Motijhil Jama Masjid,West Bengal,Murshidabad,,24.161461,88.275581,,,"ASI monument register via Bhuvan (ISRO), collected by github.com/answerquest/asi-monuments-xml2csv"
Tomb of Alivardi Khan & the tomb of Siraj-ud-daulah,West Bengal,Murshidabad,Monument / Tomb,24.160841,88.258476,,,"ASI monument register via Bhuvan (ISRO), collected by github.com/answerquest/asi-monuments-xml2csv"
Old English Cemetery or Old Residency Burial Ground,West Bengal,Murshidabad,,24.123514,88.266472,,,"ASI monument register via Bhuvan (ISRO), collected by github.com/answerquest/asi-monuments-xml2csv"
Dutch Cemetery,West Bengal,Murshidabad,,24.123514,88.275887,,,"ASI monument register via Bhuvan (ISRO), collected by github.com/answerquest/asi-monuments-xml2csv"
Residency Cemetery also known as Station Burial ground,West Bengal,Murshidabad,,24.096828,88.264145,,,"ASI monument register via Bhuvan (ISRO), collected by github.com/answerquest/asi-monuments-xml2csv"
Mounds known as the DevilÃ¢â¬â¢s Mound and Raja KarnaÃ¢â¬â¢s Palace,West Bengal,Murshidabad,Palace / Haveli,24.029461,88.190308,,,"ASI monument register via Bhuvan (ISRO), collected by github.com/answerquest/asi-monuments-xml2csv"
Mounds known as the DevilÃ¢â¬â¢s Mound and Raja KarnaÃ¢â¬â¢s Palace,West Bengal,Murshidabad,Palace / Haveli,24.025322,88.186836,,,"ASI monument register via Bhuvan (ISRO), collected by github.com/answerquest/asi-monuments-xml2csv"
Damodar Temple,West Bengal,Birbhum,Temple,23.904009,87.532038,,,"ASI monument register via Bhuvan (ISRO), collected by github.com/answerquest/asi-monuments-xml2csv"
Temple of Radha Vinod commonly known as Joydev,West Bengal,Birbhum,Temple,23.642078,87.430519,,,"ASI monument register via Bhuvan (ISRO), collected by github.com/answerquest/asi-monuments-xml2csv"
Temple of Ichai Ghosh,West Bengal,Barddhaman,Temple,23.6094,87.451912,,,"ASI monument register via Bhuvan (ISRO), collected by github.com/answerquest/asi-monuments-xml2csv"
Ancient Site and Remains of Pandu Rajar Dhipi,West Bengal,Barddhaman,,23.581364,87.64225,,,"ASI monument register via Bhuvan (ISRO), collected by github.com/answerquest/asi-monuments-xml2csv"
Temple of Basuli and the mound with the Linga images of Shiva,West Bengal,Birbhum,Temple,23.704275,87.868225,,,"ASI monument register via Bhuvan (ISRO), collected by github.com/answerquest/asi-monuments-xml2csv"
Radha Damodar Jeu Temple,West Bengal,Bankura,Temple,23.436554,87.255089,,,"ASI monument register via Bhuvan (ISRO), collected by github.com/answerquest/asi-monuments-xml2csv"
Ratnesvara Temple,West Bengal,Bankura,Temple,23.348635,87.299828,,,"ASI monument register via Bhuvan (ISRO), collected by github.com/answerquest/asi-monuments-xml2csv"
Radha Vinod Temple,West Bengal,Bankura,Temple,23.080788,87.327721,,,"ASI monument register via Bhuvan (ISRO), collected by github.com/answerquest/asi-monuments-xml2csv"
Murali Mohan Temple,West Bengal,Bankura,Temple,23.08205,87.317738,,,"ASI monument register via Bhuvan (ISRO), collected by github.com/answerquest/asi-monuments-xml2csv"
Mallesvara Temple,West Bengal,Bankura,Temple,23.079863,87.320183,,,"ASI monument register via Bhuvan (ISRO), collected by github.com/answerquest/asi-monuments-xml2csv"
Madan Gopal Temple,West Bengal,Bankura,Temple,23.076502,87.311874,,,"ASI monument register via Bhuvan (ISRO), collected by github.com/answerquest/asi-monuments-xml2csv"
Stone Chariot,West Bengal,Bankura,,23.075417,87.326057,,,"ASI monument register via Bhuvan (ISRO), collected by github.com/answerquest/asi-monuments-xml2csv"
Small Gateway of Fort,West Bengal,Bankura,Fort,23.074741,87.325768,,,"ASI monument register via Bhuvan (ISRO), collected by github.com/answerquest/asi-monuments-xml2csv"
Gate of Old Fort,West Bengal,Bankura,Fort,23.074299,87.326233,,,"ASI monument register via Bhuvan (ISRO), collected by github.com/answerquest/asi-monuments-xml2csv"
Lalji Temple,West Bengal,Bankura,Temple,23.073364,87.32695,,,"ASI monument register via Bhuvan (ISRO), collected by github.com/answerquest/asi-monuments-xml2csv"
Radha Shyam Temple,West Bengal,Bankura,Temple,23.07246,87.326401,,,"ASI monument register via Bhuvan (ISRO), collected by github.com/answerquest/asi-monuments-xml2csv"
Jor Bangla Temple,West Bengal,Bankura,Temple,23.071709,87.32679,,,"ASI monument register via Bhuvan (ISRO), collected by github.com/answerquest/asi-monuments-xml2csv"
Shyamrai Temple,West Bengal,Bankura,Temple,23.071093,87.324066,,,"ASI monument register via Bhuvan (ISRO), collected by github.com/answerquest/asi-monuments-xml2csv"
Nanda Lal Temple,West Bengal,Bankura,Temple,23.061298,87.323006,,,"ASI monument register via Bhuvan (ISRO), collected by github.com/answerquest/asi-monuments-xml2csv"
Jormandir,West Bengal,Bankura,,23.060192,87.321907,,,"ASI monument register via Bhuvan (ISRO), collected by github.com/answerquest/asi-monuments-xml2csv"
Radha Govinda Temple,West Bengal,Bankura,Temple,23.060049,87.323181,,,"ASI monument register via Bhuvan (ISRO), collected by github.com/answerquest/asi-monuments-xml2csv"
Radha Madhav Temple,West Bengal,Bankura,Temple,23.059645,87.324623,,,"ASI monument register via Bhuvan (ISRO), collected by github.com/answerquest/asi-monuments-xml2csv"
Kalachand Temple,West Bengal,Bankura,Temple,23.059214,87.324989,,,"ASI monument register via Bhuvan (ISRO), collected by github.com/answerquest/asi-monuments-xml2csv"
Gokul chand Temple,West Bengal,Bankura,Temple,23.036949,87.461922,,,"ASI monument register via Bhuvan (ISRO), collected by github.com/answerquest/asi-monuments-xml2csv"
Shyam sundar Temple,West Bengal,Bankura,Temple,23.404341,87.396645,,,"ASI monument register via Bhuvan (ISRO), collected by github.com/answerquest/asi-monuments-xml2csv"
Ancient Mound,West Bengal,Barddhaman,,23.411757,87.446381,,,"ASI monument register via Bhuvan (ISRO), collected by github.com/answerquest/asi-monuments-xml2csv"
Sailesvara Temple,West Bengal,Bankura,Temple,23.119061,87.34742,,,"ASI monument register via Bhuvan (ISRO), collected by github.com/answerquest/asi-monuments-xml2csv"
Rasmancha,West Bengal,Bankura,,23.068235,87.322098,,,"ASI monument register via Bhuvan (ISRO), collected by github.com/answerquest/asi-monuments-xml2csv"
Maghen David Synagogue,West Bengal,Kolkata,,22.577681,88.351944,,,"ASI monument register via Bhuvan (ISRO), collected by github.com/answerquest/asi-monuments-xml2csv"
Currency Building,West Bengal,Kolkata,,22.570609,88.350599,,,"ASI monument register via Bhuvan (ISRO), collected by github.com/answerquest/asi-monuments-xml2csv"
Metcalfe Hall,West Bengal,Kolkata,,22.571604,88.344772,,,"ASI monument register via Bhuvan (ISRO), collected by github.com/answerquest/asi-monuments-xml2csv"
Beth-el-Synagogue,West Bengal,Kolkata,,22.57574,88.35224,,,"ASI monument register via Bhuvan (ISRO), collected by github.com/answerquest/asi-monuments-xml2csv"
St. John Church,West Bengal,Kolkata,,22.569904,88.345947,,,"ASI monument register via Bhuvan (ISRO), collected by github.com/answerquest/asi-monuments-xml2csv"
Old Building of the Asiatic Society,West Bengal,Kolkata,,22.554913,88.351135,,,"ASI monument register via Bhuvan (ISRO), collected by github.com/answerquest/asi-monuments-xml2csv"
CliveÃ¢â¬â¢s House,West Bengal,24 Parganas (North),,22.626685,88.41597,,,"ASI monument register via Bhuvan (ISRO), collected by github.com/answerquest/asi-monuments-xml2csv"
Temples of Bandopadhaya family,West Bengal,West Medinipur,,22.412344,87.419609,,,"ASI monument register via Bhuvan (ISRO), collected by github.com/answerquest/asi-monuments-xml2csv"
Navaratna Temple Complex and Kalachand Temple Complex,West Bengal,West Medinipur,Temple,22.409246,87.418015,,,"ASI monument register via Bhuvan (ISRO), collected by github.com/answerquest/asi-monuments-xml2csv"
Dharmaraj Temple,West Bengal,West Medinipur,Temple,22.40844,87.416092,,,"ASI monument register via Bhuvan (ISRO), collected by github.com/answerquest/asi-monuments-xml2csv"
Sitala Temple,West Bengal,West Medinipur,Temple,22.408321,87.42025,,,"ASI monument register via Bhuvan (ISRO), collected by github.com/answerquest/asi-monuments-xml2csv"
Jatar Deul,West Bengal,24 Parganas (South),,21.994453,88.489914,,,"ASI monument register via Bhuvan (ISRO), collected by github.com/answerquest/asi-monuments-xml2csv"
Old Temple at Banda,West Bengal,Puruliya,Temple,23.600842,86.564507,,,"ASI monument register via Bhuvan (ISRO), collected by github.com/answerquest/asi-monuments-xml2csv"
Group of four Ancient Temples,West Bengal,Barddhaman,,23.73564,86.813072,,,"ASI monument register via Bhuvan (ISRO), collected by github.com/answerquest/asi-monuments-xml2csv"
"Tripolia Gate, Killa Nizamat",West Bengal,Murshidabad,,24.186004,88.271169,,,"ASI monument register via Bhuvan (ISRO), collected by github.com/answerquest/asi-monuments-xml2csv"
Patpur Temple,West Bengal,Bankura,Temple,23.075016,87.337258,,,"ASI monument register via Bhuvan (ISRO), collected by github.com/answerquest/asi-monuments-xml2csv"
Stone Temple,West Bengal,Barddhaman,Temple,23.718399,86.941116,,,"ASI monument register via Bhuvan (ISRO), collected by github.com/answerquest/asi-monuments-xml2csv"
Group of Temples (12 nos. Temples),West Bengal,Barddhaman,,23.220417,88.364723,,,"ASI monument register via Bhuvan (ISRO), collected by github.com/answerquest/asi-monuments-xml2csv"
Group of Temples (12 nos. Temples),West Bengal,Barddhaman,,23.220791,88.364311,,,"ASI monument register via Bhuvan (ISRO), collected by github.com/answerquest/asi-monuments-xml2csv"
Group of Temples (12 nos. Temples),West Bengal,Barddhaman,,23.220522,88.365265,,,"ASI monument register via Bhuvan (ISRO), collected by github.com/answerquest/asi-monuments-xml2csv"
Group of Temples (12 nos. Temples),West Bengal,Barddhaman,,23.221533,88.365028,,,"ASI monument register via Bhuvan (ISRO), collected by github.com/answerquest/asi-monuments-xml2csv"
Group of temples known as Brindaban ChandraÃ¢â¬â¢s Math,West Bengal,Hugli,Temple,23.19713,88.440948,,,"ASI monument register via Bhuvan (ISRO), collected by github.com/answerquest/asi-monuments-xml2csv"
Two Ancient Temple (Joined together),West Bengal,Barddhaman,Temple,23.159758,88.247147,,,"ASI monument register via Bhuvan (ISRO), collected by github.com/answerquest/asi-monuments-xml2csv"
Minar,West Bengal,Hugli,,23.074089,88.284973,,,"ASI monument register via Bhuvan (ISRO), collected by github.com/answerquest/asi-monuments-xml2csv"
Shrine and Mosque known as Dargah of Zafar Khan Gazi,West Bengal,Hugli,Monument / Tomb,22.979588,88.400703,,,"ASI monument register via Bhuvan (ISRO), collected by github.com/answerquest/asi-monuments-xml2csv"
Hansesvari and Vasudeva Temples,West Bengal,Hugli,,22.964321,88.399811,,,"ASI monument register via Bhuvan (ISRO), collected by github.com/answerquest/asi-monuments-xml2csv"
Mosque & Tombs,West Bengal,Hugli,,22.960417,88.369797,,,"ASI monument register via Bhuvan (ISRO), collected by github.com/answerquest/asi-monuments-xml2csv"
Dutch Cemetery together with all tombs & monuments,West Bengal,Hugli,,22.890141,88.391792,,,"ASI monument register via Bhuvan (ISRO), collected by github.com/answerquest/asi-monuments-xml2csv"
Dutch Memorial monument of Susana Anna Maria,West Bengal,Hugli,,22.883499,88.380035,,,"ASI monument register via Bhuvan (ISRO), collected by github.com/answerquest/asi-monuments-xml2csv"
Dupleix Palace,West Bengal,Hugli,Palace / Haveli,22.856543,88.369194,,,"ASI monument register via Bhuvan (ISRO), collected by github.com/answerquest/asi-monuments-xml2csv"
Danish Cemetery,West Bengal,Hugli,,22.752632,88.344795,,,"ASI monument register via Bhuvan (ISRO), collected by github.com/answerquest/asi-monuments-xml2csv"
Mound known as Bamanpukur Mound of Fort,West Bengal,Nadia,Fort,23.448578,88.403152,,,"ASI monument register via Bhuvan (ISRO), collected by github.com/answerquest/asi-monuments-xml2csv"
Warren HastingÃ¢â¬â¢s House,West Bengal,24 Parganas (North),,22.722332,88.488037,,,"ASI monument register via Bhuvan (ISRO), collected by github.com/answerquest/asi-monuments-xml2csv"
ChandraketuÃ¢â¬â¢s Fort,West Bengal,24 Parganas (North),Fort,22.68115,88.68988,,,"ASI monument register via Bhuvan (ISRO), collected by github.com/answerquest/asi-monuments-xml2csv"
Temple,West Bengal,Nadia,Temple,23.058468,88.516945,,,"ASI monument register via Bhuvan (ISRO), collected by github.com/answerquest/asi-monuments-xml2csv"
Rajpat Site,West Bengal,Koch Bihar,,26.15168,89.350555,,,"ASI monument register via Bhuvan (ISRO), collected by github.com/answerquest/asi-monuments-xml2csv"
"Ancient Temple, Bahulara",West Bengal,Bankura,Temple,23.166133,87.235239,,,"ASI monument register via Bhuvan (ISRO), collected by github.com/answerquest/asi-monuments-xml2csv"
Dalmadal Gun and the platform,West Bengal,Bankura,,23.063239,87.321006,,,"ASI monument register via Bhuvan (ISRO), collected by github.com/answerquest/asi-monuments-xml2csv"
Saresvara Temple,West Bengal,Bankura,Temple,23.118986,87.347428,,,"ASI monument register via Bhuvan (ISRO), collected by github.com/answerquest/asi-monuments-xml2csv"
A Mound and a Statue of Surya,West Bengal,Bankura,,22.95,86.75,,,"ASI monument register via Bhuvan (ISRO), collected by github.com/answerquest/asi-monuments-xml2csv"
A Mound with a Jain Statue,West Bengal,Bankura,,22.95,86.75,,,"ASI monument register via Bhuvan (ISRO), collected by github.com/answerquest/asi-monuments-xml2csv"
Image of Durga slaying Mahishasura under a tree,West Bengal,Bankura,,22.958333,86.741667,,,"ASI monument register via Bhuvan (ISRO), collected by github.com/answerquest/asi-monuments-xml2csv"
Lal Masjid,Rajasthan,Alwar,,27.932983,76.864056,,,"ASI monument register via Bhuvan (ISRO), collected by github.com/answerquest/asi-monuments-xml2csv"
Temple site represented by  mound,West Bengal,Bankura,Temple,22.958333,86.741667,,,"ASI monument register via Bhuvan (ISRO), collected by github.com/answerquest/asi-monuments-xml2csv"
A Mound with an image of Nandi,West Bengal,Bankura,,22.950833,86.741667,,,"ASI monument register via Bhuvan (ISRO), collected by github.com/answerquest/asi-monuments-xml2csv"
A Mound with Statues of Ganesh and Nandi,West Bengal,Bankura,,22.958333,86.741667,,,"ASI monument register via Bhuvan (ISRO), collected by github.com/answerquest/asi-monuments-xml2csv"
Rock Inscription of Chandra Varman,West Bengal,Bankura,,23.395235,86.993424,,,"ASI monument register via Bhuvan (ISRO), collected by github.com/answerquest/asi-monuments-xml2csv"
Radha Damodar Temple,West Bengal,Bankura,Temple,23.200278,87.451047,,,"ASI monument register via Bhuvan (ISRO), collected by github.com/answerquest/asi-monuments-xml2csv"
Brindaban Chandra Temple,West Bengal,Bankura,Temple,23.200162,87.455618,,,"ASI monument register via Bhuvan (ISRO), collected by github.com/answerquest/asi-monuments-xml2csv"
Rudresvara Temple,West Bengal,Barddhaman,Temple,23.515736,87.378808,,,"ASI monument register via Bhuvan (ISRO), collected by github.com/answerquest/asi-monuments-xml2csv"
"Tomb of Baharam Sakka, Sher Afghan and Nawab Qutbuddin",West Bengal,Barddhaman,Monument / Tomb,23.234697,87.852358,,,"ASI monument register via Bhuvan (ISRO), collected by github.com/answerquest/asi-monuments-xml2csv"
Jain Brick Temple known as Sat-Deul,West Bengal,Barddhaman,Temple,23.151308,88.043894,,,"ASI monument register via Bhuvan (ISRO), collected by github.com/answerquest/asi-monuments-xml2csv"
Ancient Site,West Bengal,Barddhaman,,23.466667,87.316667,,,"ASI monument register via Bhuvan (ISRO), collected by github.com/answerquest/asi-monuments-xml2csv"
Two Mounds,West Bengal,Birbhum,,24.442659,87.865095,,,"ASI monument register via Bhuvan (ISRO), collected by github.com/answerquest/asi-monuments-xml2csv"
Temple of Dharmaraj,West Bengal,Birbhum,Temple,23.959666,87.369335,,,"ASI monument register via Bhuvan (ISRO), collected by github.com/answerquest/asi-monuments-xml2csv"
Mounds,West Bengal,Dakshin Dinajpur,,25.413317,88.530319,,,"ASI monument register via Bhuvan (ISRO), collected by github.com/answerquest/asi-monuments-xml2csv"
Dargah of Shah Ata,West Bengal,Dakshin Dinajpur,Monument / Tomb,25.401033,88.53145,,,"ASI monument register via Bhuvan (ISRO), collected by github.com/answerquest/asi-monuments-xml2csv"
Tomb of Alexander-Csoma de Koros,West Bengal,Darjiling,Monument / Tomb,27.052174,88.259612,,,"ASI monument register via Bhuvan (ISRO), collected by github.com/answerquest/asi-monuments-xml2csv"
Tomb of General Llyod,West Bengal,Darjiling,Monument / Tomb,27.052381,88.259397,,,"ASI monument register via Bhuvan (ISRO), collected by github.com/answerquest/asi-monuments-xml2csv"
Sri Mayer Ghat,West Bengal,Haora,,22.63192,88.357479,,,"ASI monument register via Bhuvan (ISRO), collected by github.com/answerquest/asi-monuments-xml2csv"
Mounds,West Bengal,Hugli,,23.009267,88.261117,,,"ASI monument register via Bhuvan (ISRO), collected by github.com/answerquest/asi-monuments-xml2csv"
Mosque,West Bengal,Hugli,,23.074044,88.284603,,,"ASI monument register via Bhuvan (ISRO), collected by github.com/answerquest/asi-monuments-xml2csv"
Koch Bihar Palace,West Bengal,Koch Bihar,Palace / Haveli,26.326908,89.438478,,,"ASI monument register via Bhuvan (ISRO), collected by github.com/answerquest/asi-monuments-xml2csv"
Bhita of Chand Sadagar,West Bengal,Maldah,,24.866472,88.142369,,,"ASI monument register via Bhuvan (ISRO), collected by github.com/answerquest/asi-monuments-xml2csv"
Chamkatti Masjid,West Bengal,Maldah,,24.870253,88.135689,,,"ASI monument register via Bhuvan (ISRO), collected by github.com/answerquest/asi-monuments-xml2csv"
Gunamant Mosque,West Bengal,Maldah,,24.851412,88.131228,,,"ASI monument register via Bhuvan (ISRO), collected by github.com/answerquest/asi-monuments-xml2csv"
Kotwali Darwaja,West Bengal,Maldah,,24.842478,88.141097,,,"ASI monument register via Bhuvan (ISRO), collected by github.com/answerquest/asi-monuments-xml2csv"
Tomb of Fath Khan,West Bengal,Maldah,Monument / Tomb,24.868945,88.131632,,,"ASI monument register via Bhuvan (ISRO), collected by github.com/answerquest/asi-monuments-xml2csv"
Two Stone Pillars,West Bengal,Maldah,,24.909875,88.133334,,,"ASI monument register via Bhuvan (ISRO), collected by github.com/answerquest/asi-monuments-xml2csv"
Two tombs in front of Tantipara Masjid,West Bengal,Maldah,,24.86065,88.137042,,,"ASI monument register via Bhuvan (ISRO), collected by github.com/answerquest/asi-monuments-xml2csv"
Tower of Nimasarai,West Bengal,Maldah,,25.039519,88.13105,,,"ASI monument register via Bhuvan (ISRO), collected by github.com/answerquest/asi-monuments-xml2csv"
Bhabanisvar Mandir,West Bengal,Murshidabad,Temple,24.251981,88.243186,,,"ASI monument register via Bhuvan (ISRO), collected by github.com/answerquest/asi-monuments-xml2csv"
"Nilkuthi Mound Mouza Chak, Chandpara",West Bengal,Murshidabad,,24.01895,88.192508,,,"ASI monument register via Bhuvan (ISRO), collected by github.com/answerquest/asi-monuments-xml2csv"
Tomb of Mirmadan,West Bengal,Murshidabad,Monument / Tomb,23.846883,88.231468,,,"ASI monument register via Bhuvan (ISRO), collected by github.com/answerquest/asi-monuments-xml2csv"
Mound known as Barkona Deul Mound,West Bengal,Murshidabad,,23.898594,87.997222,,,"ASI monument register via Bhuvan (ISRO), collected by github.com/answerquest/asi-monuments-xml2csv"
Tomb of Sujauddin,West Bengal,Murshidabad,Monument / Tomb,24.185642,88.264072,,,"ASI monument register via Bhuvan (ISRO), collected by github.com/answerquest/asi-monuments-xml2csv"
Jahan Kosha Gun,West Bengal,Murshidabad,,24.177543,88.293288,,,"ASI monument register via Bhuvan (ISRO), collected by github.com/answerquest/asi-monuments-xml2csv"
Tamluk Rajbati,West Bengal,Purba Medinipur,,22.297788,87.921318,,,"ASI monument register via Bhuvan (ISRO), collected by github.com/answerquest/asi-monuments-xml2csv"
Kurumbera Fort,West Bengal,West Medinipur,Fort,22.087567,87.255022,,,"ASI monument register via Bhuvan (ISRO), collected by github.com/answerquest/asi-monuments-xml2csv"
John PearceÃ¢â¬â¢s Tomb,West Bengal,West Medinipur,Monument / Tomb,22.410344,87.313667,,,"ASI monument register via Bhuvan (ISRO), collected by github.com/answerquest/asi-monuments-xml2csv"
Ancient Mound known as Varahamihirer Dhipi,West Bengal,24 Parganas (North),,22.697497,88.688458,,,"ASI monument register via Bhuvan (ISRO), collected by github.com/answerquest/asi-monuments-xml2csv"
Madan Mohan Temple,West Bengal,Bankura,Temple,23.080697,87.323597,,,"ASI monument register via Bhuvan (ISRO), collected by github.com/answerquest/asi-monuments-xml2csv"
Kotwali Darwaja,West Bengal,Maldah,,24.842588,88.141397,,,"ASI monument register via Bhuvan (ISRO), collected by github.com/answerquest/asi-monuments-xml2csv"
Group of Temples (12 nos. Temples),West Bengal,Barddhaman,,23.225622,88.359172,,,"ASI monument register via Bhuvan (ISRO), collected by github.com/answerquest/asi-monuments-xml2csv"
Ancient Site,Rajasthan,Alwar,,27.095797,76.287672,,,"ASI monument register via Bhuvan (ISRO), collected by github.com/answerquest/asi-monuments-xml2csv"
Siva Temple,Rajasthan,Alwar,Temple,27.247292,76.351892,,,"ASI monument register via Bhuvan (ISRO), collected by github.com/answerquest/asi-monuments-xml2csv"
Ancient Remains,Rajasthan,Alwar,,27.319277,76.436077,,,"ASI monument register via Bhuvan (ISRO), collected by github.com/answerquest/asi-monuments-xml2csv"
"Ganesh Temple, Ruins of Temples",Rajasthan,Baran,Temple,24.867908,76.672892,,,"ASI monument register via Bhuvan (ISRO), collected by github.com/answerquest/asi-monuments-xml2csv"
Ancient Ruins and Structural Remains,Rajasthan,Baran,,25.038825,76.734094,,,"ASI monument register via Bhuvan (ISRO), collected by github.com/answerquest/asi-monuments-xml2csv"
Old Temple Statues and Inscriptions,Rajasthan,Baran,Temple,24.706989,76.541211,,,"ASI monument register via Bhuvan (ISRO), collected by github.com/answerquest/asi-monuments-xml2csv"
Akbars Chhatri,Rajasthan,Bharatpur,,26.901943,77.289226,,,"ASI monument register via Bhuvan (ISRO), collected by github.com/answerquest/asi-monuments-xml2csv"
Ancient Fort,Rajasthan,Bharatpur,Fort,26.884467,77.244897,,,"ASI monument register via Bhuvan (ISRO), collected by github.com/answerquest/asi-monuments-xml2csv"
Jahangirs Gateway,Rajasthan,Bharatpur,,26.908256,77.289375,,,"ASI monument register via Bhuvan (ISRO), collected by github.com/answerquest/asi-monuments-xml2csv"
Jhajri,Rajasthan,Bharatpur,,26.90128,77.288772,,,"ASI monument register via Bhuvan (ISRO), collected by github.com/answerquest/asi-monuments-xml2csv"
Lodhis Minar,Rajasthan,Bharatpur,,26.90654,77.286167,,,"ASI monument register via Bhuvan (ISRO), collected by github.com/answerquest/asi-monuments-xml2csv"
Saraj Sad-ul-lah,Rajasthan,Bharatpur,,26.903294,77.289628,,,"ASI monument register via Bhuvan (ISRO), collected by github.com/answerquest/asi-monuments-xml2csv"
Usa Mandir,Rajasthan,Bharatpur,Temple,26.906231,77.285906,,,"ASI monument register via Bhuvan (ISRO), collected by github.com/answerquest/asi-monuments-xml2csv"
Delhi Gate out side the fort,Rajasthan,Bharatpur,Fort,27.224122,77.492526,,,"ASI monument register via Bhuvan (ISRO), collected by github.com/answerquest/asi-monuments-xml2csv"
Fateh Burj near Anah Gate,Rajasthan,Bharatpur,,27.211685,77.482927,,,"ASI monument register via Bhuvan (ISRO), collected by github.com/answerquest/asi-monuments-xml2csv"
Chowburja and Ashtadhatu gates,Rajasthan,Bharatpur,,27.218567,77.492939,,,"ASI monument register via Bhuvan (ISRO), collected by github.com/answerquest/asi-monuments-xml2csv"
Jawahar Burj and Ashtadhatu Gateway,Rajasthan,Bharatpur,,27.222941,77.494356,,,"ASI monument register via Bhuvan (ISRO), collected by github.com/answerquest/asi-monuments-xml2csv"
Moat surrounding the fort wall,Rajasthan,Bharatpur,Fort,27.221806,77.491694,,,"ASI monument register via Bhuvan (ISRO), collected by github.com/answerquest/asi-monuments-xml2csv"
Idgah,Rajasthan,Bharatpur,,26.919048,77.316691,,,"ASI monument register via Bhuvan (ISRO), collected by github.com/answerquest/asi-monuments-xml2csv"
Islam Shahs gate,Rajasthan,Bharatpur,,26.9254,77.324033,,,"ASI monument register via Bhuvan (ISRO), collected by github.com/answerquest/asi-monuments-xml2csv"
Deeg Bhawans,Rajasthan,Bharatpur,,27.472204,77.323856,,,"ASI monument register via Bhuvan (ISRO), collected by github.com/answerquest/asi-monuments-xml2csv"
Looted Gun,Rajasthan,Bharatpur,,27.471403,77.328653,,,"ASI monument register via Bhuvan (ISRO), collected by github.com/answerquest/asi-monuments-xml2csv"
Marble Jhoola,Rajasthan,Bharatpur,,27.472204,77.323856,,,"ASI monument register via Bhuvan (ISRO), collected by github.com/answerquest/asi-monuments-xml2csv"
Chaurasi Khamba Temple,Rajasthan,Bharatpur,Temple,27.651133,77.265744,,,"ASI monument register via Bhuvan (ISRO), collected by github.com/answerquest/asi-monuments-xml2csv"
Ancient Mound,Rajasthan,Bharatpur,,27.186933,77.493983,,,"ASI monument register via Bhuvan (ISRO), collected by github.com/answerquest/asi-monuments-xml2csv"
Ancient Mound,Rajasthan,Bharatpur,,27.209781,77.547581,,,"ASI monument register via Bhuvan (ISRO), collected by github.com/answerquest/asi-monuments-xml2csv"
Colossal Image of Yaksha,Rajasthan,Bharatpur,,27.213867,77.548069,,,"ASI monument register via Bhuvan (ISRO), collected by github.com/answerquest/asi-monuments-xml2csv"
Lal Mahal,Rajasthan,Bharatpur,Palace / Haveli,26.992217,77.589408,,,"ASI monument register via Bhuvan (ISRO), collected by github.com/answerquest/asi-monuments-xml2csv"
Mahakal and two other temples,Rajasthan,Bhilwara,,25.156658,75.328019,,,"ASI monument register via Bhuvan (ISRO), collected by github.com/answerquest/asi-monuments-xml2csv"
Rock Inscription (12th century),Rajasthan,Bhilwara,,25.151116,75.338234,,,"ASI monument register via Bhuvan (ISRO), collected by github.com/answerquest/asi-monuments-xml2csv"
Rock Inscription Parasvanath Temple,Rajasthan,Bhilwara,Temple,25.150513,75.337545,,,"ASI monument register via Bhuvan (ISRO), collected by github.com/answerquest/asi-monuments-xml2csv"
Ancient Temple Kaner-ki-Putli,Rajasthan,Bhilwara,Temple,25.134039,75.211917,,,"ASI monument register via Bhuvan (ISRO), collected by github.com/answerquest/asi-monuments-xml2csv"
Wall Paintings of Hardoti School,Rajasthan,Bundi,,25.448865,75.635722,,,"ASI monument register via Bhuvan (ISRO), collected by github.com/answerquest/asi-monuments-xml2csv"
Ancient Mound,Rajasthan,Bundi,,25.287089,75.944464,,,"ASI monument register via Bhuvan (ISRO), collected by github.com/answerquest/asi-monuments-xml2csv"
Ancient Mound,Rajasthan,Bundi,,25.765833,75.853889,,,"ASI monument register via Bhuvan (ISRO), collected by github.com/answerquest/asi-monuments-xml2csv"
Ancient Mound,Rajasthan,Dausa,,27.007397,76.609253,,,"ASI monument register via Bhuvan (ISRO), collected by github.com/answerquest/asi-monuments-xml2csv"
Baori,Rajasthan,Dausa,,27.007292,76.606392,,,"ASI monument register via Bhuvan (ISRO), collected by github.com/answerquest/asi-monuments-xml2csv"
Harsat Mata-ka-Mandir,Rajasthan,Dausa,Temple,27.007589,76.605108,,,"ASI monument register via Bhuvan (ISRO), collected by github.com/answerquest/asi-monuments-xml2csv"
Banjaron-ki-Chhatri,Rajasthan,Dausa,,26.561967,76.326317,,,"ASI monument register via Bhuvan (ISRO), collected by github.com/answerquest/asi-monuments-xml2csv"
Ancient Mound,Rajasthan,Dausa,,26.940294,76.318278,,,"ASI monument register via Bhuvan (ISRO), collected by github.com/answerquest/asi-monuments-xml2csv"
Ancient Mound,Rajasthan,Dausa,,26.846797,76.374153,,,"ASI monument register via Bhuvan (ISRO), collected by github.com/answerquest/asi-monuments-xml2csv"
Ancient Mound,Rajasthan,Dausa,,26.919175,76.686094,,,"ASI monument register via Bhuvan (ISRO), collected by github.com/answerquest/asi-monuments-xml2csv"
Baburs Garden,Rajasthan,Dholpur,,26.692553,77.866103,,,"ASI monument register via Bhuvan (ISRO), collected by github.com/answerquest/asi-monuments-xml2csv"
Jogni-Jogna Temple,Rajasthan,Dholpur,Temple,26.493882,77.582249,,,"ASI monument register via Bhuvan (ISRO), collected by github.com/answerquest/asi-monuments-xml2csv"
Shergarh Fort,Rajasthan,Dholpur,Fort,26.669911,77.902575,,,"ASI monument register via Bhuvan (ISRO), collected by github.com/answerquest/asi-monuments-xml2csv"
Jama Masjid,Rajasthan,Jaipur,,26.988881,75.856364,,,"ASI monument register via Bhuvan (ISRO), collected by github.com/answerquest/asi-monuments-xml2csv"
Laxmi Narainjis Temple,Rajasthan,Jaipur,Temple,26.987956,75.855617,,,"ASI monument register via Bhuvan (ISRO), collected by github.com/answerquest/asi-monuments-xml2csv"
Sri Jagat Siromanijis Temple,Rajasthan,Jaipur,Temple,26.988856,75.851183,,,"ASI monument register via Bhuvan (ISRO), collected by github.com/answerquest/asi-monuments-xml2csv"
Sun Temple,Rajasthan,Jaipur,Temple,26.989821,75.849879,,,"ASI monument register via Bhuvan (ISRO), collected by github.com/answerquest/asi-monuments-xml2csv"
Excavated site,Rajasthan,Jaipur,,27.417047,76.162375,,,"ASI monument register via Bhuvan (ISRO), collected by github.com/answerquest/asi-monuments-xml2csv"
Punderikji-ki-Haveli,Rajasthan,Jaipur,Palace / Haveli,26.936678,75.824936,,,"ASI monument register via Bhuvan (ISRO), collected by github.com/answerquest/asi-monuments-xml2csv"
Temple  Fresco Paintings,Rajasthan,Jaipur,Temple,26.916942,75.858476,,,"ASI monument register via Bhuvan (ISRO), collected by github.com/answerquest/asi-monuments-xml2csv"
Excavated site,Rajasthan,Jaipur,,26.853406,75.197697,,,"ASI monument register via Bhuvan (ISRO), collected by github.com/answerquest/asi-monuments-xml2csv"
Fortresss Medhaji-ka-Mahal,Rajasthan,Jaipur,Palace / Haveli,27.026108,76.008583,,,"ASI monument register via Bhuvan (ISRO), collected by github.com/answerquest/asi-monuments-xml2csv"
Buddhist Caves and Pillars,Rajasthan,Jhalawar,,24.062056,75.893947,,,"ASI monument register via Bhuvan (ISRO), collected by github.com/answerquest/asi-monuments-xml2csv"
Caves of Niranjani etc.,Rajasthan,Jhalawar,,23.926912,75.838031,,,"ASI monument register via Bhuvan (ISRO), collected by github.com/answerquest/asi-monuments-xml2csv"
Ancient Ruins (Dalsagar/Gangadhar),Rajasthan,Jhalawar,,23.959617,75.63837,,,"ASI monument register via Bhuvan (ISRO), collected by github.com/answerquest/asi-monuments-xml2csv"
Ancient Ruins,Rajasthan,Jhalawar,,23.870734,75.786522,,,"ASI monument register via Bhuvan (ISRO), collected by github.com/answerquest/asi-monuments-xml2csv"
Buddhist Caves,Rajasthan,Jhalawar,,24.110945,75.864582,,,"ASI monument register via Bhuvan (ISRO), collected by github.com/answerquest/asi-monuments-xml2csv"
Old Temples  Chandrabhaga,Rajasthan,Jhalawar,,24.529528,76.177564,,,"ASI monument register via Bhuvan (ISRO), collected by github.com/answerquest/asi-monuments-xml2csv"
"Buddhist Caves, Pillars, Idols",Rajasthan,Jhalawar,,24.011261,75.847414,,,"ASI monument register via Bhuvan (ISRO), collected by github.com/answerquest/asi-monuments-xml2csv"
Palace of Maharaja GopalLal,Rajasthan,Karauli,Palace / Haveli,26.4958,77.029656,,,"ASI monument register via Bhuvan (ISRO), collected by github.com/answerquest/asi-monuments-xml2csv"
Siva Temple,Rajasthan,Kota,Temple,25.094356,76.123272,,,"ASI monument register via Bhuvan (ISRO), collected by github.com/answerquest/asi-monuments-xml2csv"
"Temple, Fortwall and Statues",Rajasthan,Kota,Temple,24.815608,75.986647,,,"ASI monument register via Bhuvan (ISRO), collected by github.com/answerquest/asi-monuments-xml2csv"
Temple with Inscription,Rajasthan,Kota,Temple,25.144739,75.882622,,,"ASI monument register via Bhuvan (ISRO), collected by github.com/answerquest/asi-monuments-xml2csv"
Ranthambhor Fort,Rajasthan,Sawai Madhopur,Fort,26.019242,76.455178,,,"ASI monument register via Bhuvan (ISRO), collected by github.com/answerquest/asi-monuments-xml2csv"
Jain Temple,Rajasthan,Sawai Madhopur,Temple,26.000428,76.363911,,,"ASI monument register via Bhuvan (ISRO), collected by github.com/answerquest/asi-monuments-xml2csv"
Persian Inscription in a Baori,Rajasthan,Sawai Madhopur,,26.000353,76.366358,,,"ASI monument register via Bhuvan (ISRO), collected by github.com/answerquest/asi-monuments-xml2csv"
Harshnath Temple,Rajasthan,Sikar,Temple,27.499564,75.172183,,,"ASI monument register via Bhuvan (ISRO), collected by github.com/answerquest/asi-monuments-xml2csv"
Bisal Deojis Temple,Rajasthan,Tonk,Temple,25.92705,75.457125,,,"ASI monument register via Bhuvan (ISRO), collected by github.com/answerquest/asi-monuments-xml2csv"
Ancient Mound,Rajasthan,Tonk,,26.264272,76.105728,,,"ASI monument register via Bhuvan (ISRO), collected by github.com/answerquest/asi-monuments-xml2csv"
Ancient Mound,Rajasthan,Tonk,,26.253433,76.014861,,,"ASI monument register via Bhuvan (ISRO), collected by github.com/answerquest/asi-monuments-xml2csv"
Devapura Barodia Mounds,Rajasthan,Tonk,,26.330517,76.000547,,,"ASI monument register via Bhuvan (ISRO), collected by github.com/answerquest/asi-monuments-xml2csv"
Hathi Bhata,Rajasthan,Tonk,,25.993219,75.923983,,,"ASI monument register via Bhuvan (ISRO), collected by github.com/answerquest/asi-monuments-xml2csv"
Ancient Mound,Rajasthan,Tonk,,25.902533,75.842417,,,"ASI monument register via Bhuvan (ISRO), collected by github.com/answerquest/asi-monuments-xml2csv"
Excavated Site,Rajasthan,Tonk,,25.898358,75.838828,,,"ASI monument register via Bhuvan (ISRO), collected by github.com/answerquest/asi-monuments-xml2csv"
Mand Kila Tal Inscription,Rajasthan,Tonk,,25.907255,75.843332,,,"ASI monument register via Bhuvan (ISRO), collected by github.com/answerquest/asi-monuments-xml2csv"
Yupa Pillars in Bichpuria Temple,Rajasthan,Tonk,Temple,25.891726,75.845062,,,"ASI monument register via Bhuvan (ISRO), collected by github.com/answerquest/asi-monuments-xml2csv"
Inscription,Rajasthan,Tonk,,25.781589,75.443242,,,"ASI monument register via Bhuvan (ISRO), collected by github.com/answerquest/asi-monuments-xml2csv"
Excavated site,Rajasthan,Tonk,,26.325769,76.137014,,,"ASI monument register via Bhuvan (ISRO), collected by github.com/answerquest/asi-monuments-xml2csv"
Kala Pahar Temple,Rajasthan,Tonk,Temple,26.023639,75.485467,,,"ASI monument register via Bhuvan (ISRO), collected by github.com/answerquest/asi-monuments-xml2csv"
Kalyanraijis Temple,Rajasthan,Tonk,Temple,26.025872,75.486142,,,"ASI monument register via Bhuvan (ISRO), collected by github.com/answerquest/asi-monuments-xml2csv"
Laxmi Narainjis Temple,Rajasthan,Tonk,Temple,26.024639,75.485589,,,"ASI monument register via Bhuvan (ISRO), collected by github.com/answerquest/asi-monuments-xml2csv"
Hadi-Rani-ka-Kund,Rajasthan,Tonk,,26.020342,75.478447,,,"ASI monument register via Bhuvan (ISRO), collected by github.com/answerquest/asi-monuments-xml2csv"
Pipajis Temple,Rajasthan,Tonk,Temple,26.021858,75.487356,,,"ASI monument register via Bhuvan (ISRO), collected by github.com/answerquest/asi-monuments-xml2csv"
"Chhanari Temple, Ruins of Temples",Rajasthan,Baran,Temple,24.866995,76.674343,,,"ASI monument register via Bhuvan (ISRO), collected by github.com/answerquest/asi-monuments-xml2csv"
"Panihari Temple, Ruins of Temples",Rajasthan,Baran,Temple,24.869265,76.669543,,,"ASI monument register via Bhuvan (ISRO), collected by github.com/answerquest/asi-monuments-xml2csv"
"Gadgach Temple, Ruins of Temples",Rajasthan,Baran,Temple,24.871712,76.667247,,,"ASI monument register via Bhuvan (ISRO), collected by github.com/answerquest/asi-monuments-xml2csv"
"Gadhi Temple, Ruins of Temples",Rajasthan,Baran,Temple,24.872605,76.669332,,,"ASI monument register via Bhuvan (ISRO), collected by github.com/answerquest/asi-monuments-xml2csv"
"Lal Bihari Temple, Ruins of Temples",Rajasthan,Baran,Temple,24.87423,76.669485,,,"ASI monument register via Bhuvan (ISRO), collected by github.com/answerquest/asi-monuments-xml2csv"
"Phool Devra Temple, Ruins of Temples",Rajasthan,Baran,Temple,24.876071,76.6697,,,"ASI monument register via Bhuvan (ISRO), collected by github.com/answerquest/asi-monuments-xml2csv"
"Sardev Mata ji ka Temple, Ruins of Temples",Rajasthan,Baran,Temple,24.875381,76.660171,,,"ASI monument register via Bhuvan (ISRO), collected by github.com/answerquest/asi-monuments-xml2csv"
"Naga Dev, Ruins of Temples",Rajasthan,Baran,,24.872191,76.672252,,,"ASI monument register via Bhuvan (ISRO), collected by github.com/answerquest/asi-monuments-xml2csv"
Mounds known as the Devilâ€™s Mound and Raja Karnaâ€™s Palace,Sikkim,Murshidabad,Palace / Haveli,24.029461,88.190308,,,"ASI monument register via Bhuvan (ISRO), collected by github.com/answerquest/asi-monuments-xml2csv"
Mounds known as the Devilâ€™s Mound and Raja Karnaâ€™s Palace,Sikkim,Murshidabad,Palace / Haveli,24.025322,88.186836,,,"ASI monument register via Bhuvan (ISRO), collected by github.com/answerquest/asi-monuments-xml2csv"
Dubdi Monastery,Sikkim,yuksam,,27.366821,88.229958,,,"ASI monument register via Bhuvan (ISRO), collected by github.com/answerquest/asi-monuments-xml2csv"
Cliveâ€™s House,Sikkim,24 Parganas (North),,22.626685,88.41597,,,"ASI monument register via Bhuvan (ISRO), collected by github.com/answerquest/asi-monuments-xml2csv"
Group of temples known as Brindaban Chandraâ€™s Math,Sikkim,Hugli,Temple,23.19713,88.440948,,,"ASI monument register via Bhuvan (ISRO), collected by github.com/answerquest/asi-monuments-xml2csv"
Warren Hastingâ€™s House,Sikkim,24 Parganas (North),,22.722332,88.488037,,,"ASI monument register via Bhuvan (ISRO), collected by github.com/answerquest/asi-monuments-xml2csv"
Chandraketuâ€™s Fort,Sikkim,24 Parganas (North),Fort,22.68115,88.68988,,,"ASI monument register via Bhuvan (ISRO), collected by github.com/answerquest/asi-monuments-xml2csv"
John Pearceâ€™s Tomb,Sikkim,West Medinipur,Monument / Tomb,22.410344,87.313667,,,"ASI monument register via Bhuvan (ISRO), collected by github.com/answerquest/asi-monuments-xml2csv"
Rabdentse site of ancient capital of Sikkim,Sikkim,west sikkim,,27.301925,88.25643,,,"ASI monument register via Bhuvan (ISRO), collected by github.com/answerquest/asi-monuments-xml2csv"
Coronation Throne of Norbugang near Yuksam,Sikkim,yuksam,,27.370438,88.216777,,,"ASI monument register via Bhuvan (ISRO), collected by github.com/answerquest/asi-monuments-xml2csv"
